alert_id,soc_id,timestamp,severity,asset_id,asset_criticality,alert_type,detection_rule,status,assigned_analyst
ALT-000015,SOC-ALPHA,2026-09-03 09:09:00,High,AST-0015,Critical,DET-T1078-Valid_Accounts_75,RUL-075,Closed,ANL-018
ALT-000018,SOC-ALPHA,2026-08-05 07:59:00,High,AST-0081,High,DET-T1059-Command_and_Scripting_Interpreter_31,RUL-031,Closed,ANL-009
ALT-000027,SOC-ALPHA,2026-07-29 21:55:00,Critical,AST-0180,Medium,DET-T1110-Brute_Force_83,RUL-083,Closed,ANL-017
ALT-000033,SOC-ALPHA,2026-08-30 16:28:00,Medium,AST-0110,High,DET-T1046-Network_Service_Discovery_66,RUL-066,Closed,ANL-016
ALT-000052,SOC-ALPHA,2026-06-15 06:05:00,High,AST-0063,High,DET-T1567-Exfiltration_Over_Web_Service_40,RUL-040,Closed,ANL-022
ALT-000053,SOC-ALPHA,2026-07-21 16:07:00,Medium,AST-0162,High,DET-T1059-Command_and_Scripting_Interpreter_16,RUL-016,Under Review,ANL-018
ALT-000094,SOC-ALPHA,2026-08-24 18:06:00,Low,AST-0059,High,DET-T1070-Indicator_Removal_on_Host_84,RUL-084,Closed,ANL-021
ALT-000110,SOC-ALPHA,2026-06-21 22:22:00,Medium,AST-0159,High,DET-T1078-Valid_Accounts_60,RUL-060,Closed,ANL-015
ALT-000121,SOC-ALPHA,2026-08-26 12:29:00,Low,AST-0399,Low,DET-T1021-Remote_Services_49,RUL-049,Closed,ANL-017
ALT-000150,SOC-ALPHA,2026-06-30 10:20:00,High,AST-0116,High,DET-T1566-Phishing_32,RUL-032,Closed,ANL-005
ALT-000180,SOC-ALPHA,2026-08-16 01:52:00,High,AST-0040,Critical,DET-T1046-Network_Service_Discovery_36,RUL-036,Closed,ANL-007
ALT-000185,SOC-ALPHA,2026-09-01 03:15:00,Low,AST-0154,High,DET-T1059-Command_and_Scripting_Interpreter_91,RUL-091,Closed,ANL-005
ALT-000197,SOC-ALPHA,2026-09-01 13:03:00,Medium,AST-0360,Medium,DET-T1562-Impair_Defenses_22,RUL-022,Closed,ANL-003
ALT-000212,SOC-ALPHA,2026-08-12 16:44:00,Low,AST-0275,Medium,DET-T1566-Phishing_77,RUL-077,Closed,ANL-021
ALT-000215,SOC-ALPHA,2026-08-05 18:04:00,High,AST-0059,High,DET-T1053-Scheduled_Task/Job_03,RUL-003,Closed,ANL-011
ALT-000221,SOC-ALPHA,2026-09-04 06:26:00,Medium,AST-0228,Medium,DET-T1053-Scheduled_Task/Job_63,RUL-063,Closed,ANL-006
ALT-000230,SOC-ALPHA,2026-07-28 03:20:00,Low,AST-0173,Medium,DET-T1486-Data_Encrypted_for_Impact_71,RUL-071,Closed,ANL-019
ALT-000241,SOC-ALPHA,2026-07-14 12:47:00,Medium,AST-0331,Medium,DET-T1562-Impair_Defenses_07,RUL-007,Closed,ANL-008
ALT-000257,SOC-ALPHA,2026-07-04 15:15:00,High,AST-0475,Low,DET-T1046-Network_Service_Discovery_51,RUL-051,Closed,ANL-011
ALT-000264,SOC-ALPHA,2026-08-01 16:31:00,Medium,AST-0282,Medium,DET-T1566-Phishing_62,RUL-062,Closed,ANL-002
ALT-000271,SOC-ALPHA,2026-08-06 13:03:00,Critical,AST-0037,Critical,DET-T1567-Exfiltration_Over_Web_Service_100,RUL-100,Closed,ANL-004
ALT-000292,SOC-ALPHA,2026-09-06 12:25:00,Medium,AST-0064,High,DET-T1090-Proxy_88,RUL-088,Closed,ANL-001
ALT-000299,SOC-ALPHA,2026-07-20 06:43:00,Medium,AST-0402,Low,DET-T1059-Command_and_Scripting_Interpreter_61,RUL-061,Closed,ANL-022
ALT-000316,SOC-ALPHA,2026-09-01 22:51:00,Medium,AST-0454,Low,DET-T1562-Impair_Defenses_22,RUL-022,Closed,ANL-004
ALT-000319,SOC-ALPHA,2026-08-17 00:09:00,Low,AST-0286,Medium,DET-T1021-Remote_Services_79,RUL-079,Closed,ANL-002
ALT-000322,SOC-ALPHA,2026-08-05 06:07:00,Low,AST-0382,Low,DET-T1070-Indicator_Removal_on_Host_84,RUL-084,Closed,ANL-001
ALT-000352,SOC-ALPHA,2026-09-07 19:09:00,High,AST-0065,High,DET-T1567-Exfiltration_Over_Web_Service_25,RUL-025,Closed,ANL-004
ALT-000355,SOC-ALPHA,2026-08-25 18:17:00,Low,AST-0069,High,DET-T1055-Process_Injection_87,RUL-087,Closed,ANL-011
ALT-000367,SOC-ALPHA,2026-08-28 17:38:00,Medium,AST-0118,High,DET-T1021-Remote_Services_49,RUL-049,Closed,ANL-013
ALT-000403,SOC-ALPHA,2026-07-16 07:29:00,Medium,AST-0049,Critical,DET-T1562-Impair_Defenses_67,RUL-067,Under Review,ANL-022
ALT-000430,SOC-ALPHA,2026-08-23 14:23:00,High,AST-0153,High,DET-T1070-Indicator_Removal_on_Host_84,RUL-084,Closed,ANL-001
ALT-000433,SOC-ALPHA,2026-06-15 11:24:00,Medium,AST-0340,Medium,DET-T1110-Brute_Force_68,RUL-068,Closed,ANL-002
ALT-000444,SOC-ALPHA,2026-09-04 04:30:00,High,AST-0009,Critical,DET-T1110-Brute_Force_53,RUL-053,Closed,ANL-001
ALT-000458,SOC-ALPHA,2026-07-26 15:33:00,Medium,AST-0320,Medium,DET-T1059-Command_and_Scripting_Interpreter_46,RUL-046,Closed,ANL-005
ALT-000462,SOC-ALPHA,2026-07-01 18:43:00,High,AST-0146,High,DET-T1021-Remote_Services_79,RUL-079,Closed,ANL-001
ALT-000464,SOC-ALPHA,2026-06-21 21:53:00,Medium,AST-0290,Medium,DET-T1053-Scheduled_Task/Job_93,RUL-093,Closed,ANL-022
ALT-000479,SOC-ALPHA,2026-09-03 09:07:00,Medium,AST-0238,Medium,DET-T1055-Process_Injection_42,RUL-042,Closed,ANL-018
ALT-000491,SOC-ALPHA,2026-08-27 13:23:00,Low,AST-0134,High,DET-T1078-Valid_Accounts_90,RUL-090,Closed,ANL-008
ALT-000565,SOC-ALPHA,2026-09-04 00:32:00,High,AST-0139,High,DET-T1567-Exfiltration_Over_Web_Service_70,RUL-070,Under Review,ANL-001
ALT-000574,SOC-ALPHA,2026-08-25 05:42:00,Medium,AST-0103,High,DET-T1070-Indicator_Removal_on_Host_54,RUL-054,Closed,ANL-013
ALT-000643,SOC-ALPHA,2026-07-02 11:44:00,High,AST-0041,Critical,DET-T1055-Process_Injection_72,RUL-072,Closed,ANL-012
ALT-000658,SOC-ALPHA,2026-08-02 15:05:00,Medium,AST-0063,High,DET-T1053-Scheduled_Task/Job_18,RUL-018,Under Review,ANL-018
ALT-000677,SOC-ALPHA,2026-07-07 04:09:00,Medium,AST-0309,Medium,DET-T1190-Exploit_Public-Facing_Application_44,RUL-044,Closed,ANL-010
ALT-000706,SOC-ALPHA,2026-08-16 09:21:00,Medium,AST-0439,Low,DET-T1567-Exfiltration_Over_Web_Service_25,RUL-025,Closed,ANL-013
ALT-000745,SOC-ALPHA,2026-08-09 21:24:00,Low,AST-0381,Low,DET-T1003-OS_Credential_Dumping_95,RUL-095,Closed,ANL-013
ALT-000777,SOC-ALPHA,2026-06-13 13:45:00,Medium,AST-0274,Medium,DET-T1046-Network_Service_Discovery_96,RUL-096,Closed,ANL-012
ALT-000817,SOC-ALPHA,2026-07-19 18:44:00,Critical,AST-0053,High,DET-T1053-Scheduled_Task/Job_03,RUL-003,Closed,ANL-012
ALT-000818,SOC-ALPHA,2026-08-23 04:15:00,High,AST-0036,Critical,DET-T1059-Command_and_Scripting_Interpreter_16,RUL-016,Closed,ANL-005
ALT-000865,SOC-ALPHA,2026-08-21 06:18:00,Medium,AST-0450,Low,DET-T1110-Brute_Force_83,RUL-083,Closed,ANL-017
ALT-000870,SOC-ALPHA,2026-09-10 08:02:00,High,AST-0121,High,DET-T1090-Proxy_13,RUL-013,Closed,ANL-014
ALT-000882,SOC-ALPHA,2026-07-29 10:33:00,Medium,AST-0266,Medium,DET-T1486-Data_Encrypted_for_Impact_56,RUL-056,Closed,ANL-004
ALT-000890,SOC-ALPHA,2026-08-28 00:56:00,Medium,AST-0136,High,DET-T1055-Process_Injection_87,RUL-087,Closed,ANL-012
ALT-000953,SOC-ALPHA,2026-07-31 00:20:00,Medium,AST-0388,Low,DET-T1110-Brute_Force_23,RUL-023,Closed,ANL-005
ALT-001000,SOC-ALPHA,2026-07-08 21:34:00,Medium,AST-0360,Medium,DET-T1486-Data_Encrypted_for_Impact_56,RUL-056,Closed,ANL-012
ALT-001028,SOC-ALPHA,2026-07-31 10:46:00,Medium,AST-0424,Low,DET-T1190-Exploit_Public-Facing_Application_59,RUL-059,Closed,ANL-019
ALT-001030,SOC-ALPHA,2026-07-08 05:29:00,Low,AST-0256,Medium,DET-T1055-Process_Injection_27,RUL-027,Closed,ANL-018
ALT-001035,SOC-ALPHA,2026-07-19 11:26:00,Low,AST-0143,High,DET-T1486-Data_Encrypted_for_Impact_41,RUL-041,Closed,ANL-012
ALT-001053,SOC-ALPHA,2026-07-28 15:35:00,Low,AST-0434,Low,DET-T1003-OS_Credential_Dumping_95,RUL-095,Closed,ANL-018
ALT-001065,SOC-ALPHA,2026-08-15 08:03:00,Critical,AST-0071,High,DET-T1070-Indicator_Removal_on_Host_69,RUL-069,Closed,ANL-012
ALT-001071,SOC-ALPHA,2026-08-19 20:36:00,High,AST-0100,High,DET-T1053-Scheduled_Task/Job_03,RUL-003,Closed,ANL-001
ALT-001079,SOC-ALPHA,2026-07-09 05:26:00,High,AST-0495,Low,DET-T1003-OS_Credential_Dumping_20,RUL-020,Closed,ANL-022
ALT-001107,SOC-ALPHA,2026-08-10 19:49:00,Low,AST-0433,Low,DET-T1021-Remote_Services_64,RUL-064,Closed,ANL-003
ALT-001111,SOC-ALPHA,2026-08-20 09:54:00,High,AST-0273,Medium,DET-T1059-Command_and_Scripting_Interpreter_46,RUL-046,Closed,ANL-013
ALT-001114,SOC-ALPHA,2026-08-19 12:40:00,Medium,AST-0462,Low,DET-T1003-OS_Credential_Dumping_50,RUL-050,Closed,ANL-009
ALT-001136,SOC-ALPHA,2026-08-04 04:13:00,Low,AST-0335,Medium,DET-T1003-OS_Credential_Dumping_95,RUL-095,Closed,ANL-009
ALT-001176,SOC-ALPHA,2026-08-27 10:00:00,Low,AST-0346,Medium,DET-T1055-Process_Injection_12,RUL-012,Closed,ANL-011
ALT-001221,SOC-ALPHA,2026-07-17 16:11:00,Low,AST-0349,Medium,DET-T1567-Exfiltration_Over_Web_Service_10,RUL-010,Closed,ANL-003
ALT-001229,SOC-ALPHA,2026-06-29 15:10:00,High,AST-0485,Low,DET-T1053-Scheduled_Task/Job_78,RUL-078,Closed,ANL-019
ALT-001299,SOC-ALPHA,2026-06-21 01:31:00,Low,AST-0110,High,DET-T1070-Indicator_Removal_on_Host_69,RUL-069,Closed,ANL-022
ALT-001337,SOC-ALPHA,2026-07-10 08:01:00,Medium,AST-0322,Medium,DET-T1190-Exploit_Public-Facing_Application_74,RUL-074,Closed,ANL-001
ALT-001363,SOC-ALPHA,2026-07-23 11:37:00,Critical,AST-0127,High,DET-T1090-Proxy_28,RUL-028,Closed,ANL-005
ALT-001367,SOC-ALPHA,2026-08-22 05:58:00,Critical,AST-0055,High,DET-T1046-Network_Service_Discovery_51,RUL-051,Closed,ANL-012
ALT-001374,SOC-ALPHA,2026-08-24 16:32:00,Medium,AST-0224,Medium,DET-T1190-Exploit_Public-Facing_Application_74,RUL-074,Closed,ANL-004
ALT-001379,SOC-ALPHA,2026-06-23 09:51:00,High,AST-0005,Critical,DET-T1566-Phishing_92,RUL-092,Under Review,ANL-015
ALT-001399,SOC-ALPHA,2026-07-25 00:53:00,Critical,AST-0028,Critical,DET-T1021-Remote_Services_19,RUL-019,Closed,ANL-015
ALT-001415,SOC-ALPHA,2026-08-25 19:32:00,Medium,AST-0433,Low,DET-T1003-OS_Credential_Dumping_20,RUL-020,Closed,ANL-005
ALT-001420,SOC-ALPHA,2026-08-07 06:11:00,Medium,AST-0173,Medium,DET-T1053-Scheduled_Task/Job_93,RUL-093,Closed,ANL-016
ALT-001428,SOC-ALPHA,2026-08-05 11:02:00,Critical,AST-0039,Critical,DET-T1078-Valid_Accounts_90,RUL-090,Closed,ANL-021
ALT-001477,SOC-ALPHA,2026-07-02 05:03:00,Medium,AST-0249,Medium,DET-T1486-Data_Encrypted_for_Impact_86,RUL-086,Closed,ANL-015
ALT-001515,SOC-ALPHA,2026-08-05 06:39:00,Critical,AST-0021,Critical,DET-T1110-Brute_Force_23,RUL-023,Closed,ANL-009
ALT-001540,SOC-ALPHA,2026-08-20 11:10:00,Medium,AST-0236,Medium,DET-T1566-Phishing_02,RUL-002,Closed,ANL-017
ALT-001546,SOC-ALPHA,2026-06-13 07:48:00,Low,AST-0460,Low,DET-T1190-Exploit_Public-Facing_Application_74,RUL-074,Closed,ANL-012
ALT-001547,SOC-ALPHA,2026-08-30 00:23:00,High,AST-0031,Critical,DET-T1190-Exploit_Public-Facing_Application_59,RUL-059,Closed,ANL-016
ALT-001559,SOC-ALPHA,2026-07-02 01:26:00,Low,AST-0046,Critical,DET-T1003-OS_Credential_Dumping_80,RUL-080,Closed,ANL-017
ALT-001566,SOC-ALPHA,2026-08-08 14:22:00,Critical,AST-0082,High,DET-T1055-Process_Injection_27,RUL-027,Closed,ANL-019
ALT-001570,SOC-ALPHA,2026-08-22 14:48:00,Low,AST-0471,Low,DET-T1562-Impair_Defenses_07,RUL-007,Closed,ANL-003
ALT-001594,SOC-ALPHA,2026-07-04 00:44:00,Low,AST-0125,High,DET-T1053-Scheduled_Task/Job_48,RUL-048,Closed,ANL-007
ALT-001599,SOC-ALPHA,2026-07-29 10:04:00,Medium,AST-0201,Medium,DET-T1046-Network_Service_Discovery_21,RUL-021,Closed,ANL-005
ALT-001645,SOC-ALPHA,2026-08-12 10:08:00,Medium,AST-0195,Medium,DET-T1190-Exploit_Public-Facing_Application_29,RUL-029,Closed,ANL-011
ALT-001652,SOC-ALPHA,2026-09-08 20:22:00,High,AST-0106,High,DET-T1053-Scheduled_Task/Job_48,RUL-048,Closed,ANL-011
ALT-001671,SOC-ALPHA,2026-09-03 04:15:00,Medium,AST-0232,Medium,DET-T1190-Exploit_Public-Facing_Application_74,RUL-074,Closed,ANL-003
ALT-001673,SOC-ALPHA,2026-06-24 22:29:00,Low,AST-0442,Low,DET-T1053-Scheduled_Task/Job_63,RUL-063,Closed,ANL-010
ALT-001718,SOC-ALPHA,2026-08-23 08:35:00,Low,AST-0206,Medium,DET-T1053-Scheduled_Task/Job_48,RUL-048,Closed,ANL-006
ALT-001742,SOC-ALPHA,2026-09-06 03:21:00,Low,AST-0435,Low,DET-T1070-Indicator_Removal_on_Host_69,RUL-069,Closed,ANL-004
ALT-001768,SOC-ALPHA,2026-07-07 19:34:00,Medium,AST-0356,Medium,DET-T1070-Indicator_Removal_on_Host_84,RUL-084,Closed,ANL-006
ALT-001778,SOC-ALPHA,2026-08-21 22:16:00,Medium,AST-0220,Medium,DET-T1046-Network_Service_Discovery_66,RUL-066,Closed,ANL-022
ALT-001801,SOC-ALPHA,2026-06-12 23:32:00,Medium,AST-0215,Medium,DET-T1059-Command_and_Scripting_Interpreter_91,RUL-091,Closed,ANL-013
ALT-001813,SOC-ALPHA,2026-06-26 00:05:00,Low,AST-0017,Critical,DET-T1566-Phishing_02,RUL-002,Closed,ANL-007
ALT-001840,SOC-ALPHA,2026-07-07 01:30:00,High,AST-0022,Critical,DET-T1055-Process_Injection_42,RUL-042,Closed,ANL-020
ALT-001848,SOC-ALPHA,2026-08-27 00:27:00,Low,AST-0469,Low,DET-T1055-Process_Injection_72,RUL-072,Closed,ANL-001
ALT-001872,SOC-ALPHA,2026-08-11 19:06:00,High,AST-0015,Critical,DET-T1562-Impair_Defenses_22,RUL-022,Closed,ANL-011
ALT-001874,SOC-ALPHA,2026-08-13 04:19:00,Low,AST-0442,Low,DET-T1567-Exfiltration_Over_Web_Service_100,RUL-100,Closed,ANL-021
ALT-002043,SOC-ALPHA,2026-06-17 05:51:00,High,AST-0325,Medium,DET-T1078-Valid_Accounts_45,RUL-045,Closed,ANL-001
ALT-002064,SOC-ALPHA,2026-06-22 16:39:00,Low,AST-0214,Medium,DET-T1070-Indicator_Removal_on_Host_39,RUL-039,Closed,ANL-004
ALT-002127,SOC-ALPHA,2026-08-04 12:12:00,Critical,AST-0063,High,DET-T1190-Exploit_Public-Facing_Application_59,RUL-059,Closed,ANL-011
ALT-002171,SOC-ALPHA,2026-07-06 00:52:00,Medium,AST-0217,Medium,DET-T1566-Phishing_47,RUL-047,Closed,ANL-005
ALT-002179,SOC-ALPHA,2026-06-27 09:02:00,Low,AST-0349,Medium,DET-T1486-Data_Encrypted_for_Impact_71,RUL-071,Closed,ANL-007
ALT-002182,SOC-ALPHA,2026-07-22 01:30:00,Low,AST-0376,Low,DET-T1059-Command_and_Scripting_Interpreter_46,RUL-046,Closed,ANL-021
ALT-002213,SOC-ALPHA,2026-06-30 16:26:00,Medium,AST-0127,High,DET-T1055-Process_Injection_57,RUL-057,Closed,ANL-009
ALT-002251,SOC-ALPHA,2026-07-11 00:38:00,Medium,AST-0490,Low,DET-T1566-Phishing_47,RUL-047,Closed,ANL-012
ALT-002267,SOC-ALPHA,2026-07-29 02:00:00,Medium,AST-0295,Medium,DET-T1562-Impair_Defenses_37,RUL-037,Closed,ANL-004
ALT-002300,SOC-ALPHA,2026-06-25 18:04:00,Critical,AST-0079,High,DET-T1078-Valid_Accounts_75,RUL-075,Closed,ANL-022
ALT-002313,SOC-ALPHA,2026-08-15 08:21:00,High,AST-0029,Critical,DET-T1021-Remote_Services_49,RUL-049,Closed,ANL-015
ALT-002335,SOC-ALPHA,2026-07-04 04:35:00,High,AST-0024,Critical,DET-T1003-OS_Credential_Dumping_95,RUL-095,Closed,ANL-014
ALT-002340,SOC-ALPHA,2026-09-06 01:01:00,Medium,AST-0205,Medium,DET-T1046-Network_Service_Discovery_36,RUL-036,Closed,ANL-011
ALT-002378,SOC-ALPHA,2026-08-22 04:15:00,Low,AST-0242,Medium,DET-T1059-Command_and_Scripting_Interpreter_76,RUL-076,Closed,ANL-009
ALT-002429,SOC-ALPHA,2026-08-25 02:31:00,Medium,AST-0434,Low,DET-T1566-Phishing_62,RUL-062,Closed,ANL-022
ALT-002431,SOC-ALPHA,2026-08-11 13:08:00,High,AST-0497,Low,DET-T1090-Proxy_73,RUL-073,Closed,ANL-015
ALT-002441,SOC-ALPHA,2026-06-26 18:45:00,Low,AST-0473,Low,DET-T1046-Network_Service_Discovery_81,RUL-081,Closed,ANL-002
ALT-002458,SOC-ALPHA,2026-07-24 21:52:00,Low,AST-0499,Low,DET-T1078-Valid_Accounts_45,RUL-045,Closed,ANL-001
ALT-002465,SOC-ALPHA,2026-06-30 23:02:00,Critical,AST-0107,High,DET-T1021-Remote_Services_94,RUL-094,Closed,ANL-004
ALT-002508,SOC-ALPHA,2026-08-23 13:53:00,Critical,AST-0158,High,DET-T1021-Remote_Services_04,RUL-004,Closed,ANL-006
ALT-002513,SOC-ALPHA,2026-08-03 02:48:00,Medium,AST-0468,Low,DET-T1003-OS_Credential_Dumping_20,RUL-020,Closed,ANL-009
ALT-002520,SOC-ALPHA,2026-07-08 02:23:00,High,AST-0167,High,DET-T1110-Brute_Force_08,RUL-008,Closed,ANL-011
ALT-002528,SOC-ALPHA,2026-07-02 04:44:00,Medium,AST-0312,Medium,DET-T1059-Command_and_Scripting_Interpreter_31,RUL-031,Closed,ANL-014
ALT-002574,SOC-ALPHA,2026-06-22 00:28:00,Medium,AST-0051,High,DET-T1090-Proxy_88,RUL-088,Closed,ANL-015
ALT-002595,SOC-ALPHA,2026-09-08 01:32:00,Medium,AST-0489,Low,DET-T1003-OS_Credential_Dumping_20,RUL-020,Closed,ANL-018
ALT-002635,SOC-ALPHA,2026-07-13 09:42:00,Medium,AST-0422,Low,DET-T1190-Exploit_Public-Facing_Application_29,RUL-029,Closed,ANL-009
ALT-002644,SOC-ALPHA,2026-07-23 12:46:00,Low,AST-0256,Medium,DET-T1055-Process_Injection_12,RUL-012,Closed,ANL-013
ALT-002660,SOC-ALPHA,2026-07-17 15:06:00,Medium,AST-0078,High,DET-T1078-Valid_Accounts_30,RUL-030,Closed,ANL-014
ALT-002680,SOC-ALPHA,2026-07-24 10:24:00,Medium,AST-0131,High,DET-T1567-Exfiltration_Over_Web_Service_100,RUL-100,Closed,ANL-008
ALT-002727,SOC-ALPHA,2026-07-07 20:47:00,Low,AST-0009,Critical,DET-T1567-Exfiltration_Over_Web_Service_85,RUL-085,Closed,ANL-005
ALT-002729,SOC-ALPHA,2026-08-30 01:13:00,Medium,AST-0424,Low,DET-T1070-Indicator_Removal_on_Host_24,RUL-024,Under Review,ANL-006
ALT-002733,SOC-ALPHA,2026-06-22 06:50:00,Low,AST-0344,Medium,DET-T1053-Scheduled_Task/Job_03,RUL-003,Closed,ANL-020
ALT-002743,SOC-ALPHA,2026-08-04 18:22:00,Medium,AST-0210,Medium,DET-T1059-Command_and_Scripting_Interpreter_91,RUL-091,Closed,ANL-017
ALT-002755,SOC-ALPHA,2026-08-06 17:22:00,Medium,AST-0382,Low,DET-T1046-Network_Service_Discovery_66,RUL-066,Closed,ANL-016
ALT-002801,SOC-ALPHA,2026-07-04 13:12:00,High,AST-0126,High,DET-T1562-Impair_Defenses_52,RUL-052,Closed,ANL-004
ALT-002837,SOC-ALPHA,2026-06-16 17:07:00,High,AST-0312,Medium,DET-T1059-Command_and_Scripting_Interpreter_46,RUL-046,Closed,ANL-007
ALT-002868,SOC-ALPHA,2026-08-20 04:19:00,Medium,AST-0101,High,DET-T1021-Remote_Services_79,RUL-079,Closed,ANL-009
ALT-002906,SOC-ALPHA,2026-07-05 05:44:00,Medium,AST-0067,High,DET-T1090-Proxy_13,RUL-013,Closed,ANL-004
ALT-002991,SOC-ALPHA,2026-08-04 10:17:00,Medium,AST-0212,Medium,DET-T1078-Valid_Accounts_90,RUL-090,Closed,ANL-003
ALT-003005,SOC-ALPHA,2026-07-08 20:43:00,Low,AST-0219,Medium,DET-T1055-Process_Injection_12,RUL-012,Closed,ANL-016
ALT-003017,SOC-ALPHA,2026-07-21 04:06:00,Low,AST-0314,Medium,DET-T1059-Command_and_Scripting_Interpreter_61,RUL-061,Closed,ANL-007
ALT-003040,SOC-ALPHA,2026-06-21 00:50:00,High,AST-0170,High,DET-T1053-Scheduled_Task/Job_63,RUL-063,Closed,ANL-010
ALT-003044,SOC-ALPHA,2026-07-05 14:13:00,Medium,AST-0296,Medium,DET-T1078-Valid_Accounts_75,RUL-075,Closed,ANL-017
ALT-003053,SOC-ALPHA,2026-06-18 17:15:00,High,AST-0132,High,DET-T1566-Phishing_32,RUL-032,Closed,ANL-002
ALT-003080,SOC-ALPHA,2026-07-14 11:34:00,Low,AST-0112,High,DET-T1046-Network_Service_Discovery_06,RUL-006,Closed,ANL-001
ALT-003082,SOC-ALPHA,2026-07-31 07:52:00,High,AST-0106,High,DET-T1110-Brute_Force_68,RUL-068,Closed,ANL-010
ALT-003085,SOC-ALPHA,2026-09-08 08:16:00,Medium,AST-0046,Critical,DET-T1566-Phishing_02,RUL-002,Closed,ANL-019
ALT-003094,SOC-ALPHA,2026-07-13 19:24:00,Medium,AST-0385,Low,DET-T1021-Remote_Services_19,RUL-019,Closed,ANL-007
ALT-003139,SOC-ALPHA,2026-07-31 12:11:00,Medium,AST-0450,Low,DET-T1003-OS_Credential_Dumping_65,RUL-065,Closed,ANL-015
ALT-003150,SOC-ALPHA,2026-08-18 18:48:00,Medium,AST-0310,Medium,DET-T1562-Impair_Defenses_82,RUL-082,Closed,ANL-015
ALT-003152,SOC-ALPHA,2026-08-23 13:04:00,Medium,AST-0182,Medium,DET-T1078-Valid_Accounts_75,RUL-075,Closed,ANL-012
ALT-003164,SOC-ALPHA,2026-08-24 09:20:00,Low,AST-0108,High,DET-T1003-OS_Credential_Dumping_80,RUL-080,Closed,ANL-013
ALT-003170,SOC-ALPHA,2026-06-29 19:45:00,Low,AST-0034,Critical,DET-T1566-Phishing_62,RUL-062,Closed,ANL-003
ALT-003193,SOC-ALPHA,2026-09-10 00:30:00,Medium,AST-0424,Low,DET-T1003-OS_Credential_Dumping_65,RUL-065,Closed,ANL-021
ALT-003196,SOC-ALPHA,2026-09-02 17:18:00,Medium,AST-0470,Low,DET-T1566-Phishing_92,RUL-092,Closed,ANL-001
ALT-003201,SOC-ALPHA,2026-06-18 08:13:00,Low,AST-0082,High,DET-T1059-Command_and_Scripting_Interpreter_61,RUL-061,Closed,ANL-007
ALT-003225,SOC-ALPHA,2026-06-18 07:28:00,High,AST-0082,High,DET-T1053-Scheduled_Task/Job_33,RUL-033,Closed,ANL-013
ALT-003238,SOC-ALPHA,2026-08-02 01:43:00,Low,AST-0422,Low,DET-T1562-Impair_Defenses_67,RUL-067,Closed,ANL-018
ALT-003246,SOC-ALPHA,2026-08-15 19:37:00,Low,AST-0491,Low,DET-T1003-OS_Credential_Dumping_95,RUL-095,Closed,ANL-009
ALT-003260,SOC-ALPHA,2026-07-10 02:57:00,Medium,AST-0039,Critical,DET-T1110-Brute_Force_98,RUL-098,Closed,ANL-004
ALT-003270,SOC-ALPHA,2026-07-30 09:18:00,Critical,AST-0486,Low,DET-T1055-Process_Injection_87,RUL-087,Closed,ANL-008
ALT-003306,SOC-ALPHA,2026-08-04 01:26:00,High,AST-0086,High,DET-T1070-Indicator_Removal_on_Host_54,RUL-054,Closed,ANL-002
ALT-003310,SOC-ALPHA,2026-08-08 03:28:00,High,AST-0097,High,DET-T1567-Exfiltration_Over_Web_Service_100,RUL-100,Closed,ANL-015
ALT-003341,SOC-ALPHA,2026-06-20 20:56:00,Medium,AST-0328,Medium,DET-T1053-Scheduled_Task/Job_63,RUL-063,Closed,ANL-009
ALT-003368,SOC-ALPHA,2026-08-05 10:37:00,Medium,AST-0201,Medium,DET-T1055-Process_Injection_57,RUL-057,Closed,ANL-015
ALT-003372,SOC-ALPHA,2026-07-05 10:47:00,Medium,AST-0035,Critical,DET-T1110-Brute_Force_68,RUL-068,Closed,ANL-009
ALT-003374,SOC-ALPHA,2026-08-13 13:21:00,Medium,AST-0081,High,DET-T1003-OS_Credential_Dumping_20,RUL-020,Closed,ANL-008
ALT-003401,SOC-ALPHA,2026-08-09 03:39:00,Medium,AST-0073,High,DET-T1486-Data_Encrypted_for_Impact_56,RUL-056,Closed,ANL-017
ALT-003402,SOC-ALPHA,2026-08-14 15:02:00,Low,AST-0380,Low,DET-T1078-Valid_Accounts_90,RUL-090,Closed,ANL-001
ALT-003410,SOC-ALPHA,2026-07-12 20:21:00,Medium,AST-0412,Low,DET-T1046-Network_Service_Discovery_96,RUL-096,Closed,ANL-018
ALT-003429,SOC-ALPHA,2026-06-26 09:16:00,Low,AST-0395,Low,DET-T1053-Scheduled_Task/Job_33,RUL-033,Closed,ANL-015
ALT-003437,SOC-ALPHA,2026-07-13 19:42:00,Medium,AST-0251,Medium,DET-T1110-Brute_Force_68,RUL-068,Closed,ANL-004
ALT-003471,SOC-ALPHA,2026-09-04 12:44:00,Low,AST-0394,Low,DET-T1078-Valid_Accounts_45,RUL-045,Closed,ANL-006
ALT-003551,SOC-ALPHA,2026-07-31 01:12:00,Medium,AST-0024,Critical,DET-T1110-Brute_Force_08,RUL-008,Closed,ANL-016
ALT-003563,SOC-ALPHA,2026-06-21 11:47:00,High,AST-0375,Low,DET-T1110-Brute_Force_23,RUL-023,Closed,ANL-015
ALT-003595,SOC-ALPHA,2026-06-27 19:11:00,Medium,AST-0085,High,DET-T1190-Exploit_Public-Facing_Application_44,RUL-044,Closed,ANL-013
ALT-003602,SOC-ALPHA,2026-07-16 11:40:00,Low,AST-0457,Low,DET-T1059-Command_and_Scripting_Interpreter_16,RUL-016,Under Review,ANL-002
ALT-003615,SOC-ALPHA,2026-07-31 08:55:00,High,AST-0110,High,DET-T1078-Valid_Accounts_45,RUL-045,Closed,ANL-022
ALT-003616,SOC-ALPHA,2026-06-17 17:48:00,Medium,AST-0164,High,DET-T1190-Exploit_Public-Facing_Application_14,RUL-014,Closed,ANL-010
ALT-003622,SOC-ALPHA,2026-08-29 21:01:00,Critical,AST-0298,Medium,DET-T1567-Exfiltration_Over_Web_Service_70,RUL-070,Closed,ANL-006
ALT-003647,SOC-ALPHA,2026-08-19 13:36:00,Low,AST-0024,Critical,DET-T1046-Network_Service_Discovery_96,RUL-096,Closed,ANL-015
ALT-003649,SOC-ALPHA,2026-07-25 11:00:00,Medium,AST-0184,Medium,DET-T1003-OS_Credential_Dumping_05,RUL-005,Closed,ANL-001
ALT-003658,SOC-ALPHA,2026-06-25 01:01:00,Critical,AST-0144,High,DET-T1110-Brute_Force_38,RUL-038,Under Review,ANL-010
ALT-003695,SOC-ALPHA,2026-08-16 12:28:00,Low,AST-0268,Medium,DET-T1070-Indicator_Removal_on_Host_09,RUL-009,Closed,ANL-009
ALT-003698,SOC-ALPHA,2026-07-27 00:03:00,Low,AST-0350,Medium,DET-T1567-Exfiltration_Over_Web_Service_70,RUL-070,Closed,ANL-003
ALT-003757,SOC-ALPHA,2026-06-18 19:50:00,Medium,AST-0290,Medium,DET-T1562-Impair_Defenses_67,RUL-067,Closed,ANL-006
ALT-003792,SOC-ALPHA,2026-08-27 19:41:00,Low,AST-0050,Critical,DET-T1046-Network_Service_Discovery_36,RUL-036,Closed,ANL-014
ALT-003795,SOC-ALPHA,2026-06-18 17:05:00,High,AST-0435,Low,DET-T1003-OS_Credential_Dumping_20,RUL-020,Closed,ANL-018
ALT-003802,SOC-BETA,2026-08-09 05:32:00,High,AST-0132,High,DET-T1078-Valid_Accounts_90,RUL-090,Closed,ANL-029
ALT-003803,SOC-BETA,2026-06-18 17:18:00,High,AST-0002,Critical,DET-T1070-Indicator_Removal_on_Host_24,RUL-024,Closed,ANL-034
ALT-003808,SOC-BETA,2026-06-25 23:15:00,High,AST-0043,Critical,DET-T1055-Process_Injection_87,RUL-087,Closed,ANL-038
ALT-003809,SOC-BETA,2026-08-13 14:20:00,Medium,AST-0267,Medium,DET-T1021-Remote_Services_49,RUL-049,Closed,ANL-029
ALT-003812,SOC-BETA,2026-06-13 11:49:00,Critical,AST-0098,High,DET-T1078-Valid_Accounts_15,RUL-015,Closed,ANL-036
ALT-003816,SOC-BETA,2026-07-02 00:32:00,Medium,AST-0164,High,DET-T1562-Impair_Defenses_67,RUL-067,Closed,ANL-040
ALT-003817,SOC-BETA,2026-08-08 06:06:00,High,AST-0062,High,DET-T1090-Proxy_73,RUL-073,Closed,ANL-030
ALT-003818,SOC-BETA,2026-08-01 00:18:00,High,AST-0352,Medium,DET-T1046-Network_Service_Discovery_21,RUL-021,Closed,ANL-025
ALT-003822,SOC-BETA,2026-07-16 18:47:00,High,AST-0139,High,DET-T1566-Phishing_77,RUL-077,Closed,ANL-035
ALT-003824,SOC-BETA,2026-07-29 17:57:00,High,AST-0136,High,DET-T1053-Scheduled_Task/Job_18,RUL-018,Closed,ANL-035
ALT-003826,SOC-BETA,2026-08-06 13:37:00,Critical,AST-0320,Medium,DET-T1562-Impair_Defenses_37,RUL-037,Closed,ANL-024
ALT-003828,SOC-BETA,2026-07-24 06:39:00,High,AST-0002,Critical,DET-T1059-Command_and_Scripting_Interpreter_31,RUL-031,Closed,ANL-037
ALT-003833,SOC-BETA,2026-09-10 08:26:00,Critical,AST-0408,Low,DET-T1190-Exploit_Public-Facing_Application_29,RUL-029,Closed,ANL-040
ALT-003881,SOC-BETA,2026-06-17 07:34:00,Low,AST-0028,Critical,DET-T1046-Network_Service_Discovery_96,RUL-096,Closed,ANL-031
ALT-003885,SOC-BETA,2026-08-28 09:07:00,Critical,AST-0002,Critical,DET-T1046-Network_Service_Discovery_51,RUL-051,Closed,ANL-040
ALT-003925,SOC-BETA,2026-08-01 09:39:00,Medium,AST-0350,Medium,DET-T1562-Impair_Defenses_37,RUL-037,Closed,ANL-038
ALT-003938,SOC-BETA,2026-08-29 21:54:00,Low,AST-0237,Medium,DET-T1053-Scheduled_Task/Job_93,RUL-093,Closed,ANL-025
ALT-003944,SOC-BETA,2026-08-08 16:39:00,High,AST-0483,Low,DET-T1055-Process_Injection_57,RUL-057,Closed,ANL-036
ALT-003959,SOC-BETA,2026-07-03 19:25:00,Medium,AST-0001,Critical,DET-T1190-Exploit_Public-Facing_Application_74,RUL-074,Closed,ANL-032
ALT-004046,SOC-BETA,2026-07-07 18:38:00,Low,AST-0381,Low,DET-T1053-Scheduled_Task/Job_33,RUL-033,Closed,ANL-034
ALT-004055,SOC-BETA,2026-08-24 23:21:00,High,AST-0097,High,DET-T1566-Phishing_62,RUL-062,Closed,ANL-034
ALT-004068,SOC-BETA,2026-09-06 01:08:00,High,AST-0162,High,DET-T1046-Network_Service_Discovery_81,RUL-081,Closed,ANL-028
ALT-004080,SOC-BETA,2026-07-06 07:55:00,Low,AST-0151,High,DET-T1021-Remote_Services_19,RUL-019,Closed,ANL-027
ALT-004083,SOC-BETA,2026-07-15 02:37:00,Low,AST-0498,Low,DET-T1566-Phishing_77,RUL-077,Closed,ANL-024
ALT-004107,SOC-BETA,2026-07-04 19:07:00,Medium,AST-0404,Low,DET-T1110-Brute_Force_53,RUL-053,Closed,ANL-032
ALT-004118,SOC-BETA,2026-07-21 02:03:00,High,AST-0144,High,DET-T1070-Indicator_Removal_on_Host_09,RUL-009,Closed,ANL-030
ALT-004122,SOC-BETA,2026-07-10 23:44:00,Medium,AST-0207,Medium,DET-T1567-Exfiltration_Over_Web_Service_25,RUL-025,Closed,ANL-029
ALT-004136,SOC-BETA,2026-09-08 11:53:00,Low,AST-0267,Medium,DET-T1190-Exploit_Public-Facing_Application_14,RUL-014,Closed,ANL-033
ALT-004148,SOC-BETA,2026-06-28 19:53:00,High,AST-0120,High,DET-T1486-Data_Encrypted_for_Impact_41,RUL-041,Closed,ANL-026
ALT-004211,SOC-BETA,2026-06-12 09:37:00,Critical,AST-0182,Medium,DET-T1070-Indicator_Removal_on_Host_99,RUL-099,Closed,ANL-026
ALT-004242,SOC-BETA,2026-07-13 03:21:00,High,AST-0058,High,DET-T1055-Process_Injection_72,RUL-072,Closed,ANL-023
ALT-004278,SOC-BETA,2026-08-05 11:48:00,Low,AST-0001,Critical,DET-T1566-Phishing_92,RUL-092,Closed,ANL-029
ALT-004299,SOC-BETA,2026-07-30 11:10:00,Low,AST-0105,High,DET-T1055-Process_Injection_57,RUL-057,Under Review,ANL-028
ALT-004303,SOC-BETA,2026-08-15 09:17:00,High,AST-0168,High,DET-T1046-Network_Service_Discovery_51,RUL-051,Closed,ANL-024
ALT-004329,SOC-BETA,2026-08-01 13:09:00,Low,AST-0334,Medium,DET-T1070-Indicator_Removal_on_Host_99,RUL-099,Closed,ANL-027
ALT-004345,SOC-BETA,2026-09-02 13:00:00,Critical,AST-0023,Critical,DET-T1078-Valid_Accounts_15,RUL-015,Closed,ANL-025
ALT-004366,SOC-BETA,2026-06-18 11:52:00,Medium,AST-0316,Medium,DET-T1059-Command_and_Scripting_Interpreter_76,RUL-076,Closed,ANL-026
ALT-004382,SOC-BETA,2026-07-03 02:37:00,High,AST-0162,High,DET-T1110-Brute_Force_83,RUL-083,Closed,ANL-027
ALT-004395,SOC-BETA,2026-09-04 00:50:00,High,AST-0126,High,DET-T1486-Data_Encrypted_for_Impact_11,RUL-011,Closed,ANL-030
ALT-004407,SOC-BETA,2026-06-19 01:46:00,Medium,AST-0209,Medium,DET-T1053-Scheduled_Task/Job_48,RUL-048,Under Review,ANL-026
ALT-004414,SOC-BETA,2026-07-19 11:04:00,High,AST-0077,High,DET-T1567-Exfiltration_Over_Web_Service_40,RUL-040,Closed,ANL-025
ALT-004417,SOC-BETA,2026-09-04 00:43:00,Medium,AST-0121,High,DET-T1486-Data_Encrypted_for_Impact_11,RUL-011,Closed,ANL-030
ALT-004425,SOC-BETA,2026-08-03 05:38:00,Medium,AST-0250,Medium,DET-T1078-Valid_Accounts_90,RUL-090,Closed,ANL-031
ALT-004434,SOC-BETA,2026-09-07 18:13:00,Medium,AST-0408,Low,DET-T1562-Impair_Defenses_52,RUL-052,Closed,ANL-039
ALT-004452,SOC-BETA,2026-06-22 13:54:00,Low,AST-0432,Low,DET-T1070-Indicator_Removal_on_Host_54,RUL-054,Closed,ANL-038
ALT-004480,SOC-BETA,2026-08-08 04:29:00,Medium,AST-0287,Medium,DET-T1562-Impair_Defenses_82,RUL-082,Under Review,ANL-024
ALT-004490,SOC-BETA,2026-07-10 07:31:00,Medium,AST-0244,Medium,DET-T1567-Exfiltration_Over_Web_Service_25,RUL-025,Closed,ANL-032
ALT-004491,SOC-BETA,2026-07-15 00:28:00,High,AST-0159,High,DET-T1046-Network_Service_Discovery_96,RUL-096,Closed,ANL-026
ALT-004583,SOC-BETA,2026-09-09 07:49:00,Low,AST-0439,Low,DET-T1055-Process_Injection_87,RUL-087,Closed,ANL-033
ALT-004588,SOC-BETA,2026-07-29 04:55:00,Medium,AST-0395,Low,DET-T1090-Proxy_88,RUL-088,Under Review,ANL-037
ALT-004590,SOC-BETA,2026-06-20 03:22:00,Low,AST-0007,Critical,DET-T1110-Brute_Force_83,RUL-083,Closed,ANL-031
ALT-004610,SOC-BETA,2026-08-23 01:22:00,Medium,AST-0427,Low,DET-T1003-OS_Credential_Dumping_95,RUL-095,Closed,ANL-023
ALT-004630,SOC-BETA,2026-07-10 06:07:00,Medium,AST-0277,Medium,DET-T1090-Proxy_73,RUL-073,Closed,ANL-028
ALT-004641,SOC-BETA,2026-07-30 14:46:00,Low,AST-0488,Low,DET-T1566-Phishing_02,RUL-002,Closed,ANL-033
ALT-004666,SOC-BETA,2026-06-29 22:14:00,Low,AST-0192,Medium,DET-T1562-Impair_Defenses_97,RUL-097,Closed,ANL-036
ALT-004672,SOC-BETA,2026-07-02 07:36:00,Low,AST-0340,Medium,DET-T1046-Network_Service_Discovery_81,RUL-081,Closed,ANL-031
ALT-004777,SOC-BETA,2026-07-24 06:16:00,Low,AST-0490,Low,DET-T1046-Network_Service_Discovery_66,RUL-066,Closed,ANL-026
ALT-004781,SOC-BETA,2026-07-24 22:45:00,High,AST-0136,High,DET-T1567-Exfiltration_Over_Web_Service_70,RUL-070,Closed,ANL-026
ALT-004796,SOC-BETA,2026-07-17 17:08:00,High,AST-0142,High,DET-T1566-Phishing_92,RUL-092,Closed,ANL-039
ALT-004839,SOC-BETA,2026-07-05 04:37:00,Critical,AST-0117,High,DET-T1046-Network_Service_Discovery_81,RUL-081,Closed,ANL-024
ALT-004872,SOC-BETA,2026-07-08 17:17:00,Medium,AST-0451,Low,DET-T1190-Exploit_Public-Facing_Application_74,RUL-074,Closed,ANL-034
ALT-004912,SOC-BETA,2026-08-26 17:42:00,Medium,AST-0098,High,DET-T1090-Proxy_73,RUL-073,Under Review,ANL-023
ALT-004952,SOC-BETA,2026-08-21 13:48:00,Medium,AST-0017,Critical,DET-T1078-Valid_Accounts_60,RUL-060,Closed,ANL-023
ALT-005050,SOC-BETA,2026-07-26 13:08:00,Low,AST-0389,Low,DET-T1562-Impair_Defenses_37,RUL-037,Closed,ANL-038
ALT-005063,SOC-BETA,2026-08-23 05:40:00,Critical,AST-0288,Medium,DET-T1053-Scheduled_Task/Job_93,RUL-093,Closed,ANL-030
ALT-005068,SOC-BETA,2026-08-17 11:46:00,High,AST-0143,High,DET-T1562-Impair_Defenses_37,RUL-037,Closed,ANL-038
ALT-005116,SOC-BETA,2026-06-19 18:31:00,High,AST-0372,Low,DET-T1046-Network_Service_Discovery_06,RUL-006,Closed,ANL-023
ALT-005141,SOC-BETA,2026-06-28 15:08:00,Medium,AST-0029,Critical,DET-T1110-Brute_Force_53,RUL-053,Closed,ANL-034
ALT-005162,SOC-BETA,2026-09-09 22:30:00,Low,AST-0417,Low,DET-T1003-OS_Credential_Dumping_05,RUL-005,Closed,ANL-025
ALT-005166,SOC-BETA,2026-08-27 18:43:00,Low,AST-0110,High,DET-T1003-OS_Credential_Dumping_20,RUL-020,Closed,ANL-030
ALT-005168,SOC-BETA,2026-08-20 07:01:00,High,AST-0039,Critical,DET-T1090-Proxy_58,RUL-058,Closed,ANL-031
ALT-005171,SOC-BETA,2026-08-02 11:46:00,High,AST-0069,High,DET-T1190-Exploit_Public-Facing_Application_14,RUL-014,Closed,ANL-032
ALT-005186,SOC-BETA,2026-07-18 08:37:00,Medium,AST-0335,Medium,DET-T1003-OS_Credential_Dumping_65,RUL-065,Closed,ANL-025
ALT-005219,SOC-BETA,2026-06-24 14:44:00,High,AST-0143,High,DET-T1021-Remote_Services_19,RUL-019,Closed,ANL-031
ALT-005225,SOC-BETA,2026-07-14 04:38:00,Low,AST-0308,Medium,DET-T1566-Phishing_32,RUL-032,Closed,ANL-023
ALT-005241,SOC-BETA,2026-07-21 19:05:00,High,AST-0146,High,DET-T1567-Exfiltration_Over_Web_Service_70,RUL-070,Closed,ANL-039
ALT-005242,SOC-BETA,2026-08-19 10:32:00,Low,AST-0380,Low,DET-T1059-Command_and_Scripting_Interpreter_76,RUL-076,Closed,ANL-023
ALT-005260,SOC-BETA,2026-09-05 06:54:00,High,AST-0070,High,DET-T1021-Remote_Services_19,RUL-019,Closed,ANL-037
ALT-005266,SOC-BETA,2026-07-02 23:32:00,Low,AST-0155,High,DET-T1059-Command_and_Scripting_Interpreter_76,RUL-076,Closed,ANL-037
ALT-005272,SOC-BETA,2026-07-16 00:16:00,Low,AST-0198,Medium,DET-T1046-Network_Service_Discovery_36,RUL-036,Closed,ANL-033
ALT-005315,SOC-BETA,2026-09-05 21:18:00,High,AST-0045,Critical,DET-T1053-Scheduled_Task/Job_63,RUL-063,Closed,ANL-031
ALT-005320,SOC-BETA,2026-07-29 02:53:00,High,AST-0093,High,DET-T1046-Network_Service_Discovery_96,RUL-096,Closed,ANL-027
ALT-005348,SOC-BETA,2026-06-17 07:02:00,High,AST-0075,High,DET-T1059-Command_and_Scripting_Interpreter_01,RUL-001,Closed,ANL-028
ALT-005366,SOC-BETA,2026-08-23 05:46:00,Low,AST-0026,Critical,DET-T1021-Remote_Services_04,RUL-004,Closed,ANL-031
ALT-005396,SOC-BETA,2026-08-16 12:00:00,High,AST-0169,High,DET-T1078-Valid_Accounts_60,RUL-060,Closed,ANL-032
ALT-005408,SOC-BETA,2026-08-14 22:07:00,High,AST-0123,High,DET-T1567-Exfiltration_Over_Web_Service_40,RUL-040,Closed,ANL-032
ALT-005420,SOC-BETA,2026-07-22 17:41:00,Critical,AST-0063,High,DET-T1562-Impair_Defenses_67,RUL-067,Closed,ANL-036
ALT-005433,SOC-BETA,2026-08-06 03:14:00,Critical,AST-0038,Critical,DET-T1110-Brute_Force_38,RUL-038,Closed,ANL-036
ALT-005518,SOC-BETA,2026-07-31 01:21:00,Medium,AST-0160,High,DET-T1190-Exploit_Public-Facing_Application_89,RUL-089,Closed,ANL-037
ALT-005541,SOC-BETA,2026-06-29 03:23:00,Low,AST-0496,Low,DET-T1059-Command_and_Scripting_Interpreter_16,RUL-016,Closed,ANL-039
ALT-005583,SOC-BETA,2026-08-21 16:04:00,Low,AST-0236,Medium,DET-T1078-Valid_Accounts_90,RUL-090,Closed,ANL-036
ALT-005614,SOC-BETA,2026-09-02 16:27:00,Low,AST-0205,Medium,DET-T1110-Brute_Force_68,RUL-068,Closed,ANL-027
ALT-005626,SOC-BETA,2026-07-26 17:06:00,Medium,AST-0461,Low,DET-T1486-Data_Encrypted_for_Impact_71,RUL-071,Closed,ANL-037
ALT-005628,SOC-BETA,2026-09-04 10:34:00,Medium,AST-0173,Medium,DET-T1078-Valid_Accounts_30,RUL-030,Closed,ANL-033
ALT-005649,SOC-BETA,2026-06-23 18:52:00,Critical,AST-0500,Low,DET-T1053-Scheduled_Task/Job_48,RUL-048,Closed,ANL-034
ALT-005660,SOC-BETA,2026-06-15 09:12:00,Critical,AST-0134,High,DET-T1567-Exfiltration_Over_Web_Service_70,RUL-070,Closed,ANL-033
ALT-005681,SOC-BETA,2026-07-02 09:23:00,Medium,AST-0149,High,DET-T1055-Process_Injection_42,RUL-042,Closed,ANL-025
ALT-005685,SOC-BETA,2026-08-20 18:52:00,Medium,AST-0195,Medium,DET-T1486-Data_Encrypted_for_Impact_41,RUL-041,Closed,ANL-040
ALT-005707,SOC-BETA,2026-08-10 00:06:00,Medium,AST-0357,Medium,DET-T1562-Impair_Defenses_67,RUL-067,Closed,ANL-026
ALT-005716,SOC-BETA,2026-06-16 16:28:00,Medium,AST-0135,High,DET-T1078-Valid_Accounts_15,RUL-015,Closed,ANL-023
ALT-005723,SOC-BETA,2026-09-08 04:28:00,Low,AST-0330,Medium,DET-T1059-Command_and_Scripting_Interpreter_91,RUL-091,Closed,ANL-031
ALT-005726,SOC-BETA,2026-07-23 06:51:00,Medium,AST-0194,Medium,DET-T1053-Scheduled_Task/Job_03,RUL-003,Closed,ANL-036
ALT-005727,SOC-BETA,2026-06-25 12:08:00,Low,AST-0175,Medium,DET-T1190-Exploit_Public-Facing_Application_89,RUL-089,Closed,ANL-024
ALT-005740,SOC-BETA,2026-09-04 22:04:00,High,AST-0042,Critical,DET-T1070-Indicator_Removal_on_Host_39,RUL-039,Closed,ANL-040
ALT-005746,SOC-BETA,2026-08-07 16:54:00,High,AST-0112,High,DET-T1567-Exfiltration_Over_Web_Service_70,RUL-070,Closed,ANL-031
ALT-005782,SOC-BETA,2026-07-16 17:10:00,High,AST-0101,High,DET-T1053-Scheduled_Task/Job_78,RUL-078,Closed,ANL-025
ALT-005792,SOC-BETA,2026-07-23 11:06:00,Low,AST-0026,Critical,DET-T1053-Scheduled_Task/Job_78,RUL-078,Closed,ANL-032
ALT-005861,SOC-BETA,2026-09-05 01:43:00,Low,AST-0338,Medium,DET-T1110-Brute_Force_83,RUL-083,Closed,ANL-030
ALT-005869,SOC-BETA,2026-08-07 20:04:00,Medium,AST-0425,Low,DET-T1059-Command_and_Scripting_Interpreter_91,RUL-091,Under Review,ANL-023
ALT-005928,SOC-BETA,2026-07-21 10:21:00,High,AST-0074,High,DET-T1059-Command_and_Scripting_Interpreter_16,RUL-016,Closed,ANL-028
ALT-005945,SOC-BETA,2026-06-28 21:23:00,Low,AST-0013,Critical,DET-T1046-Network_Service_Discovery_66,RUL-066,Closed,ANL-037
ALT-005949,SOC-BETA,2026-06-19 07:21:00,Low,AST-0117,High,DET-T1070-Indicator_Removal_on_Host_84,RUL-084,Under Review,ANL-030
ALT-005952,SOC-BETA,2026-07-13 17:32:00,Medium,AST-0105,High,DET-T1021-Remote_Services_49,RUL-049,Closed,ANL-030
ALT-005961,SOC-BETA,2026-09-09 03:49:00,Medium,AST-0171,Medium,DET-T1566-Phishing_77,RUL-077,Closed,ANL-032
ALT-005971,SOC-BETA,2026-07-20 03:09:00,Medium,AST-0153,High,DET-T1562-Impair_Defenses_82,RUL-082,Closed,ANL-032
ALT-005973,SOC-BETA,2026-07-08 03:54:00,High,AST-0244,Medium,DET-T1110-Brute_Force_83,RUL-083,Closed,ANL-032
ALT-005987,SOC-BETA,2026-07-05 02:21:00,Low,AST-0250,Medium,DET-T1566-Phishing_02,RUL-002,Closed,ANL-025
ALT-006028,SOC-BETA,2026-06-13 02:27:00,Medium,AST-0025,Critical,DET-T1059-Command_and_Scripting_Interpreter_91,RUL-091,Closed,ANL-027
ALT-006031,SOC-BETA,2026-08-26 20:06:00,High,AST-0134,High,DET-T1190-Exploit_Public-Facing_Application_74,RUL-074,Closed,ANL-035
ALT-006035,SOC-BETA,2026-06-29 03:21:00,Medium,AST-0175,Medium,DET-T1055-Process_Injection_72,RUL-072,Closed,ANL-035
ALT-006058,SOC-BETA,2026-07-23 05:25:00,High,AST-0135,High,DET-T1566-Phishing_62,RUL-062,Closed,ANL-024
ALT-006081,SOC-BETA,2026-08-12 14:31:00,Critical,AST-0494,Low,DET-T1059-Command_and_Scripting_Interpreter_61,RUL-061,Closed,ANL-039
ALT-006115,SOC-BETA,2026-07-15 13:19:00,High,AST-0118,High,DET-T1059-Command_and_Scripting_Interpreter_16,RUL-016,Closed,ANL-023
ALT-006126,SOC-BETA,2026-09-06 21:55:00,High,AST-0029,Critical,DET-T1567-Exfiltration_Over_Web_Service_10,RUL-010,Closed,ANL-024
ALT-006130,SOC-BETA,2026-07-27 08:05:00,High,AST-0043,Critical,DET-T1566-Phishing_62,RUL-062,Closed,ANL-034
ALT-006149,SOC-BETA,2026-07-13 04:15:00,High,AST-0126,High,DET-T1190-Exploit_Public-Facing_Application_89,RUL-089,Closed,ANL-030
ALT-006187,SOC-BETA,2026-06-18 00:56:00,Critical,AST-0074,High,DET-T1110-Brute_Force_38,RUL-038,Closed,ANL-034
ALT-006246,SOC-BETA,2026-07-19 19:00:00,Medium,AST-0321,Medium,DET-T1567-Exfiltration_Over_Web_Service_25,RUL-025,Closed,ANL-029
ALT-006286,SOC-BETA,2026-09-03 23:24:00,Low,AST-0477,Low,DET-T1070-Indicator_Removal_on_Host_99,RUL-099,Closed,ANL-028
ALT-006303,SOC-BETA,2026-06-22 10:27:00,Low,AST-0043,Critical,DET-T1566-Phishing_32,RUL-032,Closed,ANL-040
ALT-006358,SOC-BETA,2026-07-01 00:17:00,Low,AST-0493,Low,DET-T1110-Brute_Force_98,RUL-098,Closed,ANL-030
ALT-006364,SOC-BETA,2026-07-12 22:10:00,Low,AST-0016,Critical,DET-T1078-Valid_Accounts_30,RUL-030,Closed,ANL-037
ALT-006366,SOC-BETA,2026-08-29 20:34:00,Medium,AST-0341,Medium,DET-T1110-Brute_Force_08,RUL-008,Closed,ANL-036
ALT-006397,SOC-BETA,2026-09-03 12:37:00,High,AST-0057,High,DET-T1046-Network_Service_Discovery_66,RUL-066,Closed,ANL-032
ALT-006403,SOC-BETA,2026-07-20 17:59:00,High,AST-0149,High,DET-T1567-Exfiltration_Over_Web_Service_10,RUL-010,Closed,ANL-040
ALT-006434,SOC-BETA,2026-09-05 22:29:00,High,AST-0089,High,DET-T1046-Network_Service_Discovery_81,RUL-081,Closed,ANL-032
ALT-006448,SOC-BETA,2026-08-05 17:08:00,Critical,AST-0042,Critical,DET-T1070-Indicator_Removal_on_Host_84,RUL-084,Closed,ANL-027
ALT-006490,SOC-BETA,2026-07-10 17:28:00,Medium,AST-0465,Low,DET-T1055-Process_Injection_57,RUL-057,Closed,ANL-029
ALT-006494,SOC-BETA,2026-08-08 00:27:00,High,AST-0151,High,DET-T1486-Data_Encrypted_for_Impact_26,RUL-026,Closed,ANL-023
ALT-006511,SOC-BETA,2026-08-26 03:32:00,High,AST-0035,Critical,DET-T1059-Command_and_Scripting_Interpreter_91,RUL-091,Closed,ANL-029
ALT-006588,SOC-BETA,2026-07-30 18:49:00,Medium,AST-0200,Medium,DET-T1053-Scheduled_Task/Job_63,RUL-063,Closed,ANL-029
ALT-006602,SOC-BETA,2026-06-16 04:20:00,High,AST-0022,Critical,DET-T1567-Exfiltration_Over_Web_Service_25,RUL-025,Closed,ANL-037
ALT-006627,SOC-BETA,2026-06-28 22:45:00,High,AST-0003,Critical,DET-T1059-Command_and_Scripting_Interpreter_01,RUL-001,Closed,ANL-035
ALT-006635,SOC-BETA,2026-06-27 07:30:00,Medium,AST-0135,High,DET-T1053-Scheduled_Task/Job_63,RUL-063,Closed,ANL-023
ALT-006644,SOC-BETA,2026-08-27 01:40:00,Medium,AST-0414,Low,DET-T1078-Valid_Accounts_90,RUL-090,Under Review,ANL-037
ALT-006648,SOC-BETA,2026-07-21 23:30:00,Low,AST-0488,Low,DET-T1055-Process_Injection_12,RUL-012,Closed,ANL-025
ALT-006650,SOC-BETA,2026-07-27 20:35:00,Low,AST-0383,Low,DET-T1059-Command_and_Scripting_Interpreter_01,RUL-001,Closed,ANL-039
ALT-006659,SOC-BETA,2026-06-19 22:27:00,Medium,AST-0310,Medium,DET-T1190-Exploit_Public-Facing_Application_14,RUL-014,Closed,ANL-038
ALT-006661,SOC-BETA,2026-08-15 20:42:00,Low,AST-0243,Medium,DET-T1090-Proxy_13,RUL-013,Closed,ANL-037
ALT-006670,SOC-BETA,2026-08-09 20:56:00,Medium,AST-0153,High,DET-T1562-Impair_Defenses_22,RUL-022,Closed,ANL-023
ALT-006712,SOC-BETA,2026-09-04 16:19:00,Medium,AST-0167,High,DET-T1190-Exploit_Public-Facing_Application_44,RUL-044,Closed,ANL-023
ALT-006732,SOC-BETA,2026-09-01 14:25:00,Critical,AST-0012,Critical,DET-T1566-Phishing_47,RUL-047,Closed,ANL-027
ALT-006790,SOC-BETA,2026-08-14 02:11:00,High,AST-0393,Low,DET-T1055-Process_Injection_87,RUL-087,Closed,ANL-040
ALT-006795,SOC-BETA,2026-07-13 15:58:00,Critical,AST-0010,Critical,DET-T1090-Proxy_28,RUL-028,Closed,ANL-023
ALT-006801,SOC-BETA,2026-09-02 14:21:00,High,AST-0208,Medium,DET-T1090-Proxy_28,RUL-028,Closed,ANL-028
ALT-006802,SOC-BETA,2026-07-13 06:38:00,High,AST-0048,Critical,DET-T1021-Remote_Services_04,RUL-004,Closed,ANL-023
ALT-006820,SOC-BETA,2026-08-07 15:02:00,Low,AST-0185,Medium,DET-T1055-Process_Injection_42,RUL-042,Closed,ANL-026
ALT-006827,SOC-BETA,2026-07-20 02:48:00,Critical,AST-0004,Critical,DET-T1021-Remote_Services_04,RUL-004,Closed,ANL-030
ALT-006863,SOC-BETA,2026-09-03 09:20:00,High,AST-0010,Critical,DET-T1053-Scheduled_Task/Job_63,RUL-063,Closed,ANL-034
ALT-006891,SOC-BETA,2026-08-26 19:43:00,Low,AST-0059,High,DET-T1046-Network_Service_Discovery_06,RUL-006,Closed,ANL-034
ALT-006910,SOC-BETA,2026-09-02 04:50:00,High,AST-0161,High,DET-T1566-Phishing_77,RUL-077,Closed,ANL-040
ALT-006934,SOC-BETA,2026-06-23 12:19:00,Medium,AST-0378,Low,DET-T1046-Network_Service_Discovery_81,RUL-081,Closed,ANL-038
ALT-006940,SOC-BETA,2026-07-30 21:18:00,Medium,AST-0450,Low,DET-T1078-Valid_Accounts_60,RUL-060,Closed,ANL-025
ALT-006995,SOC-BETA,2026-08-07 19:00:00,Medium,AST-0190,Medium,DET-T1046-Network_Service_Discovery_66,RUL-066,Closed,ANL-029
ALT-007067,SOC-BETA,2026-07-04 06:57:00,Critical,AST-0145,High,DET-T1046-Network_Service_Discovery_51,RUL-051,Closed,ANL-023
ALT-007085,SOC-BETA,2026-07-13 06:05:00,Low,AST-0324,Medium,DET-T1078-Valid_Accounts_60,RUL-060,Closed,ANL-031
ALT-007094,SOC-BETA,2026-06-16 07:53:00,Low,AST-0475,Low,DET-T1190-Exploit_Public-Facing_Application_14,RUL-014,Closed,ANL-033
ALT-007114,SOC-BETA,2026-08-08 03:36:00,Medium,AST-0088,High,DET-T1046-Network_Service_Discovery_96,RUL-096,Closed,ANL-035
ALT-007152,SOC-BETA,2026-06-14 11:56:00,Medium,AST-0462,Low,DET-T1078-Valid_Accounts_15,RUL-015,Closed,ANL-032
ALT-007181,SOC-BETA,2026-07-05 22:20:00,Critical,AST-0300,Medium,DET-T1059-Command_and_Scripting_Interpreter_16,RUL-016,Closed,ANL-030
ALT-007205,SOC-GAMMA,2026-08-14 08:22:00,Low,AST-0314,Medium,DET-T1070-Indicator_Removal_on_Host_09,RUL-009,Closed,ANL-046
ALT-007244,SOC-GAMMA,2026-08-05 16:05:00,High,AST-0057,High,DET-T1566-Phishing_47,RUL-047,Closed,ANL-042
ALT-007282,SOC-GAMMA,2026-07-04 18:33:00,Medium,AST-0244,Medium,DET-T1078-Valid_Accounts_60,RUL-060,Closed,ANL-042
ALT-007299,SOC-GAMMA,2026-08-23 01:33:00,Low,AST-0147,High,DET-T1562-Impair_Defenses_67,RUL-067,Closed,ANL-055
ALT-007316,SOC-GAMMA,2026-08-06 11:49:00,Medium,AST-0279,Medium,DET-T1190-Exploit_Public-Facing_Application_59,RUL-059,Closed,ANL-050
ALT-007338,SOC-GAMMA,2026-08-30 06:05:00,High,AST-0106,High,DET-T1190-Exploit_Public-Facing_Application_89,RUL-089,Closed,ANL-050
ALT-007347,SOC-GAMMA,2026-07-03 22:04:00,High,AST-0161,High,DET-T1566-Phishing_02,RUL-002,Closed,ANL-049
ALT-007354,SOC-GAMMA,2026-07-29 04:38:00,Medium,AST-0262,Medium,DET-T1567-Exfiltration_Over_Web_Service_100,RUL-100,Closed,ANL-046
ALT-007355,SOC-GAMMA,2026-06-22 10:00:00,Medium,AST-0034,Critical,DET-T1486-Data_Encrypted_for_Impact_41,RUL-041,Closed,ANL-054
ALT-007389,SOC-GAMMA,2026-09-05 18:44:00,Medium,AST-0158,High,DET-T1110-Brute_Force_98,RUL-098,Closed,ANL-050
ALT-007405,SOC-GAMMA,2026-09-02 12:32:00,Medium,AST-0254,Medium,DET-T1110-Brute_Force_23,RUL-023,Closed,ANL-053
ALT-007412,SOC-GAMMA,2026-07-02 10:13:00,High,AST-0034,Critical,DET-T1567-Exfiltration_Over_Web_Service_25,RUL-025,Closed,ANL-051
ALT-007424,SOC-GAMMA,2026-09-07 10:08:00,Low,AST-0465,Low,DET-T1021-Remote_Services_19,RUL-019,Closed,ANL-051
ALT-007433,SOC-GAMMA,2026-06-12 12:08:00,Critical,AST-0154,High,DET-T1046-Network_Service_Discovery_81,RUL-081,Closed,ANL-044
ALT-007457,SOC-GAMMA,2026-07-08 11:06:00,Low,AST-0015,Critical,DET-T1486-Data_Encrypted_for_Impact_56,RUL-056,Closed,ANL-047
ALT-007492,SOC-GAMMA,2026-08-13 02:05:00,Medium,AST-0111,High,DET-T1059-Command_and_Scripting_Interpreter_61,RUL-061,Closed,ANL-043
ALT-007506,SOC-GAMMA,2026-07-01 01:36:00,Medium,AST-0267,Medium,DET-T1078-Valid_Accounts_60,RUL-060,Closed,ANL-043
ALT-007515,SOC-GAMMA,2026-07-14 18:33:00,High,AST-0062,High,DET-T1078-Valid_Accounts_75,RUL-075,Closed,ANL-041
ALT-007516,SOC-GAMMA,2026-08-22 15:44:00,High,AST-0298,Medium,DET-T1078-Valid_Accounts_15,RUL-015,Closed,ANL-051
ALT-007542,SOC-GAMMA,2026-08-05 17:58:00,Medium,AST-0211,Medium,DET-T1562-Impair_Defenses_22,RUL-022,Closed,ANL-051
ALT-007547,SOC-GAMMA,2026-07-06 01:52:00,Critical,AST-0087,High,DET-T1055-Process_Injection_57,RUL-057,Closed,ANL-043
ALT-007585,SOC-GAMMA,2026-07-24 15:01:00,High,AST-0294,Medium,DET-T1110-Brute_Force_08,RUL-008,Closed,ANL-042
ALT-007596,SOC-GAMMA,2026-07-23 09:17:00,Medium,AST-0468,Low,DET-T1053-Scheduled_Task/Job_63,RUL-063,Closed,ANL-043
ALT-007618,SOC-GAMMA,2026-08-12 13:31:00,High,AST-0092,High,DET-T1021-Remote_Services_19,RUL-019,Closed,ANL-044
ALT-007623,SOC-GAMMA,2026-07-04 01:18:00,Critical,AST-0143,High,DET-T1055-Process_Injection_72,RUL-072,Closed,ANL-050
ALT-007635,SOC-GAMMA,2026-06-22 20:47:00,Medium,AST-0360,Medium,DET-T1053-Scheduled_Task/Job_48,RUL-048,Closed,ANL-042
ALT-007670,SOC-GAMMA,2026-07-05 20:19:00,Low,AST-0080,High,DET-T1053-Scheduled_Task/Job_33,RUL-033,Closed,ANL-041
ALT-007701,SOC-GAMMA,2026-06-13 13:07:00,Medium,AST-0423,Low,DET-T1070-Indicator_Removal_on_Host_39,RUL-039,Closed,ANL-051
ALT-007718,SOC-GAMMA,2026-08-20 20:20:00,Low,AST-0182,Medium,DET-T1059-Command_and_Scripting_Interpreter_91,RUL-091,Closed,ANL-052
ALT-007764,SOC-GAMMA,2026-08-02 04:46:00,Low,AST-0443,Low,DET-T1055-Process_Injection_72,RUL-072,Closed,ANL-051
ALT-007769,SOC-GAMMA,2026-07-02 11:33:00,Medium,AST-0175,Medium,DET-T1053-Scheduled_Task/Job_03,RUL-003,Closed,ANL-049
ALT-007785,SOC-GAMMA,2026-07-20 10:49:00,Medium,AST-0375,Low,DET-T1110-Brute_Force_98,RUL-098,Closed,ANL-044
ALT-007855,SOC-GAMMA,2026-07-11 10:19:00,Medium,AST-0095,High,DET-T1562-Impair_Defenses_82,RUL-082,Closed,ANL-051
ALT-007893,SOC-GAMMA,2026-07-13 04:49:00,High,AST-0104,High,DET-T1070-Indicator_Removal_on_Host_99,RUL-099,Closed,ANL-051
ALT-007902,SOC-GAMMA,2026-09-07 21:22:00,Low,AST-0466,Low,DET-T1059-Command_and_Scripting_Interpreter_31,RUL-031,Closed,ANL-045
ALT-007952,SOC-GAMMA,2026-08-10 23:23:00,Low,AST-0427,Low,DET-T1070-Indicator_Removal_on_Host_84,RUL-084,Closed,ANL-045
ALT-007966,SOC-GAMMA,2026-07-21 17:10:00,High,AST-0039,Critical,DET-T1486-Data_Encrypted_for_Impact_11,RUL-011,Closed,ANL-044
ALT-007983,SOC-GAMMA,2026-08-03 14:41:00,Low,AST-0128,High,DET-T1021-Remote_Services_94,RUL-094,Closed,ANL-041
ALT-008052,SOC-GAMMA,2026-08-11 14:26:00,Medium,AST-0159,High,DET-T1110-Brute_Force_83,RUL-083,Closed,ANL-055
ALT-008055,SOC-GAMMA,2026-07-31 18:09:00,Medium,AST-0179,Medium,DET-T1070-Indicator_Removal_on_Host_69,RUL-069,Closed,ANL-052
ALT-008082,SOC-GAMMA,2026-06-27 17:39:00,Medium,AST-0231,Medium,DET-T1055-Process_Injection_57,RUL-057,Closed,ANL-055
ALT-008123,SOC-GAMMA,2026-08-11 00:50:00,Medium,AST-0366,Low,DET-T1059-Command_and_Scripting_Interpreter_46,RUL-046,Closed,ANL-052
ALT-008145,SOC-GAMMA,2026-07-19 15:24:00,Low,AST-0292,Medium,DET-T1562-Impair_Defenses_22,RUL-022,Closed,ANL-048
ALT-008193,SOC-GAMMA,2026-08-28 17:39:00,Medium,AST-0295,Medium,DET-T1090-Proxy_43,RUL-043,Closed,ANL-054
ALT-008202,SOC-GAMMA,2026-07-15 10:25:00,Critical,AST-0280,Medium,DET-T1110-Brute_Force_38,RUL-038,Closed,ANL-045
ALT-008210,SOC-GAMMA,2026-06-26 05:19:00,Medium,AST-0231,Medium,DET-T1190-Exploit_Public-Facing_Application_74,RUL-074,Under Review,ANL-042
ALT-008224,SOC-GAMMA,2026-08-21 22:34:00,Medium,AST-0126,High,DET-T1078-Valid_Accounts_75,RUL-075,Closed,ANL-054
ALT-008257,SOC-GAMMA,2026-06-13 15:29:00,Medium,AST-0185,Medium,DET-T1059-Command_and_Scripting_Interpreter_16,RUL-016,Under Review,ANL-046
ALT-008264,SOC-GAMMA,2026-06-29 14:13:00,Medium,AST-0216,Medium,DET-T1566-Phishing_62,RUL-062,Closed,ANL-051
ALT-008265,SOC-GAMMA,2026-07-01 18:16:00,High,AST-0159,High,DET-T1566-Phishing_02,RUL-002,Closed,ANL-053
ALT-008287,SOC-GAMMA,2026-08-03 10:35:00,Medium,AST-0269,Medium,DET-T1190-Exploit_Public-Facing_Application_29,RUL-029,Closed,ANL-054
ALT-008309,SOC-GAMMA,2026-07-26 16:20:00,Low,AST-0364,Low,DET-T1567-Exfiltration_Over_Web_Service_25,RUL-025,Closed,ANL-055
ALT-008343,SOC-GAMMA,2026-08-08 15:14:00,Critical,AST-0115,High,DET-T1003-OS_Credential_Dumping_95,RUL-095,Closed,ANL-050
ALT-008344,SOC-GAMMA,2026-08-20 09:27:00,High,AST-0074,High,DET-T1190-Exploit_Public-Facing_Application_44,RUL-044,Closed,ANL-052
ALT-008366,SOC-GAMMA,2026-06-29 23:49:00,High,AST-0062,High,DET-T1021-Remote_Services_49,RUL-049,Closed,ANL-055
ALT-008393,SOC-GAMMA,2026-08-13 13:10:00,Low,AST-0072,High,DET-T1021-Remote_Services_04,RUL-004,Closed,ANL-046
ALT-008412,SOC-GAMMA,2026-09-09 09:01:00,High,AST-0116,High,DET-T1021-Remote_Services_19,RUL-019,Closed,ANL-047
ALT-008415,SOC-GAMMA,2026-07-23 09:30:00,Critical,AST-0060,High,DET-T1055-Process_Injection_12,RUL-012,Closed,ANL-053
ALT-008417,SOC-GAMMA,2026-06-26 08:15:00,High,AST-0023,Critical,DET-T1566-Phishing_32,RUL-032,Closed,ANL-054
ALT-008428,SOC-GAMMA,2026-08-22 09:55:00,Low,AST-0493,Low,DET-T1078-Valid_Accounts_90,RUL-090,Closed,ANL-053
ALT-008431,SOC-GAMMA,2026-06-16 19:15:00,Medium,AST-0240,Medium,DET-T1090-Proxy_43,RUL-043,Closed,ANL-055
ALT-008438,SOC-GAMMA,2026-07-10 20:27:00,Medium,AST-0263,Medium,DET-T1190-Exploit_Public-Facing_Application_44,RUL-044,Closed,ANL-044
ALT-008464,SOC-GAMMA,2026-07-17 08:38:00,Low,AST-0490,Low,DET-T1090-Proxy_73,RUL-073,Under Review,ANL-046
ALT-008504,SOC-GAMMA,2026-07-29 14:08:00,Medium,AST-0226,Medium,DET-T1070-Indicator_Removal_on_Host_84,RUL-084,Closed,ANL-053
ALT-008512,SOC-GAMMA,2026-08-29 06:16:00,Medium,AST-0133,High,DET-T1566-Phishing_92,RUL-092,Closed,ANL-043
ALT-008533,SOC-GAMMA,2026-07-04 14:25:00,Medium,AST-0123,High,DET-T1486-Data_Encrypted_for_Impact_41,RUL-041,Closed,ANL-041
ALT-008541,SOC-GAMMA,2026-07-10 20:40:00,Medium,AST-0472,Low,DET-T1562-Impair_Defenses_07,RUL-007,Closed,ANL-050
ALT-008593,SOC-GAMMA,2026-08-01 15:18:00,Medium,AST-0241,Medium,DET-T1021-Remote_Services_34,RUL-034,Closed,ANL-042
ALT-008603,SOC-GAMMA,2026-09-09 11:59:00,Critical,AST-0009,Critical,DET-T1053-Scheduled_Task/Job_78,RUL-078,Closed,ANL-048
ALT-008618,SOC-GAMMA,2026-08-05 06:38:00,Low,AST-0458,Low,DET-T1486-Data_Encrypted_for_Impact_56,RUL-056,Closed,ANL-049
ALT-008637,SOC-GAMMA,2026-09-03 03:14:00,Medium,AST-0029,Critical,DET-T1059-Command_and_Scripting_Interpreter_61,RUL-061,Closed,ANL-052
ALT-008652,SOC-GAMMA,2026-09-03 03:13:00,Low,AST-0300,Medium,DET-T1486-Data_Encrypted_for_Impact_71,RUL-071,Closed,ANL-045
ALT-008658,SOC-GAMMA,2026-09-09 17:01:00,Medium,AST-0487,Low,DET-T1059-Command_and_Scripting_Interpreter_76,RUL-076,Closed,ANL-048
ALT-008676,SOC-GAMMA,2026-06-26 20:49:00,Critical,AST-0037,Critical,DET-T1567-Exfiltration_Over_Web_Service_100,RUL-100,Closed,ANL-049
ALT-008680,SOC-GAMMA,2026-06-27 22:59:00,Low,AST-0155,High,DET-T1090-Proxy_28,RUL-028,Closed,ANL-049
ALT-008688,SOC-GAMMA,2026-08-28 13:47:00,Low,AST-0026,Critical,DET-T1566-Phishing_92,RUL-092,Closed,ANL-048
ALT-008703,SOC-GAMMA,2026-08-28 08:45:00,Low,AST-0312,Medium,DET-T1070-Indicator_Removal_on_Host_99,RUL-099,Closed,ANL-051
ALT-008743,SOC-GAMMA,2026-07-10 13:47:00,Critical,AST-0050,Critical,DET-T1059-Command_and_Scripting_Interpreter_76,RUL-076,Closed,ANL-055
ALT-008808,SOC-GAMMA,2026-08-14 06:24:00,High,AST-0103,High,DET-T1566-Phishing_92,RUL-092,Closed,ANL-052
ALT-008882,SOC-GAMMA,2026-06-26 22:36:00,High,AST-0304,Medium,DET-T1486-Data_Encrypted_for_Impact_71,RUL-071,Closed,ANL-054
ALT-008884,SOC-GAMMA,2026-07-01 02:26:00,Medium,AST-0105,High,DET-T1190-Exploit_Public-Facing_Application_59,RUL-059,Closed,ANL-047
ALT-008892,SOC-GAMMA,2026-07-07 21:38:00,Low,AST-0214,Medium,DET-T1566-Phishing_17,RUL-017,Closed,ANL-045
ALT-008910,SOC-GAMMA,2026-07-31 14:53:00,Critical,AST-0044,Critical,DET-T1070-Indicator_Removal_on_Host_09,RUL-009,Closed,ANL-052
ALT-008919,SOC-GAMMA,2026-08-21 23:21:00,Low,AST-0203,Medium,DET-T1046-Network_Service_Discovery_51,RUL-051,Closed,ANL-044
ALT-008968,SOC-GAMMA,2026-07-13 17:58:00,Medium,AST-0251,Medium,DET-T1110-Brute_Force_98,RUL-098,Closed,ANL-046
ALT-009006,SOC-GAMMA,2026-07-06 08:22:00,High,AST-0128,High,DET-T1078-Valid_Accounts_75,RUL-075,Closed,ANL-054
ALT-009045,SOC-GAMMA,2026-07-17 11:34:00,Medium,AST-0471,Low,DET-T1078-Valid_Accounts_75,RUL-075,Closed,ANL-048
ALT-009106,SOC-GAMMA,2026-09-04 11:46:00,Medium,AST-0460,Low,DET-T1190-Exploit_Public-Facing_Application_59,RUL-059,Closed,ANL-042
ALT-009132,SOC-GAMMA,2026-06-24 13:36:00,High,AST-0229,Medium,DET-T1562-Impair_Defenses_37,RUL-037,Closed,ANL-054
ALT-009144,SOC-GAMMA,2026-09-03 06:38:00,High,AST-0138,High,DET-T1021-Remote_Services_04,RUL-004,Closed,ANL-048
ALT-009158,SOC-GAMMA,2026-07-24 21:14:00,High,AST-0090,High,DET-T1110-Brute_Force_68,RUL-068,Closed,ANL-053
ALT-009180,SOC-GAMMA,2026-07-08 06:35:00,Medium,AST-0348,Medium,DET-T1090-Proxy_28,RUL-028,Closed,ANL-043
ALT-009202,SOC-GAMMA,2026-09-01 07:51:00,Medium,AST-0346,Medium,DET-T1567-Exfiltration_Over_Web_Service_85,RUL-085,Closed,ANL-051
ALT-009240,SOC-GAMMA,2026-06-12 20:55:00,High,AST-0113,High,DET-T1562-Impair_Defenses_07,RUL-007,Under Review,ANL-053
ALT-009256,SOC-GAMMA,2026-07-01 16:49:00,Medium,AST-0011,Critical,DET-T1090-Proxy_13,RUL-013,Closed,ANL-054
ALT-009258,SOC-GAMMA,2026-09-03 03:39:00,Low,AST-0316,Medium,DET-T1566-Phishing_02,RUL-002,Closed,ANL-050
ALT-009259,SOC-GAMMA,2026-07-10 14:36:00,High,AST-0058,High,DET-T1070-Indicator_Removal_on_Host_84,RUL-084,Closed,ANL-051
ALT-009260,SOC-GAMMA,2026-08-02 01:36:00,Medium,AST-0121,High,DET-T1090-Proxy_28,RUL-028,Closed,ANL-042
ALT-009264,SOC-GAMMA,2026-07-13 02:07:00,Critical,AST-0160,High,DET-T1059-Command_and_Scripting_Interpreter_16,RUL-016,Closed,ANL-051
ALT-009286,SOC-GAMMA,2026-06-21 17:37:00,Critical,AST-0071,High,DET-T1110-Brute_Force_08,RUL-008,Closed,ANL-052
ALT-009294,SOC-GAMMA,2026-07-30 14:12:00,Medium,AST-0110,High,DET-T1070-Indicator_Removal_on_Host_24,RUL-024,Closed,ANL-053
ALT-009305,SOC-GAMMA,2026-08-02 22:38:00,High,AST-0127,High,DET-T1053-Scheduled_Task/Job_48,RUL-048,Closed,ANL-049
ALT-009333,SOC-GAMMA,2026-07-28 11:06:00,Critical,AST-0089,High,DET-T1078-Valid_Accounts_60,RUL-060,Closed,ANL-049
ALT-009363,SOC-GAMMA,2026-08-08 08:26:00,Medium,AST-0444,Low,DET-T1021-Remote_Services_34,RUL-034,Closed,ANL-049
ALT-009400,SOC-GAMMA,2026-07-07 07:14:00,Low,AST-0396,Low,DET-T1567-Exfiltration_Over_Web_Service_70,RUL-070,Closed,ANL-042
ALT-009417,SOC-GAMMA,2026-07-04 04:19:00,Medium,AST-0407,Low,DET-T1078-Valid_Accounts_90,RUL-090,Closed,ANL-054
ALT-009433,SOC-GAMMA,2026-07-06 17:35:00,Medium,AST-0441,Low,DET-T1566-Phishing_17,RUL-017,Closed,ANL-041
ALT-009465,SOC-GAMMA,2026-06-19 22:32:00,Critical,AST-0114,High,DET-T1486-Data_Encrypted_for_Impact_71,RUL-071,Closed,ANL-054
ALT-009472,SOC-GAMMA,2026-07-03 03:57:00,Critical,AST-0089,High,DET-T1567-Exfiltration_Over_Web_Service_85,RUL-085,Closed,ANL-044
ALT-009483,SOC-GAMMA,2026-09-02 16:19:00,Medium,AST-0021,Critical,DET-T1070-Indicator_Removal_on_Host_99,RUL-099,Closed,ANL-054
ALT-009503,SOC-GAMMA,2026-07-02 15:15:00,High,AST-0115,High,DET-T1059-Command_and_Scripting_Interpreter_01,RUL-001,Closed,ANL-054
ALT-009519,SOC-GAMMA,2026-08-23 17:25:00,Critical,AST-0145,High,DET-T1090-Proxy_58,RUL-058,Closed,ANL-051
ALT-009521,SOC-GAMMA,2026-06-25 09:21:00,Medium,AST-0174,Medium,DET-T1046-Network_Service_Discovery_96,RUL-096,Closed,ANL-054
ALT-009568,SOC-GAMMA,2026-07-01 15:18:00,Medium,AST-0396,Low,DET-T1566-Phishing_47,RUL-047,Closed,ANL-049
ALT-009576,SOC-GAMMA,2026-06-26 23:31:00,Critical,AST-0139,High,DET-T1562-Impair_Defenses_22,RUL-022,Closed,ANL-042
ALT-009594,SOC-GAMMA,2026-08-20 21:22:00,Critical,AST-0413,Low,DET-T1053-Scheduled_Task/Job_48,RUL-048,Closed,ANL-042
ALT-009610,SOC-GAMMA,2026-06-20 08:24:00,Medium,AST-0157,High,DET-T1055-Process_Injection_27,RUL-027,Closed,ANL-046
ALT-009629,SOC-GAMMA,2026-08-26 06:14:00,Low,AST-0323,Medium,DET-T1021-Remote_Services_64,RUL-064,Closed,ANL-055
ALT-009641,SOC-GAMMA,2026-08-13 11:21:00,High,AST-0110,High,DET-T1110-Brute_Force_08,RUL-008,Closed,ANL-043
ALT-009662,SOC-GAMMA,2026-08-12 09:15:00,High,AST-0146,High,DET-T1055-Process_Injection_72,RUL-072,Closed,ANL-055
ALT-009667,SOC-GAMMA,2026-07-05 07:47:00,Low,AST-0208,Medium,DET-T1566-Phishing_47,RUL-047,Closed,ANL-050
ALT-009677,SOC-GAMMA,2026-07-09 11:50:00,Medium,AST-0426,Low,DET-T1567-Exfiltration_Over_Web_Service_40,RUL-040,Closed,ANL-043
ALT-009700,SOC-GAMMA,2026-07-30 18:47:00,Medium,AST-0457,Low,DET-T1046-Network_Service_Discovery_21,RUL-021,Closed,ANL-052
ALT-009702,SOC-GAMMA,2026-07-12 14:58:00,High,AST-0148,High,DET-T1090-Proxy_88,RUL-088,Closed,ANL-051
ALT-009709,SOC-GAMMA,2026-06-25 14:10:00,High,AST-0398,Low,DET-T1110-Brute_Force_53,RUL-053,Under Review,ANL-043
ALT-009724,SOC-GAMMA,2026-08-29 11:07:00,Critical,AST-0437,Low,DET-T1567-Exfiltration_Over_Web_Service_25,RUL-025,Closed,ANL-048
ALT-009835,SOC-GAMMA,2026-07-11 04:14:00,Low,AST-0464,Low,DET-T1190-Exploit_Public-Facing_Application_29,RUL-029,Closed,ANL-049
ALT-009859,SOC-GAMMA,2026-07-06 11:54:00,Medium,AST-0162,High,DET-T1021-Remote_Services_94,RUL-094,Closed,ANL-048
ALT-009881,SOC-GAMMA,2026-08-20 00:27:00,Medium,AST-0405,Low,DET-T1090-Proxy_88,RUL-088,Closed,ANL-041
ALT-009885,SOC-GAMMA,2026-07-27 14:48:00,High,AST-0084,High,DET-T1486-Data_Encrypted_for_Impact_26,RUL-026,Closed,ANL-042
ALT-009903,SOC-GAMMA,2026-07-11 02:09:00,Medium,AST-0102,High,DET-T1566-Phishing_92,RUL-092,Closed,ANL-050
ALT-009924,SOC-GAMMA,2026-08-31 14:32:00,Low,AST-0357,Medium,DET-T1021-Remote_Services_04,RUL-004,Closed,ANL-042
ALT-009954,SOC-GAMMA,2026-07-03 09:40:00,Medium,AST-0030,Critical,DET-T1070-Indicator_Removal_on_Host_24,RUL-024,Closed,ANL-044
ALT-009960,SOC-GAMMA,2026-06-27 13:30:00,Low,AST-0453,Low,DET-T1046-Network_Service_Discovery_06,RUL-006,Closed,ANL-047
ALT-009977,SOC-GAMMA,2026-09-02 04:55:00,Medium,AST-0204,Medium,DET-T1078-Valid_Accounts_60,RUL-060,Closed,ANL-043
ALT-009986,SOC-GAMMA,2026-07-12 20:22:00,Critical,AST-0154,High,DET-T1567-Exfiltration_Over_Web_Service_55,RUL-055,Under Review,ANL-045
ALT-009998,SOC-GAMMA,2026-07-14 10:55:00,Low,AST-0150,High,DET-T1070-Indicator_Removal_on_Host_69,RUL-069,Closed,ANL-047
ALT-010001,SOC-GAMMA,2026-07-22 11:43:00,Critical,AST-0071,High,DET-T1190-Exploit_Public-Facing_Application_14,RUL-014,Closed,ANL-041
ALT-010008,SOC-GAMMA,2026-08-31 18:03:00,Low,AST-0049,Critical,DET-T1046-Network_Service_Discovery_36,RUL-036,Closed,ANL-053
ALT-010039,SOC-GAMMA,2026-08-09 01:58:00,High,AST-0084,High,DET-T1046-Network_Service_Discovery_96,RUL-096,Closed,ANL-049
ALT-010059,SOC-GAMMA,2026-08-05 18:35:00,Low,AST-0260,Medium,DET-T1053-Scheduled_Task/Job_48,RUL-048,Closed,ANL-050
ALT-010062,SOC-GAMMA,2026-06-18 22:58:00,High,AST-0119,High,DET-T1070-Indicator_Removal_on_Host_24,RUL-024,Closed,ANL-043
ALT-010090,SOC-GAMMA,2026-07-11 04:24:00,Critical,AST-0121,High,DET-T1562-Impair_Defenses_22,RUL-022,Closed,ANL-046
ALT-010094,SOC-GAMMA,2026-08-29 16:05:00,Medium,AST-0156,High,DET-T1053-Scheduled_Task/Job_33,RUL-033,Closed,ANL-043
ALT-010107,SOC-GAMMA,2026-06-30 19:25:00,Low,AST-0192,Medium,DET-T1567-Exfiltration_Over_Web_Service_55,RUL-055,Closed,ANL-046
ALT-010131,SOC-GAMMA,2026-08-01 18:20:00,Low,AST-0429,Low,DET-T1110-Brute_Force_68,RUL-068,Closed,ANL-045
ALT-010147,SOC-GAMMA,2026-08-29 18:46:00,Low,AST-0076,High,DET-T1003-OS_Credential_Dumping_95,RUL-095,Closed,ANL-051
ALT-010151,SOC-GAMMA,2026-06-18 16:29:00,Critical,AST-0468,Low,DET-T1059-Command_and_Scripting_Interpreter_91,RUL-091,Closed,ANL-045
ALT-010170,SOC-GAMMA,2026-07-24 16:40:00,High,AST-0112,High,DET-T1059-Command_and_Scripting_Interpreter_46,RUL-046,Closed,ANL-047
ALT-010206,SOC-GAMMA,2026-08-20 11:06:00,Medium,AST-0401,Low,DET-T1055-Process_Injection_42,RUL-042,Closed,ANL-048
ALT-010211,SOC-GAMMA,2026-08-24 17:41:00,Critical,AST-0094,High,DET-T1090-Proxy_43,RUL-043,Closed,ANL-049
ALT-010248,SOC-GAMMA,2026-08-06 12:13:00,High,AST-0106,High,DET-T1059-Command_and_Scripting_Interpreter_91,RUL-091,Closed,ANL-043
ALT-010278,SOC-GAMMA,2026-07-23 10:41:00,Medium,AST-0116,High,DET-T1021-Remote_Services_79,RUL-079,Closed,ANL-050
ALT-010285,SOC-GAMMA,2026-08-19 18:36:00,Medium,AST-0153,High,DET-T1486-Data_Encrypted_for_Impact_56,RUL-056,Closed,ANL-043
ALT-010291,SOC-GAMMA,2026-08-16 05:05:00,Medium,AST-0268,Medium,DET-T1078-Valid_Accounts_15,RUL-015,Closed,ANL-054
ALT-010303,SOC-DELTA,2026-07-03 09:38:00,Medium,AST-0062,High,DET-T1078-Valid_Accounts_75,RUL-075,Closed,ANL-070
ALT-010308,SOC-DELTA,2026-08-23 13:41:00,Medium,AST-0355,Medium,DET-T1046-Network_Service_Discovery_36,RUL-036,Closed,ANL-075
ALT-010313,SOC-DELTA,2026-08-07 11:56:00,Medium,AST-0251,Medium,DET-T1003-OS_Credential_Dumping_50,RUL-050,Closed,ANL-067
ALT-010329,SOC-DELTA,2026-08-20 14:31:00,Medium,AST-0154,High,DET-T1566-Phishing_02,RUL-002,Closed,ANL-066
ALT-010331,SOC-DELTA,2026-08-08 17:05:00,Medium,AST-0085,High,DET-T1110-Brute_Force_98,RUL-098,Closed,ANL-066
ALT-010383,SOC-DELTA,2026-07-22 19:17:00,Low,AST-0239,Medium,DET-T1078-Valid_Accounts_90,RUL-090,Closed,ANL-074
ALT-010409,SOC-DELTA,2026-09-03 13:21:00,Low,AST-0346,Medium,DET-T1003-OS_Credential_Dumping_95,RUL-095,Closed,ANL-057
ALT-010438,SOC-DELTA,2026-08-09 07:40:00,Low,AST-0425,Low,DET-T1486-Data_Encrypted_for_Impact_11,RUL-011,Closed,ANL-061
ALT-010468,SOC-DELTA,2026-07-19 12:48:00,Low,AST-0309,Medium,DET-T1021-Remote_Services_79,RUL-079,Closed,ANL-071
ALT-010477,SOC-DELTA,2026-07-01 02:15:00,High,AST-0127,High,DET-T1486-Data_Encrypted_for_Impact_26,RUL-026,Closed,ANL-064
ALT-010542,SOC-DELTA,2026-07-29 00:29:00,High,AST-0034,Critical,DET-T1566-Phishing_17,RUL-017,Closed,ANL-056
ALT-010559,SOC-DELTA,2026-07-23 13:04:00,Medium,AST-0235,Medium,DET-T1078-Valid_Accounts_90,RUL-090,Closed,ANL-064
ALT-010568,SOC-DELTA,2026-06-18 21:55:00,Medium,AST-0071,High,DET-T1486-Data_Encrypted_for_Impact_41,RUL-041,Closed,ANL-064
ALT-010572,SOC-DELTA,2026-07-29 22:31:00,High,AST-0067,High,DET-T1090-Proxy_13,RUL-013,Closed,ANL-063
ALT-010574,SOC-DELTA,2026-08-11 11:11:00,Medium,AST-0250,Medium,DET-T1090-Proxy_58,RUL-058,Closed,ANL-062
ALT-010610,SOC-DELTA,2026-07-08 14:17:00,Medium,AST-0129,High,DET-T1078-Valid_Accounts_60,RUL-060,Closed,ANL-064
ALT-010637,SOC-DELTA,2026-06-27 18:50:00,Low,AST-0283,Medium,DET-T1003-OS_Credential_Dumping_20,RUL-020,Under Review,ANL-072
ALT-010642,SOC-DELTA,2026-08-19 03:15:00,Medium,AST-0242,Medium,DET-T1486-Data_Encrypted_for_Impact_56,RUL-056,Closed,ANL-074
ALT-010664,SOC-DELTA,2026-06-26 19:31:00,Medium,AST-0058,High,DET-T1486-Data_Encrypted_for_Impact_86,RUL-086,Closed,ANL-069
ALT-010731,SOC-DELTA,2026-07-17 06:01:00,Medium,AST-0443,Low,DET-T1566-Phishing_32,RUL-032,Closed,ANL-068
ALT-010773,SOC-DELTA,2026-07-19 17:54:00,Medium,AST-0127,High,DET-T1059-Command_and_Scripting_Interpreter_61,RUL-061,Closed,ANL-066
ALT-010775,SOC-DELTA,2026-08-02 18:17:00,Medium,AST-0234,Medium,DET-T1003-OS_Credential_Dumping_20,RUL-020,Closed,ANL-073
ALT-010807,SOC-DELTA,2026-08-27 04:30:00,Medium,AST-0389,Low,DET-T1562-Impair_Defenses_97,RUL-097,Closed,ANL-066
ALT-010814,SOC-DELTA,2026-06-26 02:40:00,Medium,AST-0167,High,DET-T1003-OS_Credential_Dumping_05,RUL-005,Closed,ANL-057
ALT-010848,SOC-DELTA,2026-08-07 08:57:00,Medium,AST-0150,High,DET-T1486-Data_Encrypted_for_Impact_86,RUL-086,Closed,ANL-075
ALT-010882,SOC-DELTA,2026-07-07 14:38:00,Medium,AST-0465,Low,DET-T1070-Indicator_Removal_on_Host_09,RUL-009,Closed,ANL-072
ALT-010921,SOC-DELTA,2026-08-24 18:06:00,Medium,AST-0391,Low,DET-T1562-Impair_Defenses_82,RUL-082,Closed,ANL-073
ALT-010968,SOC-DELTA,2026-07-18 08:29:00,Medium,AST-0134,High,DET-T1562-Impair_Defenses_07,RUL-007,Closed,ANL-059
ALT-010987,SOC-DELTA,2026-08-03 09:11:00,High,AST-0016,Critical,DET-T1003-OS_Credential_Dumping_35,RUL-035,Closed,ANL-058
ALT-010991,SOC-DELTA,2026-09-02 07:08:00,Critical,AST-0127,High,DET-T1003-OS_Credential_Dumping_05,RUL-005,Closed,ANL-062
ALT-010992,SOC-DELTA,2026-07-26 09:15:00,Low,AST-0179,Medium,DET-T1059-Command_and_Scripting_Interpreter_91,RUL-091,Closed,ANL-058
ALT-011025,SOC-DELTA,2026-08-05 09:43:00,High,AST-0051,High,DET-T1078-Valid_Accounts_30,RUL-030,Closed,ANL-073
ALT-011062,SOC-DELTA,2026-08-24 01:45:00,High,AST-0006,Critical,DET-T1567-Exfiltration_Over_Web_Service_40,RUL-040,Closed,ANL-062
ALT-011074,SOC-DELTA,2026-08-19 13:53:00,High,AST-0062,High,DET-T1567-Exfiltration_Over_Web_Service_100,RUL-100,Closed,ANL-074
ALT-011081,SOC-DELTA,2026-07-13 08:08:00,Medium,AST-0159,High,DET-T1053-Scheduled_Task/Job_78,RUL-078,Closed,ANL-070
ALT-011139,SOC-DELTA,2026-09-10 05:39:00,Medium,AST-0428,Low,DET-T1090-Proxy_58,RUL-058,Closed,ANL-059
ALT-011157,SOC-DELTA,2026-07-03 11:00:00,Medium,AST-0454,Low,DET-T1486-Data_Encrypted_for_Impact_71,RUL-071,Closed,ANL-069
ALT-011169,SOC-DELTA,2026-08-16 20:53:00,High,AST-0145,High,DET-T1003-OS_Credential_Dumping_95,RUL-095,Closed,ANL-065
ALT-011228,SOC-DELTA,2026-07-02 06:12:00,Medium,AST-0427,Low,DET-T1090-Proxy_43,RUL-043,Closed,ANL-065
ALT-011231,SOC-DELTA,2026-08-10 23:17:00,Low,AST-0398,Low,DET-T1090-Proxy_28,RUL-028,Closed,ANL-057
ALT-011240,SOC-DELTA,2026-08-03 13:23:00,Medium,AST-0040,Critical,DET-T1053-Scheduled_Task/Job_78,RUL-078,Closed,ANL-059
ALT-011263,SOC-DELTA,2026-07-27 11:33:00,Medium,AST-0045,Critical,DET-T1567-Exfiltration_Over_Web_Service_10,RUL-010,Closed,ANL-058
ALT-011266,SOC-DELTA,2026-07-13 22:50:00,High,AST-0034,Critical,DET-T1566-Phishing_32,RUL-032,Closed,ANL-072
ALT-011301,SOC-DELTA,2026-08-12 10:28:00,Medium,AST-0031,Critical,DET-T1090-Proxy_88,RUL-088,Closed,ANL-058
ALT-011307,SOC-DELTA,2026-08-20 02:55:00,Medium,AST-0085,High,DET-T1003-OS_Credential_Dumping_65,RUL-065,Under Review,ANL-068
ALT-011329,SOC-DELTA,2026-08-26 22:00:00,High,AST-0128,High,DET-T1090-Proxy_28,RUL-028,Closed,ANL-069
ALT-011449,SOC-DELTA,2026-08-13 18:41:00,High,AST-0017,Critical,DET-T1567-Exfiltration_Over_Web_Service_85,RUL-085,Closed,ANL-069
ALT-011462,SOC-DELTA,2026-07-08 10:07:00,Medium,AST-0351,Medium,DET-T1190-Exploit_Public-Facing_Application_89,RUL-089,Closed,ANL-075
ALT-011480,SOC-DELTA,2026-08-28 20:36:00,High,AST-0147,High,DET-T1055-Process_Injection_87,RUL-087,Closed,ANL-074
ALT-011485,SOC-DELTA,2026-07-07 22:11:00,Medium,AST-0148,High,DET-T1021-Remote_Services_04,RUL-004,Closed,ANL-067
ALT-011527,SOC-DELTA,2026-07-21 23:25:00,High,AST-0070,High,DET-T1021-Remote_Services_79,RUL-079,Closed,ANL-067
ALT-011550,SOC-DELTA,2026-08-03 16:03:00,High,AST-0427,Low,DET-T1046-Network_Service_Discovery_96,RUL-096,Closed,ANL-073
ALT-011582,SOC-DELTA,2026-07-02 16:53:00,Low,AST-0357,Medium,DET-T1053-Scheduled_Task/Job_63,RUL-063,Closed,ANL-057
ALT-011589,SOC-DELTA,2026-07-20 04:56:00,Medium,AST-0285,Medium,DET-T1110-Brute_Force_53,RUL-053,Closed,ANL-070
ALT-011657,SOC-DELTA,2026-07-25 13:59:00,Medium,AST-0321,Medium,DET-T1021-Remote_Services_49,RUL-049,Closed,ANL-066
ALT-011664,SOC-DELTA,2026-06-25 16:52:00,High,AST-0187,Medium,DET-T1562-Impair_Defenses_37,RUL-037,Closed,ANL-059
ALT-011717,SOC-DELTA,2026-09-02 17:32:00,Medium,AST-0315,Medium,DET-T1486-Data_Encrypted_for_Impact_56,RUL-056,Closed,ANL-062
ALT-011722,SOC-DELTA,2026-06-13 03:40:00,High,AST-0052,High,DET-T1567-Exfiltration_Over_Web_Service_85,RUL-085,Closed,ANL-058
ALT-011754,SOC-DELTA,2026-06-21 11:15:00,High,AST-0358,Medium,DET-T1090-Proxy_73,RUL-073,Closed,ANL-068
ALT-011761,SOC-DELTA,2026-07-24 15:04:00,Critical,AST-0005,Critical,DET-T1078-Valid_Accounts_30,RUL-030,Closed,ANL-075
ALT-011762,SOC-DELTA,2026-07-30 00:04:00,Medium,AST-0463,Low,DET-T1486-Data_Encrypted_for_Impact_56,RUL-056,Closed,ANL-071
ALT-011777,SOC-DELTA,2026-06-16 11:20:00,Critical,AST-0001,Critical,DET-T1190-Exploit_Public-Facing_Application_29,RUL-029,Closed,ANL-063
ALT-011803,SOC-DELTA,2026-08-23 23:13:00,High,AST-0168,High,DET-T1078-Valid_Accounts_60,RUL-060,Closed,ANL-064
ALT-011842,SOC-DELTA,2026-07-10 23:16:00,Medium,AST-0188,Medium,DET-T1190-Exploit_Public-Facing_Application_59,RUL-059,Closed,ANL-064
ALT-011877,SOC-DELTA,2026-06-27 10:11:00,Critical,AST-0026,Critical,DET-T1021-Remote_Services_34,RUL-034,Closed,ANL-067
ALT-011892,SOC-DELTA,2026-07-22 05:22:00,Medium,AST-0323,Medium,DET-T1562-Impair_Defenses_07,RUL-007,Closed,ANL-064
ALT-011902,SOC-DELTA,2026-06-24 13:40:00,Low,AST-0050,Critical,DET-T1110-Brute_Force_83,RUL-083,Closed,ANL-064
ALT-011906,SOC-DELTA,2026-07-12 06:17:00,Low,AST-0113,High,DET-T1562-Impair_Defenses_52,RUL-052,Closed,ANL-069
ALT-011920,SOC-DELTA,2026-07-31 20:25:00,Medium,AST-0199,Medium,DET-T1486-Data_Encrypted_for_Impact_86,RUL-086,Closed,ANL-069
ALT-011925,SOC-DELTA,2026-07-25 01:21:00,Critical,AST-0050,Critical,DET-T1566-Phishing_02,RUL-002,Closed,ANL-065
ALT-011929,SOC-DELTA,2026-08-12 04:41:00,Low,AST-0482,Low,DET-T1070-Indicator_Removal_on_Host_39,RUL-039,Closed,ANL-063
ALT-011960,SOC-DELTA,2026-07-28 08:19:00,Critical,AST-0130,High,DET-T1070-Indicator_Removal_on_Host_84,RUL-084,Closed,ANL-068
ALT-012048,SOC-DELTA,2026-07-05 06:11:00,Medium,AST-0237,Medium,DET-T1055-Process_Injection_57,RUL-057,Closed,ANL-068
ALT-012051,SOC-DELTA,2026-06-28 21:09:00,Low,AST-0347,Medium,DET-T1055-Process_Injection_12,RUL-012,Closed,ANL-068
ALT-012065,SOC-DELTA,2026-08-20 13:58:00,High,AST-0020,Critical,DET-T1190-Exploit_Public-Facing_Application_74,RUL-074,Closed,ANL-066
ALT-012103,SOC-DELTA,2026-08-09 17:34:00,High,AST-0169,High,DET-T1562-Impair_Defenses_97,RUL-097,Closed,ANL-067
ALT-012111,SOC-DELTA,2026-08-26 10:40:00,High,AST-0078,High,DET-T1059-Command_and_Scripting_Interpreter_76,RUL-076,Closed,ANL-063
ALT-012134,SOC-DELTA,2026-07-29 03:27:00,Medium,AST-0062,High,DET-T1003-OS_Credential_Dumping_80,RUL-080,Closed,ANL-067
ALT-012178,SOC-DELTA,2026-07-02 21:27:00,High,AST-0423,Low,DET-T1562-Impair_Defenses_97,RUL-097,Closed,ANL-066
ALT-012208,SOC-DELTA,2026-08-30 11:53:00,Medium,AST-0400,Low,DET-T1562-Impair_Defenses_37,RUL-037,Closed,ANL-058
ALT-012231,SOC-DELTA,2026-06-28 22:16:00,Low,AST-0247,Medium,DET-T1090-Proxy_43,RUL-043,Closed,ANL-071
ALT-012242,SOC-DELTA,2026-06-22 21:50:00,Medium,AST-0385,Low,DET-T1059-Command_and_Scripting_Interpreter_61,RUL-061,Closed,ANL-073
ALT-012251,SOC-DELTA,2026-09-02 05:19:00,Critical,AST-0074,High,DET-T1562-Impair_Defenses_37,RUL-037,Closed,ANL-062
ALT-012272,SOC-DELTA,2026-08-20 21:34:00,Medium,AST-0328,Medium,DET-T1090-Proxy_58,RUL-058,Closed,ANL-071
ALT-012273,SOC-DELTA,2026-07-06 00:18:00,High,AST-0081,High,DET-T1003-OS_Credential_Dumping_20,RUL-020,Closed,ANL-075
ALT-012279,SOC-DELTA,2026-09-07 05:29:00,Critical,AST-0003,Critical,DET-T1059-Command_and_Scripting_Interpreter_16,RUL-016,Closed,ANL-073
ALT-012294,SOC-DELTA,2026-08-09 18:31:00,Medium,AST-0374,Low,DET-T1046-Network_Service_Discovery_21,RUL-021,Under Review,ANL-069
ALT-012300,SOC-DELTA,2026-08-12 23:20:00,Medium,AST-0272,Medium,DET-T1562-Impair_Defenses_67,RUL-067,Closed,ANL-061
ALT-012303,SOC-DELTA,2026-07-05 11:58:00,Medium,AST-0216,Medium,DET-T1078-Valid_Accounts_60,RUL-060,Closed,ANL-060
ALT-012346,SOC-DELTA,2026-06-22 10:01:00,Medium,AST-0448,Low,DET-T1567-Exfiltration_Over_Web_Service_70,RUL-070,Closed,ANL-061
ALT-012356,SOC-DELTA,2026-08-17 03:12:00,Low,AST-0397,Low,DET-T1562-Impair_Defenses_82,RUL-082,Closed,ANL-056
ALT-012359,SOC-DELTA,2026-08-18 22:34:00,Low,AST-0145,High,DET-T1567-Exfiltration_Over_Web_Service_10,RUL-010,Closed,ANL-067
ALT-012422,SOC-DELTA,2026-08-04 04:24:00,Medium,AST-0436,Low,DET-T1567-Exfiltration_Over_Web_Service_25,RUL-025,Closed,ANL-069
ALT-012484,SOC-DELTA,2026-08-29 15:53:00,High,AST-0114,High,DET-T1046-Network_Service_Discovery_06,RUL-006,Closed,ANL-064
ALT-012502,SOC-DELTA,2026-09-08 15:06:00,High,AST-0277,Medium,DET-T1021-Remote_Services_49,RUL-049,Closed,ANL-059
ALT-012517,SOC-DELTA,2026-09-10 03:25:00,High,AST-0053,High,DET-T1070-Indicator_Removal_on_Host_39,RUL-039,Closed,ANL-065
ALT-012528,SOC-DELTA,2026-06-26 17:37:00,High,AST-0226,Medium,DET-T1566-Phishing_77,RUL-077,Closed,ANL-064
ALT-012531,SOC-DELTA,2026-08-21 01:40:00,Medium,AST-0490,Low,DET-T1190-Exploit_Public-Facing_Application_29,RUL-029,Closed,ANL-072
ALT-012545,SOC-DELTA,2026-08-23 15:46:00,Medium,AST-0050,Critical,DET-T1078-Valid_Accounts_60,RUL-060,Closed,ANL-056
ALT-012558,SOC-DELTA,2026-07-27 23:09:00,Medium,AST-0388,Low,DET-T1053-Scheduled_Task/Job_33,RUL-033,Closed,ANL-066
ALT-012565,SOC-DELTA,2026-07-06 06:12:00,High,AST-0108,High,DET-T1003-OS_Credential_Dumping_05,RUL-005,Closed,ANL-066
ALT-012574,SOC-DELTA,2026-07-25 22:28:00,Medium,AST-0382,Low,DET-T1078-Valid_Accounts_60,RUL-060,Closed,ANL-071
ALT-012575,SOC-DELTA,2026-08-30 18:20:00,Medium,AST-0456,Low,DET-T1070-Indicator_Removal_on_Host_84,RUL-084,Closed,ANL-069
ALT-012611,SOC-DELTA,2026-06-16 21:33:00,Low,AST-0199,Medium,DET-T1566-Phishing_17,RUL-017,Closed,ANL-075
ALT-012629,SOC-DELTA,2026-06-27 08:37:00,Low,AST-0065,High,DET-T1046-Network_Service_Discovery_66,RUL-066,Closed,ANL-056
ALT-012633,SOC-DELTA,2026-08-07 19:50:00,Critical,AST-0091,High,DET-T1110-Brute_Force_53,RUL-053,Closed,ANL-067
ALT-012639,SOC-DELTA,2026-07-29 08:22:00,Medium,AST-0100,High,DET-T1567-Exfiltration_Over_Web_Service_70,RUL-070,Closed,ANL-059
ALT-012643,SOC-DELTA,2026-07-12 03:34:00,High,AST-0321,Medium,DET-T1046-Network_Service_Discovery_96,RUL-096,Closed,ANL-059
ALT-012652,SOC-DELTA,2026-06-20 10:44:00,Critical,AST-0135,High,DET-T1190-Exploit_Public-Facing_Application_29,RUL-029,Closed,ANL-066
ALT-012688,SOC-DELTA,2026-08-10 17:08:00,Medium,AST-0162,High,DET-T1003-OS_Credential_Dumping_20,RUL-020,Closed,ANL-058
ALT-012701,SOC-DELTA,2026-08-25 00:35:00,Medium,AST-0451,Low,DET-T1053-Scheduled_Task/Job_93,RUL-093,Closed,ANL-056
ALT-012704,SOC-DELTA,2026-06-26 07:01:00,Low,AST-0157,High,DET-T1486-Data_Encrypted_for_Impact_56,RUL-056,Closed,ANL-064
ALT-012723,SOC-DELTA,2026-09-07 20:56:00,Low,AST-0388,Low,DET-T1003-OS_Credential_Dumping_65,RUL-065,Closed,ANL-060
ALT-012752,SOC-DELTA,2026-08-26 20:39:00,Medium,AST-0019,Critical,DET-T1190-Exploit_Public-Facing_Application_14,RUL-014,Closed,ANL-060
ALT-012756,SOC-DELTA,2026-08-14 23:00:00,Low,AST-0190,Medium,DET-T1078-Valid_Accounts_45,RUL-045,Closed,ANL-059
ALT-012801,SOC-DELTA,2026-09-09 00:37:00,High,AST-0123,High,DET-T1110-Brute_Force_08,RUL-008,Closed,ANL-059
ALT-012826,SOC-DELTA,2026-09-02 17:24:00,High,AST-0084,High,DET-T1021-Remote_Services_49,RUL-049,Under Review,ANL-062
ALT-012828,SOC-DELTA,2026-06-13 06:20:00,Critical,AST-0113,High,DET-T1021-Remote_Services_49,RUL-049,Closed,ANL-058
ALT-012844,SOC-DELTA,2026-07-16 06:37:00,Medium,AST-0386,Low,DET-T1055-Process_Injection_12,RUL-012,Closed,ANL-066
ALT-012867,SOC-DELTA,2026-08-01 14:06:00,Medium,AST-0080,High,DET-T1566-Phishing_47,RUL-047,Closed,ANL-058
ALT-012898,SOC-DELTA,2026-08-12 08:28:00,Low,AST-0333,Medium,DET-T1003-OS_Credential_Dumping_65,RUL-065,Closed,ANL-061
ALT-012907,SOC-DELTA,2026-09-08 12:00:00,Low,AST-0051,High,DET-T1486-Data_Encrypted_for_Impact_86,RUL-086,Under Review,ANL-065
ALT-012909,SOC-DELTA,2026-08-25 12:59:00,Low,AST-0149,High,DET-T1078-Valid_Accounts_30,RUL-030,Closed,ANL-069
ALT-012913,SOC-DELTA,2026-06-18 20:58:00,Medium,AST-0487,Low,DET-T1567-Exfiltration_Over_Web_Service_55,RUL-055,Closed,ANL-072
ALT-012931,SOC-DELTA,2026-08-28 17:51:00,Medium,AST-0106,High,DET-T1090-Proxy_58,RUL-058,Closed,ANL-069
ALT-012946,SOC-DELTA,2026-07-02 07:52:00,Low,AST-0039,Critical,DET-T1566-Phishing_17,RUL-017,Closed,ANL-057
ALT-012964,SOC-DELTA,2026-08-09 01:33:00,Medium,AST-0284,Medium,DET-T1046-Network_Service_Discovery_51,RUL-051,Closed,ANL-058
ALT-012969,SOC-DELTA,2026-06-15 21:51:00,Critical,AST-0047,Critical,DET-T1046-Network_Service_Discovery_36,RUL-036,Closed,ANL-071
ALT-013002,SOC-DELTA,2026-08-01 19:47:00,High,AST-0160,High,DET-T1003-OS_Credential_Dumping_20,RUL-020,Closed,ANL-064
ALT-013003,SOC-DELTA,2026-06-25 23:00:00,Medium,AST-0111,High,DET-T1190-Exploit_Public-Facing_Application_14,RUL-014,Closed,ANL-067
ALT-013010,SOC-DELTA,2026-08-22 22:37:00,Low,AST-0423,Low,DET-T1090-Proxy_58,RUL-058,Closed,ANL-073
ALT-013017,SOC-DELTA,2026-08-18 01:51:00,Medium,AST-0168,High,DET-T1053-Scheduled_Task/Job_93,RUL-093,Closed,ANL-057
ALT-013026,SOC-DELTA,2026-07-26 07:58:00,High,AST-0018,Critical,DET-T1078-Valid_Accounts_45,RUL-045,Closed,ANL-061
ALT-013038,SOC-DELTA,2026-08-19 17:23:00,Medium,AST-0283,Medium,DET-T1055-Process_Injection_57,RUL-057,Closed,ANL-060
ALT-013043,SOC-DELTA,2026-06-25 11:29:00,Medium,AST-0491,Low,DET-T1190-Exploit_Public-Facing_Application_44,RUL-044,Closed,ANL-062
ALT-013046,SOC-DELTA,2026-06-25 03:10:00,Medium,AST-0102,High,DET-T1078-Valid_Accounts_75,RUL-075,Closed,ANL-073
ALT-013050,SOC-DELTA,2026-08-04 10:35:00,Medium,AST-0449,Low,DET-T1567-Exfiltration_Over_Web_Service_100,RUL-100,Closed,ANL-072
ALT-013096,SOC-DELTA,2026-07-26 04:06:00,Medium,AST-0428,Low,DET-T1562-Impair_Defenses_82,RUL-082,Closed,ANL-068
ALT-013117,SOC-DELTA,2026-08-29 15:22:00,Medium,AST-0189,Medium,DET-T1567-Exfiltration_Over_Web_Service_70,RUL-070,Closed,ANL-063
ALT-013124,SOC-DELTA,2026-07-11 21:30:00,High,AST-0045,Critical,DET-T1090-Proxy_13,RUL-013,Closed,ANL-061
ALT-013151,SOC-DELTA,2026-07-10 21:28:00,Critical,AST-0133,High,DET-T1190-Exploit_Public-Facing_Application_44,RUL-044,Under Review,ANL-060
ALT-013181,SOC-DELTA,2026-07-12 18:04:00,Low,AST-0342,Medium,DET-T1055-Process_Injection_27,RUL-027,Closed,ANL-068
ALT-013199,SOC-DELTA,2026-06-22 12:22:00,High,AST-0090,High,DET-T1046-Network_Service_Discovery_51,RUL-051,Closed,ANL-071
ALT-013208,SOC-DELTA,2026-09-09 23:23:00,High,AST-0008,Critical,DET-T1486-Data_Encrypted_for_Impact_41,RUL-041,Closed,ANL-069
ALT-013209,SOC-DELTA,2026-07-03 11:11:00,Low,AST-0072,High,DET-T1070-Indicator_Removal_on_Host_54,RUL-054,Closed,ANL-063
ALT-013232,SOC-DELTA,2026-08-02 07:34:00,Medium,AST-0452,Low,DET-T1567-Exfiltration_Over_Web_Service_55,RUL-055,Closed,ANL-065
ALT-013242,SOC-DELTA,2026-08-31 15:55:00,High,AST-0027,Critical,DET-T1046-Network_Service_Discovery_96,RUL-096,Under Review,ANL-067
ALT-013271,SOC-DELTA,2026-06-30 21:57:00,Medium,AST-0207,Medium,DET-T1053-Scheduled_Task/Job_63,RUL-063,Closed,ANL-057
ALT-013315,SOC-DELTA,2026-09-06 01:13:00,Medium,AST-0384,Low,DET-T1021-Remote_Services_04,RUL-004,Closed,ANL-059
ALT-013333,SOC-DELTA,2026-08-27 13:35:00,Critical,AST-0155,High,DET-T1110-Brute_Force_68,RUL-068,Closed,ANL-059
ALT-013363,SOC-DELTA,2026-08-09 20:52:00,High,AST-0169,High,DET-T1046-Network_Service_Discovery_36,RUL-036,Closed,ANL-070
ALT-013396,SOC-DELTA,2026-07-01 17:52:00,Low,AST-0148,High,DET-T1190-Exploit_Public-Facing_Application_29,RUL-029,Closed,ANL-069
ALT-013399,SOC-DELTA,2026-09-08 17:17:00,Medium,AST-0259,Medium,DET-T1055-Process_Injection_72,RUL-072,Closed,ANL-068
ALT-013408,SOC-DELTA,2026-06-19 05:48:00,High,AST-0239,Medium,DET-T1059-Command_and_Scripting_Interpreter_91,RUL-091,Closed,ANL-062
ALT-013414,SOC-DELTA,2026-07-06 04:15:00,Medium,AST-0446,Low,DET-T1053-Scheduled_Task/Job_63,RUL-063,Closed,ANL-062
ALT-013440,SOC-DELTA,2026-06-14 09:43:00,Medium,AST-0488,Low,DET-T1021-Remote_Services_94,RUL-094,Closed,ANL-062
ALT-013482,SOC-DELTA,2026-07-06 08:37:00,Medium,AST-0407,Low,DET-T1059-Command_and_Scripting_Interpreter_46,RUL-046,Closed,ANL-069
ALT-013484,SOC-DELTA,2026-08-12 22:59:00,High,AST-0273,Medium,DET-T1486-Data_Encrypted_for_Impact_86,RUL-086,Closed,ANL-070
ALT-013515,SOC-DELTA,2026-08-21 19:08:00,High,AST-0167,High,DET-T1562-Impair_Defenses_07,RUL-007,Closed,ANL-060
ALT-013519,SOC-DELTA,2026-06-29 07:29:00,Medium,AST-0119,High,DET-T1046-Network_Service_Discovery_81,RUL-081,Closed,ANL-067
ALT-013539,SOC-DELTA,2026-08-28 11:35:00,Medium,AST-0212,Medium,DET-T1486-Data_Encrypted_for_Impact_26,RUL-026,Closed,ANL-062
ALT-013557,SOC-DELTA,2026-08-06 21:10:00,High,AST-0029,Critical,DET-T1567-Exfiltration_Over_Web_Service_55,RUL-055,Closed,ANL-065
ALT-013563,SOC-DELTA,2026-07-05 20:33:00,High,AST-0438,Low,DET-T1070-Indicator_Removal_on_Host_39,RUL-039,Closed,ANL-073
ALT-013567,SOC-DELTA,2026-09-02 04:01:00,Low,AST-0309,Medium,DET-T1486-Data_Encrypted_for_Impact_41,RUL-041,Closed,ANL-071
ALT-013604,SOC-DELTA,2026-08-14 12:23:00,Medium,AST-0182,Medium,DET-T1059-Command_and_Scripting_Interpreter_31,RUL-031,Closed,ANL-073
ALT-013621,SOC-DELTA,2026-09-07 11:31:00,Medium,AST-0357,Medium,DET-T1566-Phishing_47,RUL-047,Closed,ANL-075
ALT-013630,SOC-DELTA,2026-08-31 06:01:00,Low,AST-0271,Medium,DET-T1059-Command_and_Scripting_Interpreter_16,RUL-016,Closed,ANL-067
ALT-013653,SOC-DELTA,2026-06-28 15:09:00,Critical,AST-0096,High,DET-T1070-Indicator_Removal_on_Host_99,RUL-099,Closed,ANL-058
ALT-013667,SOC-DELTA,2026-07-19 00:44:00,High,AST-0147,High,DET-T1078-Valid_Accounts_15,RUL-015,Closed,ANL-075
ALT-013673,SOC-DELTA,2026-08-03 17:31:00,High,AST-0117,High,DET-T1070-Indicator_Removal_on_Host_99,RUL-099,Closed,ANL-059
ALT-013678,SOC-DELTA,2026-08-10 11:35:00,High,AST-0129,High,DET-T1110-Brute_Force_53,RUL-053,Closed,ANL-065
ALT-013685,SOC-DELTA,2026-08-15 21:36:00,Critical,AST-0030,Critical,DET-T1078-Valid_Accounts_90,RUL-090,Closed,ANL-060
ALT-013708,SOC-DELTA,2026-08-10 13:17:00,High,AST-0134,High,DET-T1566-Phishing_92,RUL-092,Closed,ANL-064
ALT-013732,SOC-DELTA,2026-08-04 00:32:00,Medium,AST-0240,Medium,DET-T1003-OS_Credential_Dumping_05,RUL-005,Closed,ANL-070
ALT-013767,SOC-DELTA,2026-07-07 03:59:00,Critical,AST-0113,High,DET-T1486-Data_Encrypted_for_Impact_41,RUL-041,Closed,ANL-067
ALT-013840,SOC-EPSILON,2026-06-29 15:15:00,Low,AST-0496,Low,DET-T1059-Command_and_Scripting_Interpreter_91,RUL-091,Under Review,ANL-085
ALT-013845,SOC-EPSILON,2026-07-21 22:58:00,High,AST-0065,High,DET-T1566-Phishing_17,RUL-017,Closed,ANL-083
ALT-013848,SOC-EPSILON,2026-08-24 15:38:00,Medium,AST-0202,Medium,DET-T1053-Scheduled_Task/Job_93,RUL-093,Closed,ANL-079
ALT-013897,SOC-EPSILON,2026-07-14 07:08:00,Low,AST-0294,Medium,DET-T1021-Remote_Services_64,RUL-064,Closed,ANL-081
ALT-013903,SOC-EPSILON,2026-08-17 16:14:00,Critical,AST-0378,Low,DET-T1486-Data_Encrypted_for_Impact_71,RUL-071,Closed,ANL-081
ALT-013917,SOC-EPSILON,2026-06-22 07:33:00,Medium,AST-0255,Medium,DET-T1053-Scheduled_Task/Job_78,RUL-078,Closed,ANL-076
ALT-013924,SOC-EPSILON,2026-08-19 23:20:00,Low,AST-0378,Low,DET-T1566-Phishing_62,RUL-062,Closed,ANL-089
ALT-013933,SOC-EPSILON,2026-08-23 23:38:00,Medium,AST-0414,Low,DET-T1562-Impair_Defenses_22,RUL-022,Closed,ANL-083
ALT-013954,SOC-EPSILON,2026-07-02 03:07:00,Medium,AST-0471,Low,DET-T1053-Scheduled_Task/Job_78,RUL-078,Closed,ANL-082
ALT-013955,SOC-EPSILON,2026-08-02 12:06:00,High,AST-0402,Low,DET-T1070-Indicator_Removal_on_Host_39,RUL-039,Closed,ANL-086
ALT-013996,SOC-EPSILON,2026-06-13 18:38:00,Medium,AST-0081,High,DET-T1053-Scheduled_Task/Job_48,RUL-048,Closed,ANL-089
ALT-014005,SOC-EPSILON,2026-07-25 14:28:00,Medium,AST-0298,Medium,DET-T1486-Data_Encrypted_for_Impact_86,RUL-086,Closed,ANL-081
ALT-014011,SOC-EPSILON,2026-08-02 09:02:00,Medium,AST-0404,Low,DET-T1021-Remote_Services_94,RUL-094,Closed,ANL-082
ALT-014024,SOC-EPSILON,2026-06-18 01:48:00,Low,AST-0015,Critical,DET-T1110-Brute_Force_38,RUL-038,Closed,ANL-079
ALT-014032,SOC-EPSILON,2026-07-04 09:37:00,Medium,AST-0415,Low,DET-T1090-Proxy_13,RUL-013,Closed,ANL-078
ALT-014069,SOC-EPSILON,2026-09-02 04:11:00,Low,AST-0307,Medium,DET-T1562-Impair_Defenses_07,RUL-007,Closed,ANL-079
ALT-014122,SOC-EPSILON,2026-08-19 05:08:00,Medium,AST-0461,Low,DET-T1110-Brute_Force_38,RUL-038,Closed,ANL-081
ALT-014170,SOC-EPSILON,2026-07-25 16:30:00,Medium,AST-0250,Medium,DET-T1055-Process_Injection_87,RUL-087,Closed,ANL-085
ALT-014195,SOC-EPSILON,2026-07-16 20:26:00,Low,AST-0243,Medium,DET-T1486-Data_Encrypted_for_Impact_26,RUL-026,Closed,ANL-085
ALT-014237,SOC-EPSILON,2026-07-05 01:29:00,Low,AST-0348,Medium,DET-T1567-Exfiltration_Over_Web_Service_85,RUL-085,Closed,ANL-080
ALT-014251,SOC-EPSILON,2026-06-30 21:02:00,High,AST-0143,High,DET-T1053-Scheduled_Task/Job_93,RUL-093,Closed,ANL-089
ALT-014271,SOC-EPSILON,2026-07-15 12:26:00,Critical,AST-0116,High,DET-T1567-Exfiltration_Over_Web_Service_70,RUL-070,Closed,ANL-077
ALT-014313,SOC-EPSILON,2026-07-23 13:16:00,Medium,AST-0103,High,DET-T1567-Exfiltration_Over_Web_Service_55,RUL-055,Closed,ANL-083
ALT-014325,SOC-EPSILON,2026-09-08 22:31:00,Low,AST-0269,Medium,DET-T1003-OS_Credential_Dumping_50,RUL-050,Closed,ANL-087
ALT-014388,SOC-EPSILON,2026-06-30 09:23:00,Low,AST-0020,Critical,DET-T1567-Exfiltration_Over_Web_Service_85,RUL-085,Closed,ANL-088
ALT-014398,SOC-EPSILON,2026-09-10 04:41:00,Low,AST-0381,Low,DET-T1003-OS_Credential_Dumping_50,RUL-050,Closed,ANL-084
ALT-014409,SOC-EPSILON,2026-07-26 20:59:00,Critical,AST-0100,High,DET-T1046-Network_Service_Discovery_36,RUL-036,Closed,ANL-086
ALT-014423,SOC-EPSILON,2026-08-23 23:38:00,Critical,AST-0130,High,DET-T1046-Network_Service_Discovery_06,RUL-006,Closed,ANL-080
ALT-014448,SOC-EPSILON,2026-07-09 01:57:00,Medium,AST-0411,Low,DET-T1046-Network_Service_Discovery_21,RUL-021,Closed,ANL-087
ALT-014449,SOC-EPSILON,2026-08-29 02:19:00,Medium,AST-0113,High,DET-T1053-Scheduled_Task/Job_03,RUL-003,Closed,ANL-082
ALT-014452,SOC-EPSILON,2026-07-20 23:31:00,Low,AST-0237,Medium,DET-T1486-Data_Encrypted_for_Impact_56,RUL-056,Closed,ANL-080
ALT-014510,SOC-EPSILON,2026-07-24 14:02:00,Medium,AST-0039,Critical,DET-T1567-Exfiltration_Over_Web_Service_25,RUL-025,Closed,ANL-077
ALT-014515,SOC-EPSILON,2026-08-24 21:14:00,Medium,AST-0099,High,DET-T1190-Exploit_Public-Facing_Application_74,RUL-074,Under Review,ANL-083
ALT-014527,SOC-EPSILON,2026-07-04 10:34:00,High,AST-0116,High,DET-T1190-Exploit_Public-Facing_Application_59,RUL-059,Closed,ANL-086
ALT-014530,SOC-EPSILON,2026-06-26 18:06:00,High,AST-0046,Critical,DET-T1190-Exploit_Public-Facing_Application_14,RUL-014,Closed,ANL-082
ALT-014583,SOC-EPSILON,2026-07-30 17:01:00,Low,AST-0033,Critical,DET-T1110-Brute_Force_23,RUL-023,Closed,ANL-084
ALT-014585,SOC-EPSILON,2026-08-07 17:36:00,Medium,AST-0031,Critical,DET-T1110-Brute_Force_83,RUL-083,Closed,ANL-087
ALT-014597,SOC-EPSILON,2026-07-16 20:16:00,High,AST-0143,High,DET-T1070-Indicator_Removal_on_Host_69,RUL-069,Closed,ANL-089
ALT-014607,SOC-EPSILON,2026-06-28 00:08:00,High,AST-0117,High,DET-T1059-Command_and_Scripting_Interpreter_91,RUL-091,Closed,ANL-086
ALT-014614,SOC-EPSILON,2026-06-14 10:57:00,Low,AST-0176,Medium,DET-T1190-Exploit_Public-Facing_Application_74,RUL-074,Closed,ANL-078
ALT-014675,SOC-EPSILON,2026-06-16 22:59:00,High,AST-0277,Medium,DET-T1110-Brute_Force_08,RUL-008,Closed,ANL-088
ALT-014677,SOC-EPSILON,2026-07-19 22:58:00,Low,AST-0397,Low,DET-T1059-Command_and_Scripting_Interpreter_31,RUL-031,Closed,ANL-084
ALT-014694,SOC-EPSILON,2026-06-30 18:08:00,High,AST-0199,Medium,DET-T1110-Brute_Force_08,RUL-008,Closed,ANL-080
ALT-014712,SOC-EPSILON,2026-06-22 11:15:00,Critical,AST-0061,High,DET-T1110-Brute_Force_23,RUL-023,Closed,ANL-081
ALT-014744,SOC-EPSILON,2026-06-27 06:00:00,High,AST-0097,High,DET-T1053-Scheduled_Task/Job_33,RUL-033,Under Review,ANL-087
ALT-014757,SOC-EPSILON,2026-07-15 18:56:00,Medium,AST-0444,Low,DET-T1190-Exploit_Public-Facing_Application_74,RUL-074,Closed,ANL-078
ALT-014773,SOC-EPSILON,2026-09-08 12:31:00,High,AST-0142,High,DET-T1059-Command_and_Scripting_Interpreter_76,RUL-076,Closed,ANL-088
ALT-014778,SOC-EPSILON,2026-06-29 04:06:00,Medium,AST-0243,Medium,DET-T1567-Exfiltration_Over_Web_Service_55,RUL-055,Closed,ANL-077
ALT-014802,SOC-EPSILON,2026-08-24 01:51:00,Critical,AST-0274,Medium,DET-T1486-Data_Encrypted_for_Impact_11,RUL-011,Closed,ANL-080
ALT-014829,SOC-EPSILON,2026-08-17 18:07:00,Medium,AST-0420,Low,DET-T1566-Phishing_92,RUL-092,Closed,ANL-076
ALT-014849,SOC-EPSILON,2026-07-28 20:58:00,High,AST-0051,High,DET-T1090-Proxy_88,RUL-088,Closed,ANL-080
ALT-014917,SOC-EPSILON,2026-08-13 01:08:00,Medium,AST-0051,High,DET-T1070-Indicator_Removal_on_Host_09,RUL-009,Closed,ANL-082
ALT-014956,SOC-EPSILON,2026-07-18 20:14:00,Low,AST-0230,Medium,DET-T1046-Network_Service_Discovery_51,RUL-051,Closed,ANL-082
ALT-014972,SOC-EPSILON,2026-06-27 14:16:00,Medium,AST-0233,Medium,DET-T1090-Proxy_28,RUL-028,Closed,ANL-081
ALT-014990,SOC-EPSILON,2026-06-26 16:29:00,High,AST-0110,High,DET-T1190-Exploit_Public-Facing_Application_89,RUL-089,Closed,ANL-082
ALT-015007,SOC-EPSILON,2026-07-14 01:24:00,Medium,AST-0331,Medium,DET-T1190-Exploit_Public-Facing_Application_59,RUL-059,Closed,ANL-078
ALT-015015,SOC-EPSILON,2026-07-16 04:19:00,High,AST-0164,High,DET-T1055-Process_Injection_72,RUL-072,Under Review,ANL-079
ALT-015017,SOC-EPSILON,2026-08-03 17:11:00,High,AST-0085,High,DET-T1486-Data_Encrypted_for_Impact_86,RUL-086,Closed,ANL-087
ALT-015031,SOC-EPSILON,2026-07-11 20:51:00,Medium,AST-0388,Low,DET-T1021-Remote_Services_34,RUL-034,Closed,ANL-085
ALT-015049,SOC-EPSILON,2026-06-27 02:10:00,Medium,AST-0185,Medium,DET-T1562-Impair_Defenses_67,RUL-067,Closed,ANL-083
ALT-015102,SOC-EPSILON,2026-07-03 22:41:00,Low,AST-0085,High,DET-T1070-Indicator_Removal_on_Host_84,RUL-084,Under Review,ANL-083
ALT-015104,SOC-EPSILON,2026-08-07 11:40:00,Low,AST-0227,Medium,DET-T1021-Remote_Services_34,RUL-034,Closed,ANL-083
ALT-015121,SOC-EPSILON,2026-08-04 21:36:00,Medium,AST-0390,Low,DET-T1562-Impair_Defenses_52,RUL-052,Closed,ANL-081
ALT-015164,SOC-EPSILON,2026-07-02 16:02:00,Low,AST-0159,High,DET-T1053-Scheduled_Task/Job_03,RUL-003,Closed,ANL-081
ALT-015177,SOC-EPSILON,2026-06-24 13:11:00,Medium,AST-0428,Low,DET-T1190-Exploit_Public-Facing_Application_89,RUL-089,Closed,ANL-084
ALT-015185,SOC-EPSILON,2026-09-01 17:38:00,Low,AST-0175,Medium,DET-T1021-Remote_Services_04,RUL-004,Closed,ANL-084
ALT-015201,SOC-EPSILON,2026-09-04 12:54:00,High,AST-0006,Critical,DET-T1566-Phishing_02,RUL-002,Closed,ANL-083
ALT-015226,SOC-EPSILON,2026-08-09 10:28:00,Medium,AST-0222,Medium,DET-T1090-Proxy_73,RUL-073,Closed,ANL-076
ALT-015239,SOC-EPSILON,2026-07-16 13:47:00,Critical,AST-0050,Critical,DET-T1090-Proxy_28,RUL-028,Closed,ANL-087
ALT-015245,SOC-EPSILON,2026-07-14 03:06:00,High,AST-0049,Critical,DET-T1190-Exploit_Public-Facing_Application_59,RUL-059,Closed,ANL-080
ALT-015277,SOC-EPSILON,2026-08-10 22:10:00,High,AST-0013,Critical,DET-T1110-Brute_Force_38,RUL-038,Closed,ANL-081
ALT-015279,SOC-EPSILON,2026-09-03 20:29:00,Medium,AST-0227,Medium,DET-T1070-Indicator_Removal_on_Host_84,RUL-084,Closed,ANL-088
ALT-015280,SOC-EPSILON,2026-06-20 23:40:00,Medium,AST-0358,Medium,DET-T1190-Exploit_Public-Facing_Application_29,RUL-029,Closed,ANL-076
ALT-015288,SOC-EPSILON,2026-07-13 11:38:00,Low,AST-0204,Medium,DET-T1486-Data_Encrypted_for_Impact_11,RUL-011,Closed,ANL-084
ALT-015303,SOC-EPSILON,2026-08-30 15:52:00,Low,AST-0018,Critical,DET-T1486-Data_Encrypted_for_Impact_41,RUL-041,Closed,ANL-084
ALT-015339,SOC-EPSILON,2026-06-26 15:55:00,Medium,AST-0403,Low,DET-T1070-Indicator_Removal_on_Host_69,RUL-069,Closed,ANL-087
ALT-015370,SOC-EPSILON,2026-08-23 05:17:00,Medium,AST-0025,Critical,DET-T1567-Exfiltration_Over_Web_Service_100,RUL-100,Closed,ANL-089
ALT-015390,SOC-EPSILON,2026-07-23 16:16:00,Low,AST-0479,Low,DET-T1059-Command_and_Scripting_Interpreter_76,RUL-076,Closed,ANL-088
ALT-015425,SOC-EPSILON,2026-07-23 21:48:00,Medium,AST-0343,Medium,DET-T1566-Phishing_62,RUL-062,Closed,ANL-088
ALT-015437,SOC-EPSILON,2026-06-24 13:05:00,Critical,AST-0143,High,DET-T1566-Phishing_47,RUL-047,Closed,ANL-086
ALT-015455,SOC-EPSILON,2026-08-03 02:54:00,High,AST-0021,Critical,DET-T1567-Exfiltration_Over_Web_Service_10,RUL-010,Closed,ANL-088
ALT-015497,SOC-EPSILON,2026-07-20 07:18:00,Medium,AST-0021,Critical,DET-T1562-Impair_Defenses_07,RUL-007,Closed,ANL-080
ALT-015506,SOC-EPSILON,2026-09-02 15:10:00,Low,AST-0487,Low,DET-T1003-OS_Credential_Dumping_95,RUL-095,Closed,ANL-089
ALT-015533,SOC-EPSILON,2026-08-12 20:19:00,Critical,AST-0030,Critical,DET-T1070-Indicator_Removal_on_Host_99,RUL-099,Closed,ANL-081
ALT-015536,SOC-EPSILON,2026-07-07 14:42:00,Medium,AST-0342,Medium,DET-T1055-Process_Injection_87,RUL-087,Closed,ANL-079
ALT-015543,SOC-EPSILON,2026-08-27 07:15:00,Low,AST-0343,Medium,DET-T1055-Process_Injection_42,RUL-042,Closed,ANL-088
ALT-015579,SOC-EPSILON,2026-08-11 04:43:00,Critical,AST-0053,High,DET-T1110-Brute_Force_53,RUL-053,Closed,ANL-078
ALT-015624,SOC-EPSILON,2026-08-27 00:53:00,Critical,AST-0205,Medium,DET-T1046-Network_Service_Discovery_66,RUL-066,Closed,ANL-088
ALT-015626,SOC-EPSILON,2026-08-12 18:02:00,Medium,AST-0217,Medium,DET-T1053-Scheduled_Task/Job_78,RUL-078,Under Review,ANL-089
ALT-015627,SOC-EPSILON,2026-06-29 04:06:00,Low,AST-0252,Medium,DET-T1003-OS_Credential_Dumping_50,RUL-050,Closed,ANL-077
ALT-015654,SOC-EPSILON,2026-07-11 05:22:00,Medium,AST-0286,Medium,DET-T1059-Command_and_Scripting_Interpreter_46,RUL-046,Closed,ANL-076
ALT-015705,SOC-EPSILON,2026-07-31 04:44:00,Low,AST-0345,Medium,DET-T1053-Scheduled_Task/Job_18,RUL-018,Closed,ANL-082
ALT-015745,SOC-EPSILON,2026-08-23 21:02:00,Low,AST-0026,Critical,DET-T1486-Data_Encrypted_for_Impact_56,RUL-056,Closed,ANL-082
ALT-015752,SOC-EPSILON,2026-07-13 20:26:00,Medium,AST-0167,High,DET-T1567-Exfiltration_Over_Web_Service_40,RUL-040,Closed,ANL-086
ALT-015759,SOC-EPSILON,2026-06-14 19:11:00,Low,AST-0130,High,DET-T1567-Exfiltration_Over_Web_Service_85,RUL-085,Closed,ANL-077
ALT-015763,SOC-EPSILON,2026-07-21 04:55:00,High,AST-0089,High,DET-T1190-Exploit_Public-Facing_Application_29,RUL-029,Closed,ANL-077
ALT-015765,SOC-EPSILON,2026-07-28 05:12:00,High,AST-0373,Low,DET-T1059-Command_and_Scripting_Interpreter_76,RUL-076,Closed,ANL-077
ALT-015767,SOC-EPSILON,2026-07-15 07:43:00,Low,AST-0346,Medium,DET-T1110-Brute_Force_98,RUL-098,Closed,ANL-084
ALT-015799,SOC-EPSILON,2026-06-14 12:12:00,Medium,AST-0253,Medium,DET-T1566-Phishing_32,RUL-032,Closed,ANL-080
ALT-015802,SOC-EPSILON,2026-08-12 20:23:00,Medium,AST-0308,Medium,DET-T1053-Scheduled_Task/Job_03,RUL-003,Closed,ANL-081
ALT-015833,SOC-EPSILON,2026-07-16 12:33:00,Low,AST-0498,Low,DET-T1567-Exfiltration_Over_Web_Service_25,RUL-025,Closed,ANL-086
ALT-015871,SOC-EPSILON,2026-07-30 03:29:00,Low,AST-0375,Low,DET-T1562-Impair_Defenses_37,RUL-037,Closed,ANL-081
ALT-015885,SOC-EPSILON,2026-06-20 23:33:00,Medium,AST-0122,High,DET-T1110-Brute_Force_83,RUL-083,Closed,ANL-079
ALT-015905,SOC-EPSILON,2026-09-09 04:47:00,High,AST-0100,High,DET-T1567-Exfiltration_Over_Web_Service_100,RUL-100,Closed,ANL-080
ALT-015928,SOC-EPSILON,2026-08-23 21:51:00,Medium,AST-0435,Low,DET-T1003-OS_Credential_Dumping_05,RUL-005,Closed,ANL-089
ALT-015933,SOC-EPSILON,2026-07-31 19:02:00,High,AST-0192,Medium,DET-T1053-Scheduled_Task/Job_93,RUL-093,Closed,ANL-077
ALT-015934,SOC-EPSILON,2026-08-03 07:24:00,High,AST-0052,High,DET-T1003-OS_Credential_Dumping_35,RUL-035,Closed,ANL-086
ALT-015944,SOC-EPSILON,2026-07-12 01:06:00,Low,AST-0258,Medium,DET-T1110-Brute_Force_38,RUL-038,Closed,ANL-082
ALT-015957,SOC-EPSILON,2026-06-17 19:37:00,Medium,AST-0177,Medium,DET-T1486-Data_Encrypted_for_Impact_26,RUL-026,Closed,ANL-088
ALT-015968,SOC-EPSILON,2026-08-20 18:08:00,Medium,AST-0162,High,DET-T1110-Brute_Force_83,RUL-083,Closed,ANL-078
ALT-015983,SOC-EPSILON,2026-07-17 16:38:00,Medium,AST-0339,Medium,DET-T1046-Network_Service_Discovery_21,RUL-021,Closed,ANL-080
ALT-016021,SOC-EPSILON,2026-08-14 04:08:00,High,AST-0242,Medium,DET-T1046-Network_Service_Discovery_81,RUL-081,Closed,ANL-086
ALT-016032,SOC-EPSILON,2026-07-26 16:55:00,Low,AST-0445,Low,DET-T1486-Data_Encrypted_for_Impact_86,RUL-086,Closed,ANL-083
ALT-016033,SOC-EPSILON,2026-09-02 04:07:00,Critical,AST-0002,Critical,DET-T1046-Network_Service_Discovery_36,RUL-036,Closed,ANL-081
ALT-016041,SOC-EPSILON,2026-07-02 11:50:00,Low,AST-0167,High,DET-T1110-Brute_Force_38,RUL-038,Closed,ANL-078
ALT-016064,SOC-EPSILON,2026-09-09 16:01:00,Medium,AST-0089,High,DET-T1053-Scheduled_Task/Job_63,RUL-063,Closed,ANL-083
ALT-016071,SOC-EPSILON,2026-06-12 08:03:00,Low,AST-0200,Medium,DET-T1003-OS_Credential_Dumping_35,RUL-035,Closed,ANL-079
ALT-016083,SOC-EPSILON,2026-06-16 20:48:00,Low,AST-0387,Low,DET-T1567-Exfiltration_Over_Web_Service_85,RUL-085,Closed,ANL-082
ALT-016105,SOC-EPSILON,2026-06-25 08:21:00,Medium,AST-0480,Low,DET-T1003-OS_Credential_Dumping_65,RUL-065,Closed,ANL-088
ALT-016121,SOC-EPSILON,2026-06-20 09:16:00,Medium,AST-0056,High,DET-T1053-Scheduled_Task/Job_78,RUL-078,Closed,ANL-080
ALT-016131,SOC-EPSILON,2026-08-09 16:15:00,High,AST-0365,Low,DET-T1562-Impair_Defenses_97,RUL-097,Closed,ANL-087
ALT-016151,SOC-EPSILON,2026-07-21 05:57:00,Critical,AST-0102,High,DET-T1190-Exploit_Public-Facing_Application_14,RUL-014,Closed,ANL-080
ALT-016156,SOC-EPSILON,2026-07-08 06:26:00,High,AST-0178,Medium,DET-T1567-Exfiltration_Over_Web_Service_100,RUL-100,Closed,ANL-086
ALT-016199,SOC-EPSILON,2026-08-27 06:00:00,High,AST-0124,High,DET-T1003-OS_Credential_Dumping_80,RUL-080,Closed,ANL-079
ALT-016208,SOC-EPSILON,2026-06-21 05:17:00,Medium,AST-0288,Medium,DET-T1021-Remote_Services_94,RUL-094,Closed,ANL-078
ALT-016218,SOC-EPSILON,2026-07-31 06:09:00,Low,AST-0016,Critical,DET-T1070-Indicator_Removal_on_Host_84,RUL-084,Closed,ANL-078
ALT-016237,SOC-EPSILON,2026-08-16 17:35:00,Medium,AST-0121,High,DET-T1070-Indicator_Removal_on_Host_09,RUL-009,Closed,ANL-085
ALT-016319,SOC-EPSILON,2026-07-12 00:16:00,Medium,AST-0475,Low,DET-T1567-Exfiltration_Over_Web_Service_25,RUL-025,Closed,ANL-080
ALT-016325,SOC-EPSILON,2026-08-17 12:41:00,Critical,AST-0003,Critical,DET-T1090-Proxy_43,RUL-043,Closed,ANL-080
ALT-016327,SOC-EPSILON,2026-06-22 12:03:00,Medium,AST-0289,Medium,DET-T1053-Scheduled_Task/Job_03,RUL-003,Closed,ANL-081
ALT-016341,SOC-EPSILON,2026-07-13 07:00:00,Medium,AST-0279,Medium,DET-T1110-Brute_Force_68,RUL-068,Closed,ANL-088
ALT-016350,SOC-EPSILON,2026-07-14 20:36:00,High,AST-0068,High,DET-T1003-OS_Credential_Dumping_05,RUL-005,Closed,ANL-079
ALT-016354,SOC-EPSILON,2026-08-28 22:37:00,Low,AST-0081,High,DET-T1046-Network_Service_Discovery_96,RUL-096,Closed,ANL-077
ALT-016413,SOC-EPSILON,2026-06-26 12:16:00,Medium,AST-0499,Low,DET-T1562-Impair_Defenses_67,RUL-067,Closed,ANL-082
ALT-016479,SOC-EPSILON,2026-08-29 03:25:00,Low,AST-0107,High,DET-T1486-Data_Encrypted_for_Impact_71,RUL-071,Closed,ANL-077
ALT-016481,SOC-EPSILON,2026-07-22 17:02:00,High,AST-0190,Medium,DET-T1190-Exploit_Public-Facing_Application_44,RUL-044,Closed,ANL-080
ALT-016483,SOC-EPSILON,2026-07-12 21:32:00,Medium,AST-0063,High,DET-T1486-Data_Encrypted_for_Impact_41,RUL-041,Closed,ANL-088
ALT-016497,SOC-EPSILON,2026-06-21 16:50:00,Medium,AST-0159,High,DET-T1486-Data_Encrypted_for_Impact_41,RUL-041,Closed,ANL-081
ALT-016556,SOC-EPSILON,2026-06-22 12:27:00,High,AST-0072,High,DET-T1110-Brute_Force_23,RUL-023,Closed,ANL-088
ALT-016598,SOC-EPSILON,2026-07-05 23:45:00,High,AST-0116,High,DET-T1003-OS_Credential_Dumping_50,RUL-050,Closed,ANL-086
ALT-016624,SOC-EPSILON,2026-08-11 00:35:00,Medium,AST-0498,Low,DET-T1046-Network_Service_Discovery_21,RUL-021,Closed,ANL-086
ALT-016629,SOC-EPSILON,2026-07-23 07:53:00,Critical,AST-0463,Low,DET-T1053-Scheduled_Task/Job_93,RUL-093,Closed,ANL-086
ALT-016662,SOC-EPSILON,2026-09-05 11:50:00,Medium,AST-0073,High,DET-T1190-Exploit_Public-Facing_Application_89,RUL-089,Closed,ANL-080
ALT-016670,SOC-EPSILON,2026-06-17 20:36:00,High,AST-0082,High,DET-T1070-Indicator_Removal_on_Host_54,RUL-054,Closed,ANL-079
ALT-016688,SOC-EPSILON,2026-07-31 05:40:00,Medium,AST-0446,Low,DET-T1566-Phishing_62,RUL-062,Closed,ANL-086
ALT-016711,SOC-ZETA,2026-08-30 14:12:00,High,AST-0121,High,DET-T1567-Exfiltration_Over_Web_Service_10,RUL-010,Closed,ANL-098
ALT-016712,SOC-ZETA,2026-08-12 23:15:00,Low,AST-0338,Medium,DET-T1090-Proxy_28,RUL-028,Closed,ANL-102
ALT-016714,SOC-ZETA,2026-07-12 09:58:00,Low,AST-0419,Low,DET-T1046-Network_Service_Discovery_36,RUL-036,Under Review,ANL-099
ALT-016735,SOC-ZETA,2026-08-20 00:46:00,Critical,AST-0485,Low,DET-T1562-Impair_Defenses_37,RUL-037,Closed,ANL-105
ALT-016741,SOC-ZETA,2026-08-17 13:00:00,High,AST-0073,High,DET-T1070-Indicator_Removal_on_Host_39,RUL-039,Closed,ANL-090
ALT-016747,SOC-ZETA,2026-08-20 21:44:00,Medium,AST-0357,Medium,DET-T1003-OS_Credential_Dumping_95,RUL-095,Under Review,ANL-103
ALT-016752,SOC-ZETA,2026-07-17 13:08:00,Medium,AST-0363,Low,DET-T1110-Brute_Force_38,RUL-038,Closed,ANL-103
ALT-016762,SOC-ZETA,2026-08-03 10:00:00,Medium,AST-0362,Low,DET-T1070-Indicator_Removal_on_Host_24,RUL-024,Closed,ANL-100
ALT-016769,SOC-ZETA,2026-06-25 04:58:00,High,AST-0052,High,DET-T1021-Remote_Services_79,RUL-079,Closed,ANL-096
ALT-016790,SOC-ZETA,2026-08-05 23:31:00,Low,AST-0012,Critical,DET-T1110-Brute_Force_53,RUL-053,Closed,ANL-097
ALT-016793,SOC-ZETA,2026-07-04 07:37:00,Low,AST-0310,Medium,DET-T1562-Impair_Defenses_07,RUL-007,Closed,ANL-103
ALT-016873,SOC-ZETA,2026-08-27 21:55:00,Low,AST-0486,Low,DET-T1110-Brute_Force_08,RUL-008,Closed,ANL-099
ALT-016890,SOC-ZETA,2026-07-28 03:00:00,Low,AST-0113,High,DET-T1070-Indicator_Removal_on_Host_24,RUL-024,Closed,ANL-099
ALT-016917,SOC-ZETA,2026-07-17 04:24:00,Medium,AST-0163,High,DET-T1059-Command_and_Scripting_Interpreter_46,RUL-046,Closed,ANL-101
ALT-016921,SOC-ZETA,2026-08-18 03:38:00,Medium,AST-0161,High,DET-T1566-Phishing_17,RUL-017,Closed,ANL-105
ALT-016966,SOC-ZETA,2026-07-28 10:08:00,Medium,AST-0022,Critical,DET-T1566-Phishing_92,RUL-092,Closed,ANL-100
ALT-016983,SOC-ZETA,2026-08-10 03:14:00,Medium,AST-0013,Critical,DET-T1046-Network_Service_Discovery_21,RUL-021,Closed,ANL-104
ALT-017004,SOC-ZETA,2026-08-21 08:57:00,Medium,AST-0348,Medium,DET-T1486-Data_Encrypted_for_Impact_41,RUL-041,Closed,ANL-097
ALT-017022,SOC-ZETA,2026-07-21 14:38:00,High,AST-0148,High,DET-T1078-Valid_Accounts_45,RUL-045,Closed,ANL-096
ALT-017027,SOC-ZETA,2026-06-23 10:33:00,High,AST-0126,High,DET-T1003-OS_Credential_Dumping_95,RUL-095,Closed,ANL-099
ALT-017142,SOC-ZETA,2026-06-17 18:13:00,Medium,AST-0422,Low,DET-T1486-Data_Encrypted_for_Impact_41,RUL-041,Closed,ANL-096
ALT-017154,SOC-ZETA,2026-07-24 20:36:00,Low,AST-0493,Low,DET-T1053-Scheduled_Task/Job_33,RUL-033,Closed,ANL-104
ALT-017173,SOC-ZETA,2026-09-02 01:57:00,Medium,AST-0455,Low,DET-T1021-Remote_Services_49,RUL-049,Closed,ANL-093
ALT-017187,SOC-ZETA,2026-08-08 11:41:00,Medium,AST-0393,Low,DET-T1003-OS_Credential_Dumping_05,RUL-005,Closed,ANL-100
ALT-017269,SOC-ZETA,2026-08-12 00:46:00,Medium,AST-0405,Low,DET-T1110-Brute_Force_08,RUL-008,Closed,ANL-101
ALT-017298,SOC-ZETA,2026-08-11 01:53:00,High,AST-0151,High,DET-T1566-Phishing_17,RUL-017,Closed,ANL-098
ALT-017308,SOC-ZETA,2026-07-13 21:55:00,Low,AST-0293,Medium,DET-T1562-Impair_Defenses_22,RUL-022,Closed,ANL-099
ALT-017345,SOC-ZETA,2026-07-17 20:10:00,High,AST-0084,High,DET-T1190-Exploit_Public-Facing_Application_29,RUL-029,Closed,ANL-100
ALT-017362,SOC-ZETA,2026-09-06 19:47:00,Medium,AST-0339,Medium,DET-T1070-Indicator_Removal_on_Host_69,RUL-069,Closed,ANL-093
ALT-017367,SOC-ZETA,2026-07-22 12:05:00,Critical,AST-0020,Critical,DET-T1190-Exploit_Public-Facing_Application_59,RUL-059,Closed,ANL-101
ALT-017378,SOC-ZETA,2026-09-06 13:58:00,Medium,AST-0135,High,DET-T1003-OS_Credential_Dumping_20,RUL-020,Under Review,ANL-091
ALT-017396,SOC-ZETA,2026-07-05 10:13:00,Medium,AST-0191,Medium,DET-T1003-OS_Credential_Dumping_35,RUL-035,Closed,ANL-101
ALT-017403,SOC-ZETA,2026-06-17 12:20:00,High,AST-0174,Medium,DET-T1562-Impair_Defenses_52,RUL-052,Closed,ANL-096
ALT-017418,SOC-ZETA,2026-07-22 22:21:00,Low,AST-0179,Medium,DET-T1078-Valid_Accounts_45,RUL-045,Closed,ANL-095
ALT-017464,SOC-ZETA,2026-06-16 16:55:00,High,AST-0066,High,DET-T1070-Indicator_Removal_on_Host_84,RUL-084,Closed,ANL-101
ALT-017504,SOC-ZETA,2026-07-04 11:55:00,Low,AST-0273,Medium,DET-T1566-Phishing_17,RUL-017,Closed,ANL-100
ALT-017554,SOC-ZETA,2026-07-11 17:38:00,Medium,AST-0193,Medium,DET-T1046-Network_Service_Discovery_21,RUL-021,Closed,ANL-096
ALT-017607,SOC-ZETA,2026-09-03 20:54:00,Low,AST-0262,Medium,DET-T1046-Network_Service_Discovery_06,RUL-006,Closed,ANL-092
ALT-017608,SOC-ZETA,2026-08-13 22:42:00,Low,AST-0494,Low,DET-T1053-Scheduled_Task/Job_18,RUL-018,Closed,ANL-091
ALT-017613,SOC-ZETA,2026-08-23 21:10:00,Medium,AST-0411,Low,DET-T1090-Proxy_13,RUL-013,Closed,ANL-097
ALT-017662,SOC-ZETA,2026-08-22 22:23:00,High,AST-0093,High,DET-T1053-Scheduled_Task/Job_48,RUL-048,Closed,ANL-104
ALT-017674,SOC-ZETA,2026-08-07 03:08:00,Critical,AST-0074,High,DET-T1566-Phishing_47,RUL-047,Closed,ANL-095
ALT-017700,SOC-ZETA,2026-09-07 19:33:00,Critical,AST-0149,High,DET-T1070-Indicator_Removal_on_Host_24,RUL-024,Closed,ANL-096
ALT-017732,SOC-ZETA,2026-08-26 13:34:00,High,AST-0025,Critical,DET-T1110-Brute_Force_83,RUL-083,Closed,ANL-094
ALT-017779,SOC-ZETA,2026-06-25 13:32:00,Medium,AST-0316,Medium,DET-T1046-Network_Service_Discovery_96,RUL-096,Closed,ANL-093
ALT-017796,SOC-ZETA,2026-08-03 19:38:00,High,AST-0106,High,DET-T1078-Valid_Accounts_15,RUL-015,Closed,ANL-095
ALT-017802,SOC-ZETA,2026-07-26 07:28:00,Low,AST-0201,Medium,DET-T1566-Phishing_32,RUL-032,Closed,ANL-102
ALT-017807,SOC-ZETA,2026-06-23 08:02:00,Medium,AST-0495,Low,DET-T1021-Remote_Services_79,RUL-079,Closed,ANL-090
ALT-017856,SOC-ZETA,2026-06-24 03:31:00,Medium,AST-0372,Low,DET-T1562-Impair_Defenses_82,RUL-082,Closed,ANL-096
ALT-017902,SOC-ZETA,2026-09-07 01:45:00,Low,AST-0173,Medium,DET-T1070-Indicator_Removal_on_Host_84,RUL-084,Closed,ANL-099
ALT-017912,SOC-ZETA,2026-07-26 17:28:00,Critical,AST-0143,High,DET-T1021-Remote_Services_34,RUL-034,Closed,ANL-101
ALT-017929,SOC-ZETA,2026-07-08 02:13:00,High,AST-0134,High,DET-T1110-Brute_Force_23,RUL-023,Closed,ANL-093
ALT-017978,SOC-ZETA,2026-06-19 14:42:00,Medium,AST-0217,Medium,DET-T1059-Command_and_Scripting_Interpreter_61,RUL-061,Closed,ANL-100
ALT-017981,SOC-ZETA,2026-08-27 18:27:00,High,AST-0488,Low,DET-T1070-Indicator_Removal_on_Host_54,RUL-054,Closed,ANL-092
ALT-017987,SOC-ZETA,2026-06-21 16:27:00,Low,AST-0461,Low,DET-T1110-Brute_Force_83,RUL-083,Closed,ANL-102
ALT-018013,SOC-ZETA,2026-07-09 05:32:00,Low,AST-0399,Low,DET-T1021-Remote_Services_49,RUL-049,Closed,ANL-092
ALT-018074,SOC-ZETA,2026-08-22 19:27:00,Medium,AST-0341,Medium,DET-T1059-Command_and_Scripting_Interpreter_16,RUL-016,Under Review,ANL-097
ALT-018075,SOC-ZETA,2026-09-01 13:48:00,High,AST-0101,High,DET-T1053-Scheduled_Task/Job_48,RUL-048,Closed,ANL-100
ALT-018094,SOC-ZETA,2026-07-30 07:55:00,Medium,AST-0439,Low,DET-T1046-Network_Service_Discovery_36,RUL-036,Closed,ANL-091
ALT-018096,SOC-ZETA,2026-07-13 12:58:00,High,AST-0069,High,DET-T1059-Command_and_Scripting_Interpreter_61,RUL-061,Closed,ANL-092
ALT-018109,SOC-ZETA,2026-08-31 21:40:00,Low,AST-0017,Critical,DET-T1070-Indicator_Removal_on_Host_84,RUL-084,Closed,ANL-090
ALT-018132,SOC-ZETA,2026-08-27 12:54:00,Critical,AST-0110,High,DET-T1562-Impair_Defenses_07,RUL-007,Closed,ANL-104
ALT-018134,SOC-ZETA,2026-06-19 02:34:00,Low,AST-0134,High,DET-T1003-OS_Credential_Dumping_95,RUL-095,Under Review,ANL-101
ALT-018142,SOC-ZETA,2026-07-17 00:53:00,Critical,AST-0006,Critical,DET-T1053-Scheduled_Task/Job_63,RUL-063,Closed,ANL-091
ALT-018165,SOC-ZETA,2026-08-17 04:09:00,Low,AST-0457,Low,DET-T1021-Remote_Services_19,RUL-019,Closed,ANL-093
ALT-018175,SOC-ZETA,2026-08-04 05:29:00,Low,AST-0490,Low,DET-T1567-Exfiltration_Over_Web_Service_10,RUL-010,Closed,ANL-098
ALT-018180,SOC-ZETA,2026-07-16 18:31:00,Critical,AST-0080,High,DET-T1110-Brute_Force_08,RUL-008,Under Review,ANL-101
ALT-018185,SOC-ZETA,2026-09-09 10:53:00,Medium,AST-0405,Low,DET-T1070-Indicator_Removal_on_Host_84,RUL-084,Closed,ANL-105
ALT-018212,SOC-ZETA,2026-08-29 01:55:00,Medium,AST-0478,Low,DET-T1078-Valid_Accounts_90,RUL-090,Closed,ANL-097
ALT-018231,SOC-ZETA,2026-06-18 18:19:00,Medium,AST-0094,High,DET-T1003-OS_Credential_Dumping_80,RUL-080,Closed,ANL-099
ALT-018235,SOC-ZETA,2026-07-31 21:20:00,High,AST-0146,High,DET-T1070-Indicator_Removal_on_Host_69,RUL-069,Closed,ANL-103
ALT-018259,SOC-ZETA,2026-09-02 06:23:00,Critical,AST-0104,High,DET-T1566-Phishing_47,RUL-047,Closed,ANL-096
ALT-018277,SOC-ZETA,2026-07-13 06:06:00,Medium,AST-0113,High,DET-T1486-Data_Encrypted_for_Impact_41,RUL-041,Closed,ANL-104
ALT-018279,SOC-ZETA,2026-07-27 16:08:00,Medium,AST-0137,High,DET-T1090-Proxy_13,RUL-013,Closed,ANL-097
ALT-018297,SOC-ZETA,2026-06-29 13:52:00,High,AST-0470,Low,DET-T1562-Impair_Defenses_82,RUL-082,Closed,ANL-096
ALT-018300,SOC-ZETA,2026-08-20 17:29:00,High,AST-0111,High,DET-T1046-Network_Service_Discovery_36,RUL-036,Closed,ANL-100
ALT-018318,SOC-ZETA,2026-09-06 15:35:00,Medium,AST-0287,Medium,DET-T1046-Network_Service_Discovery_66,RUL-066,Closed,ANL-098
ALT-018320,SOC-ZETA,2026-08-18 07:56:00,High,AST-0041,Critical,DET-T1486-Data_Encrypted_for_Impact_11,RUL-011,Closed,ANL-104
ALT-018322,SOC-ZETA,2026-08-10 05:04:00,Medium,AST-0359,Medium,DET-T1021-Remote_Services_64,RUL-064,Closed,ANL-103
ALT-018387,SOC-ZETA,2026-07-10 18:37:00,Low,AST-0471,Low,DET-T1090-Proxy_73,RUL-073,Closed,ANL-092
ALT-018396,SOC-ZETA,2026-07-11 18:14:00,Critical,AST-0087,High,DET-T1566-Phishing_02,RUL-002,Closed,ANL-095
ALT-018398,SOC-ZETA,2026-06-13 15:24:00,Medium,AST-0270,Medium,DET-T1053-Scheduled_Task/Job_93,RUL-093,Closed,ANL-094
ALT-018496,SOC-ZETA,2026-06-21 09:45:00,Medium,AST-0499,Low,DET-T1055-Process_Injection_27,RUL-027,Closed,ANL-094
ALT-018513,SOC-ZETA,2026-08-13 15:41:00,High,AST-0051,High,DET-T1070-Indicator_Removal_on_Host_69,RUL-069,Closed,ANL-098
ALT-018529,SOC-ZETA,2026-07-13 11:35:00,Critical,AST-0066,High,DET-T1055-Process_Injection_72,RUL-072,Closed,ANL-090
ALT-018567,SOC-ZETA,2026-07-23 17:53:00,Critical,AST-0151,High,DET-T1046-Network_Service_Discovery_36,RUL-036,Closed,ANL-093
ALT-018577,SOC-ZETA,2026-07-26 22:20:00,Low,AST-0015,Critical,DET-T1566-Phishing_32,RUL-032,Closed,ANL-097
ALT-018588,SOC-ZETA,2026-07-13 21:25:00,High,AST-0126,High,DET-T1078-Valid_Accounts_60,RUL-060,Under Review,ANL-105
ALT-018595,SOC-ZETA,2026-08-26 00:03:00,Low,AST-0466,Low,DET-T1046-Network_Service_Discovery_66,RUL-066,Closed,ANL-093
ALT-018640,SOC-ZETA,2026-08-20 03:59:00,High,AST-0147,High,DET-T1003-OS_Credential_Dumping_65,RUL-065,Closed,ANL-093
ALT-018645,SOC-ZETA,2026-08-02 12:55:00,Critical,AST-0067,High,DET-T1110-Brute_Force_83,RUL-083,Closed,ANL-096
ALT-018670,SOC-ZETA,2026-07-07 07:05:00,Medium,AST-0353,Medium,DET-T1059-Command_and_Scripting_Interpreter_01,RUL-001,Closed,ANL-092
ALT-018696,SOC-ZETA,2026-08-15 18:05:00,High,AST-0153,High,DET-T1078-Valid_Accounts_75,RUL-075,Closed,ANL-097
ALT-018725,SOC-ZETA,2026-09-08 02:09:00,Medium,AST-0207,Medium,DET-T1021-Remote_Services_64,RUL-064,Closed,ANL-098
ALT-018737,SOC-ZETA,2026-08-27 16:43:00,Medium,AST-0352,Medium,DET-T1486-Data_Encrypted_for_Impact_11,RUL-011,Closed,ANL-104
ALT-018759,SOC-ZETA,2026-08-24 14:43:00,High,AST-0050,Critical,DET-T1486-Data_Encrypted_for_Impact_11,RUL-011,Under Review,ANL-090
ALT-018765,SOC-ZETA,2026-08-09 20:37:00,High,AST-0043,Critical,DET-T1567-Exfiltration_Over_Web_Service_70,RUL-070,Closed,ANL-105
ALT-018773,SOC-ZETA,2026-07-14 23:55:00,Medium,AST-0117,High,DET-T1055-Process_Injection_87,RUL-087,Closed,ANL-098
ALT-018776,SOC-ZETA,2026-06-21 22:32:00,Low,AST-0392,Low,DET-T1046-Network_Service_Discovery_36,RUL-036,Closed,ANL-097
ALT-018794,SOC-ZETA,2026-07-27 14:58:00,Low,AST-0249,Medium,DET-T1566-Phishing_92,RUL-092,Closed,ANL-095
ALT-018816,SOC-ZETA,2026-07-04 05:40:00,Medium,AST-0370,Low,DET-T1059-Command_and_Scripting_Interpreter_91,RUL-091,Closed,ANL-099
ALT-018825,SOC-ZETA,2026-08-29 03:44:00,Low,AST-0429,Low,DET-T1090-Proxy_73,RUL-073,Closed,ANL-104
ALT-018837,SOC-ZETA,2026-07-30 12:30:00,High,AST-0102,High,DET-T1090-Proxy_43,RUL-043,Closed,ANL-090
ALT-018851,SOC-ZETA,2026-09-09 23:16:00,High,AST-0039,Critical,DET-T1566-Phishing_77,RUL-077,Closed,ANL-101
ALT-018864,SOC-ZETA,2026-06-18 13:06:00,Medium,AST-0473,Low,DET-T1190-Exploit_Public-Facing_Application_44,RUL-044,Closed,ANL-095
ALT-018907,SOC-ZETA,2026-08-11 02:32:00,Critical,AST-0098,High,DET-T1059-Command_and_Scripting_Interpreter_76,RUL-076,Closed,ANL-095
ALT-018945,SOC-ZETA,2026-08-22 17:32:00,High,AST-0003,Critical,DET-T1046-Network_Service_Discovery_51,RUL-051,Closed,ANL-103
ALT-018956,SOC-ZETA,2026-08-21 06:21:00,High,AST-0125,High,DET-T1078-Valid_Accounts_90,RUL-090,Closed,ANL-104
ALT-019005,SOC-ZETA,2026-06-20 22:06:00,Low,AST-0182,Medium,DET-T1046-Network_Service_Discovery_21,RUL-021,Closed,ANL-101
ALT-019020,SOC-ZETA,2026-06-21 04:46:00,Medium,AST-0396,Low,DET-T1021-Remote_Services_79,RUL-079,Closed,ANL-101
ALT-019036,SOC-ZETA,2026-07-31 11:02:00,High,AST-0059,High,DET-T1059-Command_and_Scripting_Interpreter_76,RUL-076,Closed,ANL-105
ALT-019044,SOC-ZETA,2026-08-24 23:28:00,High,AST-0136,High,DET-T1486-Data_Encrypted_for_Impact_71,RUL-071,Closed,ANL-100
ALT-019052,SOC-ZETA,2026-09-02 15:29:00,Medium,AST-0399,Low,DET-T1021-Remote_Services_94,RUL-094,Closed,ANL-090
ALT-019089,SOC-ZETA,2026-06-22 14:35:00,High,AST-0029,Critical,DET-T1566-Phishing_02,RUL-002,Closed,ANL-092
ALT-019114,SOC-ZETA,2026-07-11 16:54:00,Low,AST-0361,Low,DET-T1046-Network_Service_Discovery_96,RUL-096,Closed,ANL-102
ALT-019131,SOC-ZETA,2026-09-07 02:02:00,High,AST-0234,Medium,DET-T1110-Brute_Force_38,RUL-038,Closed,ANL-095
ALT-019141,SOC-ZETA,2026-08-03 22:36:00,High,AST-0071,High,DET-T1055-Process_Injection_87,RUL-087,Under Review,ANL-096
ALT-019148,SOC-ZETA,2026-08-10 06:10:00,Medium,AST-0114,High,DET-T1003-OS_Credential_Dumping_35,RUL-035,Closed,ANL-105
ALT-019167,SOC-ZETA,2026-08-05 00:05:00,Critical,AST-0038,Critical,DET-T1562-Impair_Defenses_82,RUL-082,Closed,ANL-090
ALT-019213,SOC-ZETA,2026-07-27 17:26:00,Medium,AST-0152,High,DET-T1110-Brute_Force_98,RUL-098,Closed,ANL-099
ALT-019255,SOC-ZETA,2026-06-29 10:19:00,High,AST-0017,Critical,DET-T1059-Command_and_Scripting_Interpreter_46,RUL-046,Closed,ANL-097
ALT-019256,SOC-ZETA,2026-07-20 05:19:00,High,AST-0049,Critical,DET-T1566-Phishing_62,RUL-062,Closed,ANL-090
ALT-019304,SOC-ZETA,2026-07-15 17:54:00,Critical,AST-0036,Critical,DET-T1110-Brute_Force_38,RUL-038,Closed,ANL-093
ALT-019322,SOC-ZETA,2026-06-14 22:56:00,Medium,AST-0174,Medium,DET-T1090-Proxy_28,RUL-028,Closed,ANL-098
ALT-019323,SOC-ZETA,2026-06-20 15:08:00,Low,AST-0222,Medium,DET-T1190-Exploit_Public-Facing_Application_14,RUL-014,Closed,ANL-098
ALT-019340,SOC-ZETA,2026-09-05 13:02:00,Medium,AST-0458,Low,DET-T1190-Exploit_Public-Facing_Application_29,RUL-029,Closed,ANL-093
ALT-019356,SOC-ZETA,2026-06-16 17:11:00,High,AST-0036,Critical,DET-T1486-Data_Encrypted_for_Impact_26,RUL-026,Closed,ANL-091
ALT-019370,SOC-ZETA,2026-06-30 10:26:00,Medium,AST-0247,Medium,DET-T1055-Process_Injection_42,RUL-042,Closed,ANL-105
ALT-019371,SOC-ZETA,2026-08-28 00:46:00,Medium,AST-0326,Medium,DET-T1021-Remote_Services_64,RUL-064,Closed,ANL-105
ALT-019374,SOC-ZETA,2026-08-09 08:23:00,Low,AST-0213,Medium,DET-T1046-Network_Service_Discovery_51,RUL-051,Under Review,ANL-105
ALT-019378,SOC-ZETA,2026-08-02 22:55:00,High,AST-0376,Low,DET-T1003-OS_Credential_Dumping_80,RUL-080,Closed,ANL-090
ALT-019415,SOC-ZETA,2026-06-24 13:25:00,High,AST-0139,High,DET-T1055-Process_Injection_87,RUL-087,Closed,ANL-094
ALT-019429,SOC-ZETA,2026-07-12 22:49:00,High,AST-0371,Low,DET-T1070-Indicator_Removal_on_Host_54,RUL-054,Closed,ANL-105
ALT-019436,SOC-ZETA,2026-08-23 15:33:00,High,AST-0076,High,DET-T1003-OS_Credential_Dumping_50,RUL-050,Closed,ANL-099
ALT-019454,SOC-ZETA,2026-08-29 05:32:00,Medium,AST-0393,Low,DET-T1053-Scheduled_Task/Job_18,RUL-018,Closed,ANL-095
ALT-019458,SOC-ZETA,2026-07-25 07:51:00,Medium,AST-0354,Medium,DET-T1055-Process_Injection_12,RUL-012,Closed,ANL-093
ALT-019461,SOC-ZETA,2026-06-23 16:33:00,Critical,AST-0078,High,DET-T1566-Phishing_47,RUL-047,Closed,ANL-098
ALT-019462,SOC-ZETA,2026-07-30 19:02:00,Low,AST-0146,High,DET-T1090-Proxy_28,RUL-028,Closed,ANL-101
ALT-019475,SOC-ZETA,2026-06-30 04:11:00,High,AST-0074,High,DET-T1562-Impair_Defenses_97,RUL-097,Closed,ANL-104
ALT-019489,SOC-ZETA,2026-07-30 12:10:00,Low,AST-0069,High,DET-T1021-Remote_Services_49,RUL-049,Closed,ANL-091
ALT-019517,SOC-ZETA,2026-07-17 01:33:00,High,AST-0075,High,DET-T1003-OS_Credential_Dumping_80,RUL-080,Closed,ANL-094
ALT-019531,SOC-ZETA,2026-06-13 12:23:00,High,AST-0013,Critical,DET-T1053-Scheduled_Task/Job_78,RUL-078,Closed,ANL-103
ALT-019536,SOC-ZETA,2026-08-31 21:25:00,Medium,AST-0293,Medium,DET-T1046-Network_Service_Discovery_66,RUL-066,Closed,ANL-096
ALT-019537,SOC-ZETA,2026-08-29 09:55:00,Medium,AST-0432,Low,DET-T1486-Data_Encrypted_for_Impact_56,RUL-056,Under Review,ANL-098
ALT-019539,SOC-ZETA,2026-08-26 23:14:00,Low,AST-0091,High,DET-T1078-Valid_Accounts_60,RUL-060,Closed,ANL-105
ALT-019542,SOC-ZETA,2026-06-16 08:59:00,Low,AST-0081,High,DET-T1070-Indicator_Removal_on_Host_99,RUL-099,Closed,ANL-101
ALT-019560,SOC-ZETA,2026-08-22 07:14:00,High,AST-0461,Low,DET-T1003-OS_Credential_Dumping_05,RUL-005,Closed,ANL-100
ALT-019573,SOC-ZETA,2026-07-27 23:07:00,High,AST-0033,Critical,DET-T1190-Exploit_Public-Facing_Application_59,RUL-059,Closed,ANL-098
ALT-019578,SOC-ZETA,2026-08-19 16:11:00,Critical,AST-0023,Critical,DET-T1078-Valid_Accounts_75,RUL-075,Closed,ANL-097
ALT-019583,SOC-ZETA,2026-06-30 14:57:00,Medium,AST-0172,Medium,DET-T1090-Proxy_13,RUL-013,Closed,ANL-105
ALT-019589,SOC-ZETA,2026-08-27 18:01:00,Medium,AST-0025,Critical,DET-T1053-Scheduled_Task/Job_48,RUL-048,Closed,ANL-095
ALT-019622,SOC-ZETA,2026-07-20 02:43:00,Medium,AST-0331,Medium,DET-T1090-Proxy_28,RUL-028,Closed,ANL-093
ALT-019633,SOC-ZETA,2026-08-25 22:04:00,High,AST-0119,High,DET-T1055-Process_Injection_87,RUL-087,Closed,ANL-099
ALT-019651,SOC-ZETA,2026-07-02 19:05:00,High,AST-0109,High,DET-T1003-OS_Credential_Dumping_35,RUL-035,Closed,ANL-104
ALT-019659,SOC-ZETA,2026-07-15 09:23:00,Low,AST-0183,Medium,DET-T1021-Remote_Services_49,RUL-049,Closed,ANL-101
ALT-019664,SOC-ZETA,2026-08-04 07:28:00,Low,AST-0217,Medium,DET-T1190-Exploit_Public-Facing_Application_89,RUL-089,Closed,ANL-092
ALT-019725,SOC-ZETA,2026-07-07 23:39:00,Medium,AST-0022,Critical,DET-T1566-Phishing_32,RUL-032,Closed,ANL-094
ALT-019749,SOC-ZETA,2026-08-07 11:17:00,Medium,AST-0151,High,DET-T1003-OS_Credential_Dumping_95,RUL-095,Closed,ANL-093
ALT-019815,SOC-ZETA,2026-07-13 01:32:00,Critical,AST-0041,Critical,DET-T1090-Proxy_43,RUL-043,Closed,ANL-103
ALT-019854,SOC-ZETA,2026-09-07 08:28:00,Low,AST-0460,Low,DET-T1003-OS_Credential_Dumping_50,RUL-050,Closed,ANL-105
ALT-019864,SOC-ZETA,2026-06-23 02:44:00,Medium,AST-0007,Critical,DET-T1070-Indicator_Removal_on_Host_24,RUL-024,Closed,ANL-092
ALT-019876,SOC-ZETA,2026-08-31 15:48:00,Medium,AST-0200,Medium,DET-T1059-Command_and_Scripting_Interpreter_46,RUL-046,Closed,ANL-095
ALT-019915,SOC-ZETA,2026-07-03 13:27:00,Medium,AST-0354,Medium,DET-T1110-Brute_Force_53,RUL-053,Closed,ANL-096
ALT-019959,SOC-ZETA,2026-06-30 04:15:00,Medium,AST-0342,Medium,DET-T1053-Scheduled_Task/Job_03,RUL-003,Closed,ANL-098
ALT-019960,SOC-ZETA,2026-08-22 17:56:00,Medium,AST-0415,Low,DET-T1053-Scheduled_Task/Job_33,RUL-033,Closed,ANL-099
