evidence_id,alert_id,evidence_type,created_at,source,description,hash
EVD-00035,ALT-000015,Process Tree & Hash,2026-09-03 09:30:00,EDR Sensor (CrowdStrike/Defender),Verified Process Tree & Hash captured from AST-IDENTITY-015 during investigation of DET-T1078-Valid_Accounts_75,d8f179e6e54a7dc8
EVD-00036,ALT-000015,PCAP Stream,2026-09-03 09:24:00,Network Packet Broker (Zeek),Verified PCAP Stream captured from AST-IDENTITY-015 during investigation of DET-T1078-Valid_Accounts_75,242258f49162502c
EVD-00037,ALT-000015,Authentication Token,2026-09-03 09:22:00,Firewall Syslog (PaloAlto),Verified Authentication Token captured from AST-IDENTITY-015 during investigation of DET-T1078-Valid_Accounts_75,b479bc959680073b
EVD-00038,ALT-000015,Registry Modification,2026-09-03 09:30:00,Active Directory Security Log 4624,Verified Registry Modification captured from AST-IDENTITY-015 during investigation of DET-T1078-Valid_Accounts_75,7a5a3732a4a6c542
EVD-00039,ALT-000015,Memory Extraction,2026-09-03 09:23:00,CloudTrail API Audit,Verified Memory Extraction captured from AST-IDENTITY-015 during investigation of DET-T1078-Valid_Accounts_75,6e4170484e6205c6
EVD-00040,ALT-000018,Registry Modification,2026-08-05 08:29:00,Active Directory Security Log 4624,Verified Registry Modification captured from SRV-DATABASE-081 during investigation of DET-T1059-Command_and_Scripting_Interpreter_31,8baf11b25ac0ba4f
EVD-00041,ALT-000018,Memory Extraction,2026-08-05 08:27:00,CloudTrail API Audit,Verified Memory Extraction captured from SRV-DATABASE-081 during investigation of DET-T1059-Command_and_Scripting_Interpreter_31,7660a33590d0603b
EVD-00042,ALT-000018,Process Tree & Hash,2026-08-05 08:36:00,EDR Sensor (CrowdStrike/Defender),Verified Process Tree & Hash captured from SRV-DATABASE-081 during investigation of DET-T1059-Command_and_Scripting_Interpreter_31,a817c62278b897ca
EVD-00043,ALT-000018,PCAP Stream,2026-08-05 08:39:00,Network Packet Broker (Zeek),Verified PCAP Stream captured from SRV-DATABASE-081 during investigation of DET-T1059-Command_and_Scripting_Interpreter_31,9990f01cb69a0c11
EVD-00063,ALT-000027,Authentication Token,2026-07-29 22:20:00,Firewall Syslog (PaloAlto),Verified Authentication Token captured from AST-API-180 during investigation of DET-T1110-Brute_Force_83,7622b56b4b5aad58
EVD-00064,ALT-000027,Registry Modification,2026-07-29 22:33:00,Active Directory Security Log 4624,Verified Registry Modification captured from AST-API-180 during investigation of DET-T1110-Brute_Force_83,acb7863a999ce66f
EVD-00065,ALT-000027,Memory Extraction,2026-07-29 22:23:00,CloudTrail API Audit,Verified Memory Extraction captured from AST-API-180 during investigation of DET-T1110-Brute_Force_83,70ec551334c72085
EVD-00112,ALT-000052,Authentication Token,2026-06-15 06:45:00,Firewall Syslog (PaloAlto),Verified Authentication Token captured from AST-IDENTITY-063 during investigation of DET-T1567-Exfiltration_Over_Web_Service_40,bb0ab19f04a51d47
EVD-00113,ALT-000052,Registry Modification,2026-06-15 06:37:00,Active Directory Security Log 4624,Verified Registry Modification captured from AST-IDENTITY-063 during investigation of DET-T1567-Exfiltration_Over_Web_Service_40,11f4a00bebaf6e05
EVD-00114,ALT-000052,Memory Extraction,2026-06-15 06:31:00,CloudTrail API Audit,Verified Memory Extraction captured from AST-IDENTITY-063 during investigation of DET-T1567-Exfiltration_Over_Web_Service_40,0534e2a6974e5dff
EVD-00115,ALT-000052,Process Tree & Hash,2026-06-15 06:32:00,EDR Sensor (CrowdStrike/Defender),Verified Process Tree & Hash captured from AST-IDENTITY-063 during investigation of DET-T1567-Exfiltration_Over_Web_Service_40,3ce39337cce08272
EVD-00328,ALT-000150,Process Tree & Hash,2026-06-30 10:42:00,EDR Sensor (CrowdStrike/Defender),Verified Process Tree & Hash captured from AST-API-116 during investigation of DET-T1566-Phishing_32,0910d5f785239fe6
EVD-00329,ALT-000150,PCAP Stream,2026-06-30 10:52:00,Network Packet Broker (Zeek),Verified PCAP Stream captured from AST-API-116 during investigation of DET-T1566-Phishing_32,e2f17a50c5197c29
EVD-00330,ALT-000150,Authentication Token,2026-06-30 11:08:00,Firewall Syslog (PaloAlto),Verified Authentication Token captured from AST-API-116 during investigation of DET-T1566-Phishing_32,6872bdd2f4c78c84
EVD-00331,ALT-000150,Registry Modification,2026-06-30 10:52:00,Active Directory Security Log 4624,Verified Registry Modification captured from AST-API-116 during investigation of DET-T1566-Phishing_32,388b4e3185105dc1
EVD-00332,ALT-000150,Memory Extraction,2026-06-30 10:44:00,CloudTrail API Audit,Verified Memory Extraction captured from AST-API-116 during investigation of DET-T1566-Phishing_32,7aab1b32f57cba12
EVD-00397,ALT-000180,Process Tree & Hash,2026-08-16 02:19:00,EDR Sensor (CrowdStrike/Defender),Verified Process Tree & Hash captured from SRV-DOMAIN-040 during investigation of DET-T1046-Network_Service_Discovery_36,9eca5ec69d596455
EVD-00398,ALT-000180,PCAP Stream,2026-08-16 02:33:00,Network Packet Broker (Zeek),Verified PCAP Stream captured from SRV-DOMAIN-040 during investigation of DET-T1046-Network_Service_Discovery_36,c3a312e137d2be89
EVD-00399,ALT-000180,Authentication Token,2026-08-16 02:31:00,Firewall Syslog (PaloAlto),Verified Authentication Token captured from SRV-DOMAIN-040 during investigation of DET-T1046-Network_Service_Discovery_36,4726e2bdf0927374
EVD-00474,ALT-000212,Authentication Token,2026-08-12 16:56:00,Firewall Syslog (PaloAlto),Verified Authentication Token captured from AST-WORKSTATION-275 during investigation of DET-T1566-Phishing_77,c8df23b5e3bea6ed
EVD-00475,ALT-000212,Registry Modification,2026-08-12 17:19:00,Active Directory Security Log 4624,Verified Registry Modification captured from AST-WORKSTATION-275 during investigation of DET-T1566-Phishing_77,453cd4ab80acf418
EVD-00476,ALT-000212,Memory Extraction,2026-08-12 17:15:00,CloudTrail API Audit,Verified Memory Extraction captured from AST-WORKSTATION-275 during investigation of DET-T1566-Phishing_77,c9d9f7167c03fede
EVD-00477,ALT-000212,Process Tree & Hash,2026-08-12 17:21:00,EDR Sensor (CrowdStrike/Defender),Verified Process Tree & Hash captured from AST-WORKSTATION-275 during investigation of DET-T1566-Phishing_77,566c23075a92037c
EVD-00485,ALT-000215,Process Tree & Hash,2026-08-05 18:38:00,EDR Sensor (CrowdStrike/Defender),Verified Process Tree & Hash captured from AST-WORKSTATION-059 during investigation of DET-T1053-Scheduled_Task/Job_03,cfd831c380a526f1
EVD-00486,ALT-000215,PCAP Stream,2026-08-05 18:49:00,Network Packet Broker (Zeek),Verified PCAP Stream captured from AST-WORKSTATION-059 during investigation of DET-T1053-Scheduled_Task/Job_03,f229dc8f6adef645
EVD-00487,ALT-000215,Authentication Token,2026-08-05 19:03:00,Firewall Syslog (PaloAlto),Verified Authentication Token captured from AST-WORKSTATION-059 during investigation of DET-T1053-Scheduled_Task/Job_03,d66988e44ee4bb12
EVD-00488,ALT-000215,Registry Modification,2026-08-05 18:55:00,Active Directory Security Log 4624,Verified Registry Modification captured from AST-WORKSTATION-059 during investigation of DET-T1053-Scheduled_Task/Job_03,e73977650eb892ec
EVD-00489,ALT-000215,Memory Extraction,2026-08-05 18:57:00,CloudTrail API Audit,Verified Memory Extraction captured from AST-WORKSTATION-059 during investigation of DET-T1053-Scheduled_Task/Job_03,adef9021db6dc768
EVD-00505,ALT-000221,PCAP Stream,2026-09-04 06:45:00,Network Packet Broker (Zeek),Verified PCAP Stream captured from AST-API-228 during investigation of DET-T1053-Scheduled_Task/Job_63,49120ddf74cd47f5
EVD-00506,ALT-000221,Authentication Token,2026-09-04 06:41:00,Firewall Syslog (PaloAlto),Verified Authentication Token captured from AST-API-228 during investigation of DET-T1053-Scheduled_Task/Job_63,b8b73200ba1d5936
EVD-00507,ALT-000221,Registry Modification,2026-09-04 06:50:00,Active Directory Security Log 4624,Verified Registry Modification captured from AST-API-228 during investigation of DET-T1053-Scheduled_Task/Job_63,1e0209e832cafff0
EVD-00508,ALT-000221,Memory Extraction,2026-09-04 06:54:00,CloudTrail API Audit,Verified Memory Extraction captured from AST-API-228 during investigation of DET-T1053-Scheduled_Task/Job_63,4684bc323b80ea94
EVD-00535,ALT-000241,PCAP Stream,2026-07-14 13:16:00,Network Packet Broker (Zeek),Verified PCAP Stream captured from AST-WORKSTATION-331 during investigation of DET-T1562-Impair_Defenses_07,4f52cb88fefd66f3
EVD-00536,ALT-000241,Authentication Token,2026-07-14 13:34:00,Firewall Syslog (PaloAlto),Verified Authentication Token captured from AST-WORKSTATION-331 during investigation of DET-T1562-Impair_Defenses_07,997d1247f2c08221
EVD-00537,ALT-000241,Registry Modification,2026-07-14 13:15:00,Active Directory Security Log 4624,Verified Registry Modification captured from AST-WORKSTATION-331 during investigation of DET-T1562-Impair_Defenses_07,9ce28a441953709b
EVD-00570,ALT-000257,Authentication Token,2026-07-04 15:29:00,Firewall Syslog (PaloAlto),Verified Authentication Token captured from AST-WORKSTATION-475 during investigation of DET-T1046-Network_Service_Discovery_51,50d4d2bcd4a252b7
EVD-00571,ALT-000257,Registry Modification,2026-07-04 15:31:00,Active Directory Security Log 4624,Verified Registry Modification captured from AST-WORKSTATION-475 during investigation of DET-T1046-Network_Service_Discovery_51,5440ec42bd1aed2f
EVD-00572,ALT-000257,Memory Extraction,2026-07-04 15:40:00,CloudTrail API Audit,Verified Memory Extraction captured from AST-WORKSTATION-475 during investigation of DET-T1046-Network_Service_Discovery_51,e286d50aacb712aa
EVD-00595,ALT-000271,PCAP Stream,2026-08-06 13:54:00,Network Packet Broker (Zeek),Verified PCAP Stream captured from AST-CLOUD-037 during investigation of DET-T1567-Exfiltration_Over_Web_Service_100,8d3b044149643c5a
EVD-00596,ALT-000271,Authentication Token,2026-08-06 13:23:00,Firewall Syslog (PaloAlto),Verified Authentication Token captured from AST-CLOUD-037 during investigation of DET-T1567-Exfiltration_Over_Web_Service_100,e6e68e335aa4409c
EVD-00597,ALT-000271,Registry Modification,2026-08-06 13:38:00,Active Directory Security Log 4624,Verified Registry Modification captured from AST-CLOUD-037 during investigation of DET-T1567-Exfiltration_Over_Web_Service_100,a587a378b04494d9
EVD-00598,ALT-000271,Memory Extraction,2026-08-06 13:36:00,CloudTrail API Audit,Verified Memory Extraction captured from AST-CLOUD-037 during investigation of DET-T1567-Exfiltration_Over_Web_Service_100,c2a5d3df91f2fb2c
EVD-00670,ALT-000299,Memory Extraction,2026-07-20 06:57:00,CloudTrail API Audit,Verified Memory Extraction captured from AST-PAYMENT-402 during investigation of DET-T1059-Command_and_Scripting_Interpreter_61,7619a5f4b9855030
EVD-00671,ALT-000299,Process Tree & Hash,2026-07-20 07:21:00,EDR Sensor (CrowdStrike/Defender),Verified Process Tree & Hash captured from AST-PAYMENT-402 during investigation of DET-T1059-Command_and_Scripting_Interpreter_61,2426c0b4d418579a
EVD-00672,ALT-000299,PCAP Stream,2026-07-20 06:59:00,Network Packet Broker (Zeek),Verified PCAP Stream captured from AST-PAYMENT-402 during investigation of DET-T1059-Command_and_Scripting_Interpreter_61,7d63ea61f2c73c19
EVD-00673,ALT-000299,Authentication Token,2026-07-20 07:07:00,Firewall Syslog (PaloAlto),Verified Authentication Token captured from AST-PAYMENT-402 during investigation of DET-T1059-Command_and_Scripting_Interpreter_61,42fd821046f1130a
EVD-00674,ALT-000299,Registry Modification,2026-07-20 07:26:00,Active Directory Security Log 4624,Verified Registry Modification captured from AST-PAYMENT-402 during investigation of DET-T1059-Command_and_Scripting_Interpreter_61,3f919d76d9d2972e
EVD-00786,ALT-000352,Authentication Token,2026-09-07 19:34:00,Firewall Syslog (PaloAlto),Verified Authentication Token captured from SRV-DATABASE-065 during investigation of DET-T1567-Exfiltration_Over_Web_Service_25,3c1b5d3bdf9e1bf5
EVD-00787,ALT-000352,Registry Modification,2026-09-07 19:46:00,Active Directory Security Log 4624,Verified Registry Modification captured from SRV-DATABASE-065 during investigation of DET-T1567-Exfiltration_Over_Web_Service_25,57f34e61740a961c
EVD-00788,ALT-000352,Memory Extraction,2026-09-07 19:36:00,CloudTrail API Audit,Verified Memory Extraction captured from SRV-DATABASE-065 during investigation of DET-T1567-Exfiltration_Over_Web_Service_25,435c04321c3bba5c
EVD-00789,ALT-000352,Process Tree & Hash,2026-09-07 19:42:00,EDR Sensor (CrowdStrike/Defender),Verified Process Tree & Hash captured from SRV-DATABASE-065 during investigation of DET-T1567-Exfiltration_Over_Web_Service_25,323d833cc4299d1e
EVD-00790,ALT-000352,PCAP Stream,2026-09-07 20:01:00,Network Packet Broker (Zeek),Verified PCAP Stream captured from SRV-DATABASE-065 during investigation of DET-T1567-Exfiltration_Over_Web_Service_25,4650f80e0e9a7d8d
EVD-00826,ALT-000367,Authentication Token,2026-08-28 18:06:00,Firewall Syslog (PaloAlto),Verified Authentication Token captured from AST-FIREWALL-118 during investigation of DET-T1021-Remote_Services_49,b514e3f7060de14f
EVD-00827,ALT-000367,Registry Modification,2026-08-28 18:03:00,Active Directory Security Log 4624,Verified Registry Modification captured from AST-FIREWALL-118 during investigation of DET-T1021-Remote_Services_49,396b83a958b68a66
EVD-00828,ALT-000367,Memory Extraction,2026-08-28 18:08:00,CloudTrail API Audit,Verified Memory Extraction captured from AST-FIREWALL-118 during investigation of DET-T1021-Remote_Services_49,51ad65e6d9aa4eec
EVD-00829,ALT-000367,Process Tree & Hash,2026-08-28 18:27:00,EDR Sensor (CrowdStrike/Defender),Verified Process Tree & Hash captured from AST-FIREWALL-118 during investigation of DET-T1021-Remote_Services_49,f0f5bd4b6fae989c
EVD-00830,ALT-000367,PCAP Stream,2026-08-28 17:59:00,Network Packet Broker (Zeek),Verified PCAP Stream captured from AST-FIREWALL-118 during investigation of DET-T1021-Remote_Services_49,a6c6ade1ff6e2797
EVD-00987,ALT-000430,Process Tree & Hash,2026-08-23 14:33:00,EDR Sensor (CrowdStrike/Defender),Verified Process Tree & Hash captured from SRV-DATABASE-153 during investigation of DET-T1070-Indicator_Removal_on_Host_84,3b23b6f4b2c36a92
EVD-00988,ALT-000430,PCAP Stream,2026-08-23 14:45:00,Network Packet Broker (Zeek),Verified PCAP Stream captured from SRV-DATABASE-153 during investigation of DET-T1070-Indicator_Removal_on_Host_84,3abdbf08c8bc3169
EVD-00989,ALT-000430,Authentication Token,2026-08-23 14:43:00,Firewall Syslog (PaloAlto),Verified Authentication Token captured from SRV-DATABASE-153 during investigation of DET-T1070-Indicator_Removal_on_Host_84,bcc4a5b4933fa6dc
EVD-00990,ALT-000430,Registry Modification,2026-08-23 14:54:00,Active Directory Security Log 4624,Verified Registry Modification captured from SRV-DATABASE-153 during investigation of DET-T1070-Indicator_Removal_on_Host_84,340b25c69bdf48ee
EVD-00991,ALT-000430,Memory Extraction,2026-08-23 14:40:00,CloudTrail API Audit,Verified Memory Extraction captured from SRV-DATABASE-153 during investigation of DET-T1070-Indicator_Removal_on_Host_84,db6dd75b861bfd01
EVD-00996,ALT-000433,Registry Modification,2026-06-15 12:02:00,Active Directory Security Log 4624,Verified Registry Modification captured from AST-API-340 during investigation of DET-T1110-Brute_Force_68,36aa9a1c4ec90e25
EVD-00997,ALT-000433,Memory Extraction,2026-06-15 11:33:00,CloudTrail API Audit,Verified Memory Extraction captured from AST-API-340 during investigation of DET-T1110-Brute_Force_68,215d18e9b17cf0be
EVD-00998,ALT-000433,Process Tree & Hash,2026-06-15 11:37:00,EDR Sensor (CrowdStrike/Defender),Verified Process Tree & Hash captured from AST-API-340 during investigation of DET-T1110-Brute_Force_68,f59daabdfb1715bb
EVD-00999,ALT-000433,PCAP Stream,2026-06-15 11:57:00,Network Packet Broker (Zeek),Verified PCAP Stream captured from AST-API-340 during investigation of DET-T1110-Brute_Force_68,4359a976a71cab1a
EVD-01000,ALT-000433,Authentication Token,2026-06-15 11:50:00,Firewall Syslog (PaloAlto),Verified Authentication Token captured from AST-API-340 during investigation of DET-T1110-Brute_Force_68,1a9f1618a03f98ac
EVD-01016,ALT-000444,Memory Extraction,2026-09-04 05:00:00,CloudTrail API Audit,Verified Memory Extraction captured from SRV-DATABASE-009 during investigation of DET-T1110-Brute_Force_53,1d5785e520f7e249
EVD-01017,ALT-000444,Process Tree & Hash,2026-09-04 05:05:00,EDR Sensor (CrowdStrike/Defender),Verified Process Tree & Hash captured from SRV-DATABASE-009 during investigation of DET-T1110-Brute_Force_53,e53b723e468794ba
EVD-01018,ALT-000444,PCAP Stream,2026-09-04 05:01:00,Network Packet Broker (Zeek),Verified PCAP Stream captured from SRV-DATABASE-009 during investigation of DET-T1110-Brute_Force_53,26561d81c1f47085
EVD-01019,ALT-000444,Authentication Token,2026-09-04 04:56:00,Firewall Syslog (PaloAlto),Verified Authentication Token captured from SRV-DATABASE-009 during investigation of DET-T1110-Brute_Force_53,69ce8cb0af305ed1
EVD-01020,ALT-000444,Registry Modification,2026-09-04 05:00:00,Active Directory Security Log 4624,Verified Registry Modification captured from SRV-DATABASE-009 during investigation of DET-T1110-Brute_Force_53,5381fb420ba480ca
EVD-01056,ALT-000462,Authentication Token,2026-07-01 18:53:00,Firewall Syslog (PaloAlto),Verified Authentication Token captured from AST-PAYMENT-146 during investigation of DET-T1021-Remote_Services_79,77527eb37fbfa4ea
EVD-01057,ALT-000462,Registry Modification,2026-07-01 19:12:00,Active Directory Security Log 4624,Verified Registry Modification captured from AST-PAYMENT-146 during investigation of DET-T1021-Remote_Services_79,e5015aba8f53ffa4
EVD-01058,ALT-000462,Memory Extraction,2026-07-01 18:56:00,CloudTrail API Audit,Verified Memory Extraction captured from AST-PAYMENT-146 during investigation of DET-T1021-Remote_Services_79,5bcd478867174a93
EVD-01059,ALT-000462,Process Tree & Hash,2026-07-01 19:07:00,EDR Sensor (CrowdStrike/Defender),Verified Process Tree & Hash captured from AST-PAYMENT-146 during investigation of DET-T1021-Remote_Services_79,31ffcc566f3493d1
EVD-01325,ALT-000565,Process Tree & Hash,2026-09-04 01:00:00,EDR Sensor (CrowdStrike/Defender),Verified Process Tree & Hash captured from AST-WORKSTATION-139 during investigation of DET-T1567-Exfiltration_Over_Web_Service_70,0e82f9d085a15ba8
EVD-01326,ALT-000565,PCAP Stream,2026-09-04 01:04:00,Network Packet Broker (Zeek),Verified PCAP Stream captured from AST-WORKSTATION-139 during investigation of DET-T1567-Exfiltration_Over_Web_Service_70,4a7ac132d20db8ee
EVD-01327,ALT-000565,Authentication Token,2026-09-04 01:05:00,Firewall Syslog (PaloAlto),Verified Authentication Token captured from AST-WORKSTATION-139 during investigation of DET-T1567-Exfiltration_Over_Web_Service_70,4baac516534ebf99
EVD-01501,ALT-000643,Registry Modification,2026-07-02 11:59:00,Active Directory Security Log 4624,Verified Registry Modification captured from SRV-DATABASE-041 during investigation of DET-T1055-Process_Injection_72,447db2d56638cb2a
EVD-01502,ALT-000643,Memory Extraction,2026-07-02 11:51:00,CloudTrail API Audit,Verified Memory Extraction captured from SRV-DATABASE-041 during investigation of DET-T1055-Process_Injection_72,c3190d08fb1d84f0
EVD-01503,ALT-000643,Process Tree & Hash,2026-07-02 12:06:00,EDR Sensor (CrowdStrike/Defender),Verified Process Tree & Hash captured from SRV-DATABASE-041 during investigation of DET-T1055-Process_Injection_72,2c09ad557b0d955b
EVD-01504,ALT-000643,PCAP Stream,2026-07-02 11:54:00,Network Packet Broker (Zeek),Verified PCAP Stream captured from SRV-DATABASE-041 during investigation of DET-T1055-Process_Injection_72,7157a964ff96bf54
EVD-01577,ALT-000677,Authentication Token,2026-07-07 04:33:00,Firewall Syslog (PaloAlto),Verified Authentication Token captured from AST-CLOUD-309 during investigation of DET-T1190-Exploit_Public-Facing_Application_44,76fb2759f680f073
EVD-01578,ALT-000677,Registry Modification,2026-07-07 04:57:00,Active Directory Security Log 4624,Verified Registry Modification captured from AST-CLOUD-309 during investigation of DET-T1190-Exploit_Public-Facing_Application_44,fd5c86eccd8736d9
EVD-01579,ALT-000677,Memory Extraction,2026-07-07 04:52:00,CloudTrail API Audit,Verified Memory Extraction captured from AST-CLOUD-309 during investigation of DET-T1190-Exploit_Public-Facing_Application_44,e01cb4f1ea09338a
EVD-01648,ALT-000706,PCAP Stream,2026-08-16 10:17:00,Network Packet Broker (Zeek),Verified PCAP Stream captured from AST-IDENTITY-439 during investigation of DET-T1567-Exfiltration_Over_Web_Service_25,157cc11ffe71c9bb
EVD-01649,ALT-000706,Authentication Token,2026-08-16 10:15:00,Firewall Syslog (PaloAlto),Verified Authentication Token captured from AST-IDENTITY-439 during investigation of DET-T1567-Exfiltration_Over_Web_Service_25,3f3fff9fd7789b9b
EVD-01650,ALT-000706,Registry Modification,2026-08-16 09:50:00,Active Directory Security Log 4624,Verified Registry Modification captured from AST-IDENTITY-439 during investigation of DET-T1567-Exfiltration_Over_Web_Service_25,a70cbe10bd62e209
EVD-01651,ALT-000706,Memory Extraction,2026-08-16 09:51:00,CloudTrail API Audit,Verified Memory Extraction captured from AST-IDENTITY-439 during investigation of DET-T1567-Exfiltration_Over_Web_Service_25,d7d8968f55631006
EVD-01882,ALT-000817,Authentication Token,2026-07-19 18:59:00,Firewall Syslog (PaloAlto),Verified Authentication Token captured from AST-CLOUD-053 during investigation of DET-T1053-Scheduled_Task/Job_03,d190fa5f59c160b9
EVD-01883,ALT-000817,Registry Modification,2026-07-19 19:09:00,Active Directory Security Log 4624,Verified Registry Modification captured from AST-CLOUD-053 during investigation of DET-T1053-Scheduled_Task/Job_03,cef761eb155911f5
EVD-01884,ALT-000817,Memory Extraction,2026-07-19 19:20:00,CloudTrail API Audit,Verified Memory Extraction captured from AST-CLOUD-053 during investigation of DET-T1053-Scheduled_Task/Job_03,4f307c5c9175a948
EVD-01885,ALT-000818,Registry Modification,2026-08-23 04:22:00,Active Directory Security Log 4624,Verified Registry Modification captured from AST-API-036 during investigation of DET-T1059-Command_and_Scripting_Interpreter_16,930dd9a08189aebc
EVD-01886,ALT-000818,Memory Extraction,2026-08-23 04:48:00,CloudTrail API Audit,Verified Memory Extraction captured from AST-API-036 during investigation of DET-T1059-Command_and_Scripting_Interpreter_16,6e50f8a0e1acc139
EVD-01887,ALT-000818,Process Tree & Hash,2026-08-23 04:28:00,EDR Sensor (CrowdStrike/Defender),Verified Process Tree & Hash captured from AST-API-036 during investigation of DET-T1059-Command_and_Scripting_Interpreter_16,c0ea78a6fde78669
EVD-01888,ALT-000818,PCAP Stream,2026-08-23 04:19:00,Network Packet Broker (Zeek),Verified PCAP Stream captured from AST-API-036 during investigation of DET-T1059-Command_and_Scripting_Interpreter_16,10601f9a320e394e
EVD-01990,ALT-000865,Process Tree & Hash,2026-08-21 06:41:00,EDR Sensor (CrowdStrike/Defender),Verified Process Tree & Hash captured from AST-PAYMENT-450 during investigation of DET-T1110-Brute_Force_83,5bfe4c8031700e6d
EVD-01991,ALT-000865,PCAP Stream,2026-08-21 06:30:00,Network Packet Broker (Zeek),Verified PCAP Stream captured from AST-PAYMENT-450 during investigation of DET-T1110-Brute_Force_83,9de515c3b67b187e
EVD-01992,ALT-000865,Authentication Token,2026-08-21 06:39:00,Firewall Syslog (PaloAlto),Verified Authentication Token captured from AST-PAYMENT-450 during investigation of DET-T1110-Brute_Force_83,7edfd76e8a0def23
EVD-01993,ALT-000865,Registry Modification,2026-08-21 06:49:00,Active Directory Security Log 4624,Verified Registry Modification captured from AST-PAYMENT-450 during investigation of DET-T1110-Brute_Force_83,da26f823cc34e5ad
EVD-02006,ALT-000870,Process Tree & Hash,2026-09-10 08:23:00,EDR Sensor (CrowdStrike/Defender),Verified Process Tree & Hash captured from SRV-DATABASE-121 during investigation of DET-T1090-Proxy_13,0faac4d32fcd6d21
EVD-02007,ALT-000870,PCAP Stream,2026-09-10 08:28:00,Network Packet Broker (Zeek),Verified PCAP Stream captured from SRV-DATABASE-121 during investigation of DET-T1090-Proxy_13,987183c32acc8939
EVD-02008,ALT-000870,Authentication Token,2026-09-10 08:32:00,Firewall Syslog (PaloAlto),Verified Authentication Token captured from SRV-DATABASE-121 during investigation of DET-T1090-Proxy_13,60a944d6f4295708
EVD-02009,ALT-000870,Registry Modification,2026-09-10 08:14:00,Active Directory Security Log 4624,Verified Registry Modification captured from SRV-DATABASE-121 during investigation of DET-T1090-Proxy_13,bc24df63c4d05b52
EVD-02466,ALT-001065,Process Tree & Hash,2026-08-15 08:25:00,EDR Sensor (CrowdStrike/Defender),Verified Process Tree & Hash captured from AST-IDENTITY-071 during investigation of DET-T1070-Indicator_Removal_on_Host_69,753d4abc4d70d8f7
EVD-02467,ALT-001065,PCAP Stream,2026-08-15 08:28:00,Network Packet Broker (Zeek),Verified PCAP Stream captured from AST-IDENTITY-071 during investigation of DET-T1070-Indicator_Removal_on_Host_69,370194499a736169
EVD-02468,ALT-001065,Authentication Token,2026-08-15 08:19:00,Firewall Syslog (PaloAlto),Verified Authentication Token captured from AST-IDENTITY-071 during investigation of DET-T1070-Indicator_Removal_on_Host_69,847b6b3cf4a2c680
EVD-02485,ALT-001071,PCAP Stream,2026-08-19 20:58:00,Network Packet Broker (Zeek),Verified PCAP Stream captured from AST-API-100 during investigation of DET-T1053-Scheduled_Task/Job_03,4cb94247600a8f6b
EVD-02486,ALT-001071,Authentication Token,2026-08-19 21:03:00,Firewall Syslog (PaloAlto),Verified Authentication Token captured from AST-API-100 during investigation of DET-T1053-Scheduled_Task/Job_03,56c5be2371be4a1e
EVD-02487,ALT-001071,Registry Modification,2026-08-19 20:56:00,Active Directory Security Log 4624,Verified Registry Modification captured from AST-API-100 during investigation of DET-T1053-Scheduled_Task/Job_03,437b06773f345307
EVD-02506,ALT-001079,Memory Extraction,2026-07-09 05:55:00,CloudTrail API Audit,Verified Memory Extraction captured from AST-IDENTITY-495 during investigation of DET-T1003-OS_Credential_Dumping_20,a8287abdcf2b6785
EVD-02507,ALT-001079,Process Tree & Hash,2026-07-09 05:48:00,EDR Sensor (CrowdStrike/Defender),Verified Process Tree & Hash captured from AST-IDENTITY-495 during investigation of DET-T1003-OS_Credential_Dumping_20,ab161b247cc079e7
EVD-02508,ALT-001079,PCAP Stream,2026-07-09 05:52:00,Network Packet Broker (Zeek),Verified PCAP Stream captured from AST-IDENTITY-495 during investigation of DET-T1003-OS_Credential_Dumping_20,8fcf015d33641d7a
EVD-02574,ALT-001111,PCAP Stream,2026-08-20 10:11:00,Network Packet Broker (Zeek),Verified PCAP Stream captured from SRV-DATABASE-273 during investigation of DET-T1059-Command_and_Scripting_Interpreter_46,d6db8f862a54ec87
EVD-02575,ALT-001111,Authentication Token,2026-08-20 10:19:00,Firewall Syslog (PaloAlto),Verified Authentication Token captured from SRV-DATABASE-273 during investigation of DET-T1059-Command_and_Scripting_Interpreter_46,932de6b6c74192b6
EVD-02576,ALT-001111,Registry Modification,2026-08-20 10:16:00,Active Directory Security Log 4624,Verified Registry Modification captured from SRV-DATABASE-273 during investigation of DET-T1059-Command_and_Scripting_Interpreter_46,79b67fb3cca11f21
EVD-02577,ALT-001111,Memory Extraction,2026-08-20 10:23:00,CloudTrail API Audit,Verified Memory Extraction captured from SRV-DATABASE-273 during investigation of DET-T1059-Command_and_Scripting_Interpreter_46,bcef128299d02cc4
EVD-02578,ALT-001111,Process Tree & Hash,2026-08-20 10:10:00,EDR Sensor (CrowdStrike/Defender),Verified Process Tree & Hash captured from SRV-DATABASE-273 during investigation of DET-T1059-Command_and_Scripting_Interpreter_46,280b27ced18672ec
EVD-02643,ALT-001136,PCAP Stream,2026-08-04 04:48:00,Network Packet Broker (Zeek),Verified PCAP Stream captured from AST-IDENTITY-335 during investigation of DET-T1003-OS_Credential_Dumping_95,8a812cec04916171
EVD-02644,ALT-001136,Authentication Token,2026-08-04 04:29:00,Firewall Syslog (PaloAlto),Verified Authentication Token captured from AST-IDENTITY-335 during investigation of DET-T1003-OS_Credential_Dumping_95,5b2ca73d5aac8d9e
EVD-02645,ALT-001136,Registry Modification,2026-08-04 04:49:00,Active Directory Security Log 4624,Verified Registry Modification captured from AST-IDENTITY-335 during investigation of DET-T1003-OS_Credential_Dumping_95,3a8386ec407c2f27
EVD-02829,ALT-001229,Memory Extraction,2026-06-29 15:50:00,CloudTrail API Audit,Verified Memory Extraction captured from AST-CLOUD-485 during investigation of DET-T1053-Scheduled_Task/Job_78,71f52f5a4ba9e447
EVD-02830,ALT-001229,Process Tree & Hash,2026-06-29 15:39:00,EDR Sensor (CrowdStrike/Defender),Verified Process Tree & Hash captured from AST-CLOUD-485 during investigation of DET-T1053-Scheduled_Task/Job_78,43e31d210cf3cbb4
EVD-02831,ALT-001229,PCAP Stream,2026-06-29 15:48:00,Network Packet Broker (Zeek),Verified PCAP Stream captured from AST-CLOUD-485 during investigation of DET-T1053-Scheduled_Task/Job_78,b77c7dbad60bfb48
EVD-02832,ALT-001229,Authentication Token,2026-06-29 15:45:00,Firewall Syslog (PaloAlto),Verified Authentication Token captured from AST-CLOUD-485 during investigation of DET-T1053-Scheduled_Task/Job_78,30511a93c40ed517
EVD-02833,ALT-001229,Registry Modification,2026-06-29 15:31:00,Active Directory Security Log 4624,Verified Registry Modification captured from AST-CLOUD-485 during investigation of DET-T1053-Scheduled_Task/Job_78,d9d0cffe13d0d297
EVD-03084,ALT-001337,Authentication Token,2026-07-10 08:15:00,Firewall Syslog (PaloAlto),Verified Authentication Token captured from AST-PAYMENT-322 during investigation of DET-T1190-Exploit_Public-Facing_Application_74,a9895a466b5ddb57
EVD-03085,ALT-001337,Registry Modification,2026-07-10 08:15:00,Active Directory Security Log 4624,Verified Registry Modification captured from AST-PAYMENT-322 during investigation of DET-T1190-Exploit_Public-Facing_Application_74,2467156d556aa9ee
EVD-03086,ALT-001337,Memory Extraction,2026-07-10 08:15:00,CloudTrail API Audit,Verified Memory Extraction captured from AST-PAYMENT-322 during investigation of DET-T1190-Exploit_Public-Facing_Application_74,531fd6f796d4a7e8
EVD-03155,ALT-001363,Registry Modification,2026-07-23 11:54:00,Active Directory Security Log 4624,Verified Registry Modification captured from AST-IDENTITY-127 during investigation of DET-T1090-Proxy_28,dc67ab260396c61b
EVD-03156,ALT-001363,Memory Extraction,2026-07-23 11:55:00,CloudTrail API Audit,Verified Memory Extraction captured from AST-IDENTITY-127 during investigation of DET-T1090-Proxy_28,2e7d8003e846d11b
EVD-03157,ALT-001363,Process Tree & Hash,2026-07-23 12:29:00,EDR Sensor (CrowdStrike/Defender),Verified Process Tree & Hash captured from AST-IDENTITY-127 during investigation of DET-T1090-Proxy_28,8dd91fa0f4540539
EVD-03161,ALT-001367,Authentication Token,2026-08-22 06:14:00,Firewall Syslog (PaloAlto),Verified Authentication Token captured from AST-IDENTITY-055 during investigation of DET-T1046-Network_Service_Discovery_51,7465f3f3f37d56dd
EVD-03162,ALT-001367,Registry Modification,2026-08-22 06:15:00,Active Directory Security Log 4624,Verified Registry Modification captured from AST-IDENTITY-055 during investigation of DET-T1046-Network_Service_Discovery_51,23e179f624ef0ef7
EVD-03163,ALT-001367,Memory Extraction,2026-08-22 06:28:00,CloudTrail API Audit,Verified Memory Extraction captured from AST-IDENTITY-055 during investigation of DET-T1046-Network_Service_Discovery_51,c5bfcd9f4f2f910e
EVD-03179,ALT-001379,Memory Extraction,2026-06-23 10:38:00,CloudTrail API Audit,Verified Memory Extraction captured from AST-CLOUD-005 during investigation of DET-T1566-Phishing_92,9c8609d37768944d
EVD-03180,ALT-001379,Process Tree & Hash,2026-06-23 10:36:00,EDR Sensor (CrowdStrike/Defender),Verified Process Tree & Hash captured from AST-CLOUD-005 during investigation of DET-T1566-Phishing_92,8e9b7eeaaec9c8da
EVD-03181,ALT-001379,PCAP Stream,2026-06-23 10:30:00,Network Packet Broker (Zeek),Verified PCAP Stream captured from AST-CLOUD-005 during investigation of DET-T1566-Phishing_92,f33612b41933cb7b
EVD-03182,ALT-001379,Authentication Token,2026-06-23 10:47:00,Firewall Syslog (PaloAlto),Verified Authentication Token captured from AST-CLOUD-005 during investigation of DET-T1566-Phishing_92,1129d56b22a42131
EVD-03233,ALT-001399,Memory Extraction,2026-07-25 01:11:00,CloudTrail API Audit,Verified Memory Extraction captured from AST-API-028 during investigation of DET-T1021-Remote_Services_19,c922243c4da73fae
EVD-03234,ALT-001399,Process Tree & Hash,2026-07-25 01:21:00,EDR Sensor (CrowdStrike/Defender),Verified Process Tree & Hash captured from AST-API-028 during investigation of DET-T1021-Remote_Services_19,890c43271b708109
EVD-03235,ALT-001399,PCAP Stream,2026-07-25 01:16:00,Network Packet Broker (Zeek),Verified PCAP Stream captured from AST-API-028 during investigation of DET-T1021-Remote_Services_19,03c700aaa34e5045
EVD-03281,ALT-001428,Registry Modification,2026-08-05 11:25:00,Active Directory Security Log 4624,Verified Registry Modification captured from AST-IDENTITY-039 during investigation of DET-T1078-Valid_Accounts_90,56ad0c037d6cd0a9
EVD-03282,ALT-001428,Memory Extraction,2026-08-05 11:43:00,CloudTrail API Audit,Verified Memory Extraction captured from AST-IDENTITY-039 during investigation of DET-T1078-Valid_Accounts_90,5b89d845cec2231f
EVD-03283,ALT-001428,Process Tree & Hash,2026-08-05 11:38:00,EDR Sensor (CrowdStrike/Defender),Verified Process Tree & Hash captured from AST-IDENTITY-039 during investigation of DET-T1078-Valid_Accounts_90,490b9017c10d9afc
EVD-03393,ALT-001477,Authentication Token,2026-07-02 05:40:00,Firewall Syslog (PaloAlto),Verified Authentication Token captured from SRV-DATABASE-249 during investigation of DET-T1486-Data_Encrypted_for_Impact_86,015db0d180ebb1de
EVD-03394,ALT-001477,Registry Modification,2026-07-02 05:10:00,Active Directory Security Log 4624,Verified Registry Modification captured from SRV-DATABASE-249 during investigation of DET-T1486-Data_Encrypted_for_Impact_86,805ad4d150656077
EVD-03395,ALT-001477,Memory Extraction,2026-07-02 05:23:00,CloudTrail API Audit,Verified Memory Extraction captured from SRV-DATABASE-249 during investigation of DET-T1486-Data_Encrypted_for_Impact_86,43868458f29fcd17
EVD-03396,ALT-001477,Process Tree & Hash,2026-07-02 05:06:00,EDR Sensor (CrowdStrike/Defender),Verified Process Tree & Hash captured from SRV-DATABASE-249 during investigation of DET-T1486-Data_Encrypted_for_Impact_86,3c3d362a29ddf596
EVD-03475,ALT-001515,Process Tree & Hash,2026-08-05 06:57:00,EDR Sensor (CrowdStrike/Defender),Verified Process Tree & Hash captured from AST-CLOUD-021 during investigation of DET-T1110-Brute_Force_23,66dc375c16c59d03
EVD-03476,ALT-001515,PCAP Stream,2026-08-05 06:46:00,Network Packet Broker (Zeek),Verified PCAP Stream captured from AST-CLOUD-021 during investigation of DET-T1110-Brute_Force_23,f86765c80f99b02e
EVD-03477,ALT-001515,Authentication Token,2026-08-05 06:45:00,Firewall Syslog (PaloAlto),Verified Authentication Token captured from AST-CLOUD-021 during investigation of DET-T1110-Brute_Force_23,c24d61ae55642a7e
EVD-03478,ALT-001515,Registry Modification,2026-08-05 06:45:00,Active Directory Security Log 4624,Verified Registry Modification captured from AST-CLOUD-021 during investigation of DET-T1110-Brute_Force_23,41624e62db33641b
EVD-03479,ALT-001515,Memory Extraction,2026-08-05 06:48:00,CloudTrail API Audit,Verified Memory Extraction captured from AST-CLOUD-021 during investigation of DET-T1110-Brute_Force_23,faba8bdfe24c26b7
EVD-03552,ALT-001547,Authentication Token,2026-08-30 00:53:00,Firewall Syslog (PaloAlto),Verified Authentication Token captured from AST-IDENTITY-031 during investigation of DET-T1190-Exploit_Public-Facing_Application_59,581f477e4d26b34e
EVD-03553,ALT-001547,Registry Modification,2026-08-30 00:50:00,Active Directory Security Log 4624,Verified Registry Modification captured from AST-IDENTITY-031 during investigation of DET-T1190-Exploit_Public-Facing_Application_59,558c9792c8b0a92e
EVD-03554,ALT-001547,Memory Extraction,2026-08-30 00:51:00,CloudTrail API Audit,Verified Memory Extraction captured from AST-IDENTITY-031 during investigation of DET-T1190-Exploit_Public-Facing_Application_59,9e232a64f9e72c00
EVD-03555,ALT-001547,Process Tree & Hash,2026-08-30 00:52:00,EDR Sensor (CrowdStrike/Defender),Verified Process Tree & Hash captured from AST-IDENTITY-031 during investigation of DET-T1190-Exploit_Public-Facing_Application_59,fd41969c7ed7994d
EVD-03556,ALT-001547,PCAP Stream,2026-08-30 00:56:00,Network Packet Broker (Zeek),Verified PCAP Stream captured from AST-IDENTITY-031 during investigation of DET-T1190-Exploit_Public-Facing_Application_59,d2298f65c487b210
EVD-03593,ALT-001566,PCAP Stream,2026-08-08 14:28:00,Network Packet Broker (Zeek),Verified PCAP Stream captured from AST-PAYMENT-082 during investigation of DET-T1055-Process_Injection_27,7015b0abdac64eb4
EVD-03594,ALT-001566,Authentication Token,2026-08-08 14:26:00,Firewall Syslog (PaloAlto),Verified Authentication Token captured from AST-PAYMENT-082 during investigation of DET-T1055-Process_Injection_27,57a966e2f0307673
EVD-03595,ALT-001566,Registry Modification,2026-08-08 14:40:00,Active Directory Security Log 4624,Verified Registry Modification captured from AST-PAYMENT-082 during investigation of DET-T1055-Process_Injection_27,38e5aedbcb31607e
EVD-03596,ALT-001566,Memory Extraction,2026-08-08 14:45:00,CloudTrail API Audit,Verified Memory Extraction captured from AST-PAYMENT-082 during investigation of DET-T1055-Process_Injection_27,9ed0e4dcef1183fd
EVD-03597,ALT-001566,Process Tree & Hash,2026-08-08 14:47:00,EDR Sensor (CrowdStrike/Defender),Verified Process Tree & Hash captured from AST-PAYMENT-082 during investigation of DET-T1055-Process_Injection_27,c5c59d8843f36ea6
EVD-03608,ALT-001570,Process Tree & Hash,2026-08-22 15:30:00,EDR Sensor (CrowdStrike/Defender),Verified Process Tree & Hash captured from AST-IDENTITY-471 during investigation of DET-T1562-Impair_Defenses_07,01dc37af293ed229
EVD-03609,ALT-001570,PCAP Stream,2026-08-22 15:42:00,Network Packet Broker (Zeek),Verified PCAP Stream captured from AST-IDENTITY-471 during investigation of DET-T1562-Impair_Defenses_07,e419362959892d5f
EVD-03610,ALT-001570,Authentication Token,2026-08-22 15:53:00,Firewall Syslog (PaloAlto),Verified Authentication Token captured from AST-IDENTITY-471 during investigation of DET-T1562-Impair_Defenses_07,9259237da61cac7f
EVD-03611,ALT-001570,Registry Modification,2026-08-22 15:35:00,Active Directory Security Log 4624,Verified Registry Modification captured from AST-IDENTITY-471 during investigation of DET-T1562-Impair_Defenses_07,6281614c4207c245
EVD-03818,ALT-001652,Authentication Token,2026-09-08 20:52:00,Firewall Syslog (PaloAlto),Verified Authentication Token captured from AST-PAYMENT-106 during investigation of DET-T1053-Scheduled_Task/Job_48,436faf7720b442fe
EVD-03819,ALT-001652,Registry Modification,2026-09-08 20:51:00,Active Directory Security Log 4624,Verified Registry Modification captured from AST-PAYMENT-106 during investigation of DET-T1053-Scheduled_Task/Job_48,c9ffbabb77ab8a91
EVD-03820,ALT-001652,Memory Extraction,2026-09-08 20:56:00,CloudTrail API Audit,Verified Memory Extraction captured from AST-PAYMENT-106 during investigation of DET-T1053-Scheduled_Task/Job_48,126364aed542d011
EVD-03863,ALT-001671,PCAP Stream,2026-09-03 04:34:00,Network Packet Broker (Zeek),Verified PCAP Stream captured from SRV-DOMAIN-232 during investigation of DET-T1190-Exploit_Public-Facing_Application_74,588e80c353271688
EVD-03864,ALT-001671,Authentication Token,2026-09-03 04:21:00,Firewall Syslog (PaloAlto),Verified Authentication Token captured from SRV-DOMAIN-232 during investigation of DET-T1190-Exploit_Public-Facing_Application_74,49394027cf8d9c89
EVD-03865,ALT-001671,Registry Modification,2026-09-03 04:27:00,Active Directory Security Log 4624,Verified Registry Modification captured from SRV-DOMAIN-232 during investigation of DET-T1190-Exploit_Public-Facing_Application_74,01c5b8767b3aa33f
EVD-03968,ALT-001718,Registry Modification,2026-08-23 09:04:00,Active Directory Security Log 4624,Verified Registry Modification captured from AST-FIREWALL-206 during investigation of DET-T1053-Scheduled_Task/Job_48,296e97962481d7c4
EVD-03969,ALT-001718,Memory Extraction,2026-08-23 09:09:00,CloudTrail API Audit,Verified Memory Extraction captured from AST-FIREWALL-206 during investigation of DET-T1053-Scheduled_Task/Job_48,6a62244943ff94e6
EVD-03970,ALT-001718,Process Tree & Hash,2026-08-23 09:12:00,EDR Sensor (CrowdStrike/Defender),Verified Process Tree & Hash captured from AST-FIREWALL-206 during investigation of DET-T1053-Scheduled_Task/Job_48,46f68ac68fa7aadb
EVD-04118,ALT-001778,Registry Modification,2026-08-21 22:48:00,Active Directory Security Log 4624,Verified Registry Modification captured from AST-API-220 during investigation of DET-T1046-Network_Service_Discovery_66,de4cd238c73e2fe6
EVD-04119,ALT-001778,Memory Extraction,2026-08-21 22:50:00,CloudTrail API Audit,Verified Memory Extraction captured from AST-API-220 during investigation of DET-T1046-Network_Service_Discovery_66,7693963344019859
EVD-04120,ALT-001778,Process Tree & Hash,2026-08-21 23:00:00,EDR Sensor (CrowdStrike/Defender),Verified Process Tree & Hash captured from AST-API-220 during investigation of DET-T1046-Network_Service_Discovery_66,420a07ba72a164b8
EVD-04254,ALT-001840,Process Tree & Hash,2026-07-07 02:06:00,EDR Sensor (CrowdStrike/Defender),Verified Process Tree & Hash captured from AST-FIREWALL-022 during investigation of DET-T1055-Process_Injection_42,0af000d8f759daea
EVD-04255,ALT-001840,PCAP Stream,2026-07-07 02:12:00,Network Packet Broker (Zeek),Verified PCAP Stream captured from AST-FIREWALL-022 during investigation of DET-T1055-Process_Injection_42,fa070117ac13aea3
EVD-04256,ALT-001840,Authentication Token,2026-07-07 02:14:00,Firewall Syslog (PaloAlto),Verified Authentication Token captured from AST-FIREWALL-022 during investigation of DET-T1055-Process_Injection_42,a45be7a27da6da58
EVD-04326,ALT-001872,Authentication Token,2026-08-11 19:47:00,Firewall Syslog (PaloAlto),Verified Authentication Token captured from AST-IDENTITY-015 during investigation of DET-T1562-Impair_Defenses_22,5b47f61a71cdcb60
EVD-04327,ALT-001872,Registry Modification,2026-08-11 19:48:00,Active Directory Security Log 4624,Verified Registry Modification captured from AST-IDENTITY-015 during investigation of DET-T1562-Impair_Defenses_22,b3f792128bda8627
EVD-04328,ALT-001872,Memory Extraction,2026-08-11 19:38:00,CloudTrail API Audit,Verified Memory Extraction captured from AST-IDENTITY-015 during investigation of DET-T1562-Impair_Defenses_22,ffed14291e9a4e8f
EVD-04329,ALT-001872,Process Tree & Hash,2026-08-11 19:36:00,EDR Sensor (CrowdStrike/Defender),Verified Process Tree & Hash captured from AST-IDENTITY-015 during investigation of DET-T1562-Impair_Defenses_22,08eb4ad5f9723da4
EVD-04736,ALT-002043,Registry Modification,2026-06-17 06:20:00,Active Directory Security Log 4624,Verified Registry Modification captured from AST-CLOUD-325 during investigation of DET-T1078-Valid_Accounts_45,7def1337a630a16a
EVD-04737,ALT-002043,Memory Extraction,2026-06-17 06:27:00,CloudTrail API Audit,Verified Memory Extraction captured from AST-CLOUD-325 during investigation of DET-T1078-Valid_Accounts_45,f3f741074594b0f2
EVD-04738,ALT-002043,Process Tree & Hash,2026-06-17 06:26:00,EDR Sensor (CrowdStrike/Defender),Verified Process Tree & Hash captured from AST-CLOUD-325 during investigation of DET-T1078-Valid_Accounts_45,cc1c2a2fbb5fb2a4
EVD-04739,ALT-002043,PCAP Stream,2026-06-17 06:28:00,Network Packet Broker (Zeek),Verified PCAP Stream captured from AST-CLOUD-325 during investigation of DET-T1078-Valid_Accounts_45,30d24663f8bae703
EVD-04740,ALT-002043,Authentication Token,2026-06-17 06:28:00,Firewall Syslog (PaloAlto),Verified Authentication Token captured from AST-CLOUD-325 during investigation of DET-T1078-Valid_Accounts_45,991fe695f59a3556
EVD-04970,ALT-002127,Authentication Token,2026-08-04 12:49:00,Firewall Syslog (PaloAlto),Verified Authentication Token captured from AST-IDENTITY-063 during investigation of DET-T1190-Exploit_Public-Facing_Application_59,9a5957a253b6119b
EVD-04971,ALT-002127,Registry Modification,2026-08-04 12:29:00,Active Directory Security Log 4624,Verified Registry Modification captured from AST-IDENTITY-063 during investigation of DET-T1190-Exploit_Public-Facing_Application_59,a28ba58d1d04cae9
EVD-04972,ALT-002127,Memory Extraction,2026-08-04 12:44:00,CloudTrail API Audit,Verified Memory Extraction captured from AST-IDENTITY-063 during investigation of DET-T1190-Exploit_Public-Facing_Application_59,a587cdfc3257eb68
EVD-04973,ALT-002127,Process Tree & Hash,2026-08-04 12:44:00,EDR Sensor (CrowdStrike/Defender),Verified Process Tree & Hash captured from AST-IDENTITY-063 during investigation of DET-T1190-Exploit_Public-Facing_Application_59,e9058ba08cfbad6f
EVD-04974,ALT-002127,PCAP Stream,2026-08-04 12:24:00,Network Packet Broker (Zeek),Verified PCAP Stream captured from AST-IDENTITY-063 during investigation of DET-T1190-Exploit_Public-Facing_Application_59,62018beb1713e237
EVD-05077,ALT-002171,PCAP Stream,2026-07-06 01:30:00,Network Packet Broker (Zeek),Verified PCAP Stream captured from SRV-DATABASE-217 during investigation of DET-T1566-Phishing_47,2e9d93d260438ef4
EVD-05078,ALT-002171,Authentication Token,2026-07-06 01:22:00,Firewall Syslog (PaloAlto),Verified Authentication Token captured from SRV-DATABASE-217 during investigation of DET-T1566-Phishing_47,3b103199d04caa6f
EVD-05079,ALT-002171,Registry Modification,2026-07-06 01:28:00,Active Directory Security Log 4624,Verified Registry Modification captured from SRV-DATABASE-217 during investigation of DET-T1566-Phishing_47,cebc022d1c76de58
EVD-05080,ALT-002171,Memory Extraction,2026-07-06 01:11:00,CloudTrail API Audit,Verified Memory Extraction captured from SRV-DATABASE-217 during investigation of DET-T1566-Phishing_47,52e37847dffa8a8b
EVD-05257,ALT-002251,PCAP Stream,2026-07-11 01:07:00,Network Packet Broker (Zeek),Verified PCAP Stream captured from AST-PAYMENT-490 during investigation of DET-T1566-Phishing_47,3c73048d4611dc61
EVD-05258,ALT-002251,Authentication Token,2026-07-11 01:00:00,Firewall Syslog (PaloAlto),Verified Authentication Token captured from AST-PAYMENT-490 during investigation of DET-T1566-Phishing_47,a2040dd708a5bc1d
EVD-05259,ALT-002251,Registry Modification,2026-07-11 01:09:00,Active Directory Security Log 4624,Verified Registry Modification captured from AST-PAYMENT-490 during investigation of DET-T1566-Phishing_47,d80fc1f92cf742ee
EVD-05260,ALT-002251,Memory Extraction,2026-07-11 00:56:00,CloudTrail API Audit,Verified Memory Extraction captured from AST-PAYMENT-490 during investigation of DET-T1566-Phishing_47,b7ae3710f3d712ac
EVD-05261,ALT-002251,Process Tree & Hash,2026-07-11 00:56:00,EDR Sensor (CrowdStrike/Defender),Verified Process Tree & Hash captured from AST-PAYMENT-490 during investigation of DET-T1566-Phishing_47,92d090b07430b1c5
EVD-05371,ALT-002300,Process Tree & Hash,2026-06-25 18:32:00,EDR Sensor (CrowdStrike/Defender),Verified Process Tree & Hash captured from AST-IDENTITY-079 during investigation of DET-T1078-Valid_Accounts_75,e81a3f4d78fd2a6c
EVD-05372,ALT-002300,PCAP Stream,2026-06-25 18:30:00,Network Packet Broker (Zeek),Verified PCAP Stream captured from AST-IDENTITY-079 during investigation of DET-T1078-Valid_Accounts_75,18dbc2ee9202e4dd
EVD-05373,ALT-002300,Authentication Token,2026-06-25 18:22:00,Firewall Syslog (PaloAlto),Verified Authentication Token captured from AST-IDENTITY-079 during investigation of DET-T1078-Valid_Accounts_75,b8d5b47694ac8061
EVD-05374,ALT-002300,Registry Modification,2026-06-25 18:22:00,Active Directory Security Log 4624,Verified Registry Modification captured from AST-IDENTITY-079 during investigation of DET-T1078-Valid_Accounts_75,f6445b3638e3b529
EVD-05375,ALT-002300,Memory Extraction,2026-06-25 18:23:00,CloudTrail API Audit,Verified Memory Extraction captured from AST-IDENTITY-079 during investigation of DET-T1078-Valid_Accounts_75,405d85b60670f833
EVD-05400,ALT-002313,Registry Modification,2026-08-15 08:52:00,Active Directory Security Log 4624,Verified Registry Modification captured from AST-CLOUD-029 during investigation of DET-T1021-Remote_Services_49,e0fb11875db3f9ef
EVD-05401,ALT-002313,Memory Extraction,2026-08-15 09:00:00,CloudTrail API Audit,Verified Memory Extraction captured from AST-CLOUD-029 during investigation of DET-T1021-Remote_Services_49,832558747497c61c
EVD-05402,ALT-002313,Process Tree & Hash,2026-08-15 09:01:00,EDR Sensor (CrowdStrike/Defender),Verified Process Tree & Hash captured from AST-CLOUD-029 during investigation of DET-T1021-Remote_Services_49,765805aadef416ee
EVD-05403,ALT-002313,PCAP Stream,2026-08-15 08:45:00,Network Packet Broker (Zeek),Verified PCAP Stream captured from AST-CLOUD-029 during investigation of DET-T1021-Remote_Services_49,ade70cf4c7a12759
EVD-05404,ALT-002313,Authentication Token,2026-08-15 09:00:00,Firewall Syslog (PaloAlto),Verified Authentication Token captured from AST-CLOUD-029 during investigation of DET-T1021-Remote_Services_49,233f8dbfaf598824
EVD-05447,ALT-002335,Process Tree & Hash,2026-07-04 05:09:00,EDR Sensor (CrowdStrike/Defender),Verified Process Tree & Hash captured from SRV-DOMAIN-024 during investigation of DET-T1003-OS_Credential_Dumping_95,35756e0aa09737a6
EVD-05448,ALT-002335,PCAP Stream,2026-07-04 05:04:00,Network Packet Broker (Zeek),Verified PCAP Stream captured from SRV-DOMAIN-024 during investigation of DET-T1003-OS_Credential_Dumping_95,38240b6eb9af8029
EVD-05449,ALT-002335,Authentication Token,2026-07-04 05:05:00,Firewall Syslog (PaloAlto),Verified Authentication Token captured from SRV-DOMAIN-024 during investigation of DET-T1003-OS_Credential_Dumping_95,1a551fddaf6fa40b
EVD-05450,ALT-002335,Registry Modification,2026-07-04 04:58:00,Active Directory Security Log 4624,Verified Registry Modification captured from SRV-DOMAIN-024 during investigation of DET-T1003-OS_Credential_Dumping_95,34cf015c98b5b637
EVD-05451,ALT-002335,Memory Extraction,2026-07-04 05:10:00,CloudTrail API Audit,Verified Memory Extraction captured from SRV-DOMAIN-024 during investigation of DET-T1003-OS_Credential_Dumping_95,c2a50c8cb9bc6c43
EVD-05457,ALT-002340,Process Tree & Hash,2026-09-06 01:42:00,EDR Sensor (CrowdStrike/Defender),Verified Process Tree & Hash captured from AST-CLOUD-205 during investigation of DET-T1046-Network_Service_Discovery_36,b4ec844caa35c53c
EVD-05458,ALT-002340,PCAP Stream,2026-09-06 01:33:00,Network Packet Broker (Zeek),Verified PCAP Stream captured from AST-CLOUD-205 during investigation of DET-T1046-Network_Service_Discovery_36,1c8dfb05340b5d0d
EVD-05459,ALT-002340,Authentication Token,2026-09-06 01:21:00,Firewall Syslog (PaloAlto),Verified Authentication Token captured from AST-CLOUD-205 during investigation of DET-T1046-Network_Service_Discovery_36,9d14d31f1856260e
EVD-05460,ALT-002340,Registry Modification,2026-09-06 01:17:00,Active Directory Security Log 4624,Verified Registry Modification captured from AST-CLOUD-205 during investigation of DET-T1046-Network_Service_Discovery_36,b14764b4c168270d
EVD-05461,ALT-002340,Memory Extraction,2026-09-06 01:26:00,CloudTrail API Audit,Verified Memory Extraction captured from AST-CLOUD-205 during investigation of DET-T1046-Network_Service_Discovery_36,46b6e0b23428d554
EVD-05661,ALT-002431,PCAP Stream,2026-08-11 13:24:00,Network Packet Broker (Zeek),Verified PCAP Stream captured from SRV-DATABASE-497 during investigation of DET-T1090-Proxy_73,b45a4913ca43a7a5
EVD-05662,ALT-002431,Authentication Token,2026-08-11 13:37:00,Firewall Syslog (PaloAlto),Verified Authentication Token captured from SRV-DATABASE-497 during investigation of DET-T1090-Proxy_73,69c494652cafbbf0
EVD-05663,ALT-002431,Registry Modification,2026-08-11 13:48:00,Active Directory Security Log 4624,Verified Registry Modification captured from SRV-DATABASE-497 during investigation of DET-T1090-Proxy_73,e858d7e425b73e77
EVD-05724,ALT-002465,Process Tree & Hash,2026-06-30 23:44:00,EDR Sensor (CrowdStrike/Defender),Verified Process Tree & Hash captured from AST-WORKSTATION-107 during investigation of DET-T1021-Remote_Services_94,7c3624c645923527
EVD-05725,ALT-002465,PCAP Stream,2026-06-30 23:44:00,Network Packet Broker (Zeek),Verified PCAP Stream captured from AST-WORKSTATION-107 during investigation of DET-T1021-Remote_Services_94,3466cac22f7d18ec
EVD-05726,ALT-002465,Authentication Token,2026-06-30 23:45:00,Firewall Syslog (PaloAlto),Verified Authentication Token captured from AST-WORKSTATION-107 during investigation of DET-T1021-Remote_Services_94,e1dc385af17ba762
EVD-05802,ALT-002508,Registry Modification,2026-08-23 14:22:00,Active Directory Security Log 4624,Verified Registry Modification captured from AST-FIREWALL-158 during investigation of DET-T1021-Remote_Services_04,d357fd0ff4eb972e
EVD-05803,ALT-002508,Memory Extraction,2026-08-23 14:17:00,CloudTrail API Audit,Verified Memory Extraction captured from AST-FIREWALL-158 during investigation of DET-T1021-Remote_Services_04,d8b38ea338977217
EVD-05804,ALT-002508,Process Tree & Hash,2026-08-23 14:18:00,EDR Sensor (CrowdStrike/Defender),Verified Process Tree & Hash captured from AST-FIREWALL-158 during investigation of DET-T1021-Remote_Services_04,3505dfa74ddea5fa
EVD-05827,ALT-002520,Process Tree & Hash,2026-07-08 02:34:00,EDR Sensor (CrowdStrike/Defender),Verified Process Tree & Hash captured from AST-IDENTITY-167 during investigation of DET-T1110-Brute_Force_08,85a903d1205e8151
EVD-05828,ALT-002520,PCAP Stream,2026-07-08 02:52:00,Network Packet Broker (Zeek),Verified PCAP Stream captured from AST-IDENTITY-167 during investigation of DET-T1110-Brute_Force_08,0dc46569cc7d77a1
EVD-05829,ALT-002520,Authentication Token,2026-07-08 02:54:00,Firewall Syslog (PaloAlto),Verified Authentication Token captured from AST-IDENTITY-167 during investigation of DET-T1110-Brute_Force_08,503894e1d486fd5e
EVD-05841,ALT-002528,Registry Modification,2026-07-02 05:20:00,Active Directory Security Log 4624,Verified Registry Modification captured from SRV-DOMAIN-312 during investigation of DET-T1059-Command_and_Scripting_Interpreter_31,f3cfa1ccf7fa0177
EVD-05842,ALT-002528,Memory Extraction,2026-07-02 05:15:00,CloudTrail API Audit,Verified Memory Extraction captured from SRV-DOMAIN-312 during investigation of DET-T1059-Command_and_Scripting_Interpreter_31,fc11566a54771dd0
EVD-05843,ALT-002528,Process Tree & Hash,2026-07-02 05:07:00,EDR Sensor (CrowdStrike/Defender),Verified Process Tree & Hash captured from SRV-DOMAIN-312 during investigation of DET-T1059-Command_and_Scripting_Interpreter_31,46490bd1f0b7def4
EVD-06105,ALT-002635,Process Tree & Hash,2026-07-13 10:32:00,EDR Sensor (CrowdStrike/Defender),Verified Process Tree & Hash captured from AST-FIREWALL-422 during investigation of DET-T1190-Exploit_Public-Facing_Application_29,72f68c90048141e7
EVD-06106,ALT-002635,PCAP Stream,2026-07-13 10:16:00,Network Packet Broker (Zeek),Verified PCAP Stream captured from AST-FIREWALL-422 during investigation of DET-T1190-Exploit_Public-Facing_Application_29,3922047ebb5706ce
EVD-06107,ALT-002635,Authentication Token,2026-07-13 10:17:00,Firewall Syslog (PaloAlto),Verified Authentication Token captured from AST-FIREWALL-422 during investigation of DET-T1190-Exploit_Public-Facing_Application_29,1ae9e7616bca6ce5
EVD-06108,ALT-002635,Registry Modification,2026-07-13 10:13:00,Active Directory Security Log 4624,Verified Registry Modification captured from AST-FIREWALL-422 during investigation of DET-T1190-Exploit_Public-Facing_Application_29,6ba1fecec2a4f21d
EVD-06137,ALT-002644,Memory Extraction,2026-07-23 13:17:00,CloudTrail API Audit,Verified Memory Extraction captured from SRV-DOMAIN-256 during investigation of DET-T1055-Process_Injection_12,377b1c3949c1baeb
EVD-06138,ALT-002644,Process Tree & Hash,2026-07-23 13:24:00,EDR Sensor (CrowdStrike/Defender),Verified Process Tree & Hash captured from SRV-DOMAIN-256 during investigation of DET-T1055-Process_Injection_12,8c19ce2249daf98e
EVD-06139,ALT-002644,PCAP Stream,2026-07-23 13:02:00,Network Packet Broker (Zeek),Verified PCAP Stream captured from SRV-DOMAIN-256 during investigation of DET-T1055-Process_Injection_12,8a41222be5ac9b65
EVD-06140,ALT-002644,Authentication Token,2026-07-23 13:01:00,Firewall Syslog (PaloAlto),Verified Authentication Token captured from SRV-DOMAIN-256 during investigation of DET-T1055-Process_Injection_12,22157f5200db0d28
EVD-06141,ALT-002644,Registry Modification,2026-07-23 13:17:00,Active Directory Security Log 4624,Verified Registry Modification captured from SRV-DOMAIN-256 during investigation of DET-T1055-Process_Injection_12,83c1e24e9bf39c25
EVD-06228,ALT-002680,Process Tree & Hash,2026-07-24 10:55:00,EDR Sensor (CrowdStrike/Defender),Verified Process Tree & Hash captured from AST-WORKSTATION-131 during investigation of DET-T1567-Exfiltration_Over_Web_Service_100,00a3d4ef35f1cc9e
EVD-06229,ALT-002680,PCAP Stream,2026-07-24 10:52:00,Network Packet Broker (Zeek),Verified PCAP Stream captured from AST-WORKSTATION-131 during investigation of DET-T1567-Exfiltration_Over_Web_Service_100,a01e09651a796c3c
EVD-06230,ALT-002680,Authentication Token,2026-07-24 10:56:00,Firewall Syslog (PaloAlto),Verified Authentication Token captured from AST-WORKSTATION-131 during investigation of DET-T1567-Exfiltration_Over_Web_Service_100,05e3de0eec2356f9
EVD-06353,ALT-002729,Memory Extraction,2026-08-30 01:34:00,CloudTrail API Audit,Verified Memory Extraction captured from SRV-DOMAIN-424 during investigation of DET-T1070-Indicator_Removal_on_Host_24,3780d911d9ee9a7a
EVD-06354,ALT-002729,Process Tree & Hash,2026-08-30 01:45:00,EDR Sensor (CrowdStrike/Defender),Verified Process Tree & Hash captured from SRV-DOMAIN-424 during investigation of DET-T1070-Indicator_Removal_on_Host_24,cd2eee5a10bf80b4
EVD-06355,ALT-002729,PCAP Stream,2026-08-30 01:53:00,Network Packet Broker (Zeek),Verified PCAP Stream captured from SRV-DOMAIN-424 during investigation of DET-T1070-Indicator_Removal_on_Host_24,54aa59bfae4e71b5
EVD-06356,ALT-002729,Authentication Token,2026-08-30 01:44:00,Firewall Syslog (PaloAlto),Verified Authentication Token captured from SRV-DOMAIN-424 during investigation of DET-T1070-Indicator_Removal_on_Host_24,9fcc539bef028e81
EVD-06357,ALT-002729,Registry Modification,2026-08-30 01:32:00,Active Directory Security Log 4624,Verified Registry Modification captured from SRV-DOMAIN-424 during investigation of DET-T1070-Indicator_Removal_on_Host_24,1c478f14c0c24f27
EVD-06361,ALT-002733,Registry Modification,2026-06-22 07:26:00,Active Directory Security Log 4624,Verified Registry Modification captured from SRV-DOMAIN-344 during investigation of DET-T1053-Scheduled_Task/Job_03,d26bf16f5fe9f213
EVD-06362,ALT-002733,Memory Extraction,2026-06-22 07:23:00,CloudTrail API Audit,Verified Memory Extraction captured from SRV-DOMAIN-344 during investigation of DET-T1053-Scheduled_Task/Job_03,3b127a91d0a764f0
EVD-06363,ALT-002733,Process Tree & Hash,2026-06-22 07:09:00,EDR Sensor (CrowdStrike/Defender),Verified Process Tree & Hash captured from SRV-DOMAIN-344 during investigation of DET-T1053-Scheduled_Task/Job_03,c85dfa9e2bef0d17
EVD-06364,ALT-002733,PCAP Stream,2026-06-22 07:06:00,Network Packet Broker (Zeek),Verified PCAP Stream captured from SRV-DOMAIN-344 during investigation of DET-T1053-Scheduled_Task/Job_03,47061b9c9cc7fed5
EVD-06365,ALT-002733,Authentication Token,2026-06-22 07:15:00,Firewall Syslog (PaloAlto),Verified Authentication Token captured from SRV-DOMAIN-344 during investigation of DET-T1053-Scheduled_Task/Job_03,9648c32a5084346f
EVD-06526,ALT-002801,PCAP Stream,2026-07-04 13:20:00,Network Packet Broker (Zeek),Verified PCAP Stream captured from AST-FIREWALL-126 during investigation of DET-T1562-Impair_Defenses_52,e3a2148c15927f82
EVD-06527,ALT-002801,Authentication Token,2026-07-04 13:19:00,Firewall Syslog (PaloAlto),Verified Authentication Token captured from AST-FIREWALL-126 during investigation of DET-T1562-Impair_Defenses_52,2144c5fdd84f8837
EVD-06528,ALT-002801,Registry Modification,2026-07-04 13:23:00,Active Directory Security Log 4624,Verified Registry Modification captured from AST-FIREWALL-126 during investigation of DET-T1562-Impair_Defenses_52,200df8f4f4388c26
EVD-06616,ALT-002837,Authentication Token,2026-06-16 17:28:00,Firewall Syslog (PaloAlto),Verified Authentication Token captured from SRV-DOMAIN-312 during investigation of DET-T1059-Command_and_Scripting_Interpreter_46,8562a9887aeef31d
EVD-06617,ALT-002837,Registry Modification,2026-06-16 17:22:00,Active Directory Security Log 4624,Verified Registry Modification captured from SRV-DOMAIN-312 during investigation of DET-T1059-Command_and_Scripting_Interpreter_46,6e2e17dcc4fd4f55
EVD-06618,ALT-002837,Memory Extraction,2026-06-16 17:31:00,CloudTrail API Audit,Verified Memory Extraction captured from SRV-DOMAIN-312 during investigation of DET-T1059-Command_and_Scripting_Interpreter_46,2b139d96ca49f0b5
EVD-06619,ALT-002837,Process Tree & Hash,2026-06-16 17:20:00,EDR Sensor (CrowdStrike/Defender),Verified Process Tree & Hash captured from SRV-DOMAIN-312 during investigation of DET-T1059-Command_and_Scripting_Interpreter_46,2adcfa6560e7afb8
EVD-06686,ALT-002868,Registry Modification,2026-08-20 04:58:00,Active Directory Security Log 4624,Verified Registry Modification captured from AST-CLOUD-101 during investigation of DET-T1021-Remote_Services_79,5399f19656d553da
EVD-06687,ALT-002868,Memory Extraction,2026-08-20 04:51:00,CloudTrail API Audit,Verified Memory Extraction captured from AST-CLOUD-101 during investigation of DET-T1021-Remote_Services_79,d7803a2cc5c0a8b4
EVD-06688,ALT-002868,Process Tree & Hash,2026-08-20 04:58:00,EDR Sensor (CrowdStrike/Defender),Verified Process Tree & Hash captured from AST-CLOUD-101 during investigation of DET-T1021-Remote_Services_79,b4f096af74ce971f
EVD-06689,ALT-002868,PCAP Stream,2026-08-20 04:58:00,Network Packet Broker (Zeek),Verified PCAP Stream captured from AST-CLOUD-101 during investigation of DET-T1021-Remote_Services_79,5f66fdcc4dad040c
EVD-06690,ALT-002868,Authentication Token,2026-08-20 05:00:00,Firewall Syslog (PaloAlto),Verified Authentication Token captured from AST-CLOUD-101 during investigation of DET-T1021-Remote_Services_79,dfbe5ec21beaed20
EVD-07011,ALT-003005,Process Tree & Hash,2026-07-08 21:21:00,EDR Sensor (CrowdStrike/Defender),Verified Process Tree & Hash captured from AST-WORKSTATION-219 during investigation of DET-T1055-Process_Injection_12,d36ed060d3702a96
EVD-07012,ALT-003005,PCAP Stream,2026-07-08 21:21:00,Network Packet Broker (Zeek),Verified PCAP Stream captured from AST-WORKSTATION-219 during investigation of DET-T1055-Process_Injection_12,bc54d5454c08482b
EVD-07013,ALT-003005,Authentication Token,2026-07-08 21:28:00,Firewall Syslog (PaloAlto),Verified Authentication Token captured from AST-WORKSTATION-219 during investigation of DET-T1055-Process_Injection_12,c5bebbe04f8ce0da
EVD-07014,ALT-003005,Registry Modification,2026-07-08 21:31:00,Active Directory Security Log 4624,Verified Registry Modification captured from AST-WORKSTATION-219 during investigation of DET-T1055-Process_Injection_12,ad36bba1eb22fa71
EVD-07036,ALT-003017,Authentication Token,2026-07-21 04:21:00,Firewall Syslog (PaloAlto),Verified Authentication Token captured from AST-PAYMENT-314 during investigation of DET-T1059-Command_and_Scripting_Interpreter_61,bbf0c297a2ca62ca
EVD-07037,ALT-003017,Registry Modification,2026-07-21 04:40:00,Active Directory Security Log 4624,Verified Registry Modification captured from AST-PAYMENT-314 during investigation of DET-T1059-Command_and_Scripting_Interpreter_61,0fb3870c0ded3d32
EVD-07038,ALT-003017,Memory Extraction,2026-07-21 04:34:00,CloudTrail API Audit,Verified Memory Extraction captured from AST-PAYMENT-314 during investigation of DET-T1059-Command_and_Scripting_Interpreter_61,e6a163973c18a164
EVD-07039,ALT-003017,Process Tree & Hash,2026-07-21 04:12:00,EDR Sensor (CrowdStrike/Defender),Verified Process Tree & Hash captured from AST-PAYMENT-314 during investigation of DET-T1059-Command_and_Scripting_Interpreter_61,074a1bb4d50e8f23
EVD-07040,ALT-003017,PCAP Stream,2026-07-21 04:44:00,Network Packet Broker (Zeek),Verified PCAP Stream captured from AST-PAYMENT-314 during investigation of DET-T1059-Command_and_Scripting_Interpreter_61,542e8d803ed1aa46
EVD-07083,ALT-003040,Process Tree & Hash,2026-06-21 01:14:00,EDR Sensor (CrowdStrike/Defender),Verified Process Tree & Hash captured from AST-PAYMENT-170 during investigation of DET-T1053-Scheduled_Task/Job_63,71265e15040c5a6b
EVD-07084,ALT-003040,PCAP Stream,2026-06-21 01:09:00,Network Packet Broker (Zeek),Verified PCAP Stream captured from AST-PAYMENT-170 during investigation of DET-T1053-Scheduled_Task/Job_63,285c79c329eaef32
EVD-07085,ALT-003040,Authentication Token,2026-06-21 01:18:00,Firewall Syslog (PaloAlto),Verified Authentication Token captured from AST-PAYMENT-170 during investigation of DET-T1053-Scheduled_Task/Job_63,46c81a5cb9d8379b
EVD-07086,ALT-003040,Registry Modification,2026-06-21 01:16:00,Active Directory Security Log 4624,Verified Registry Modification captured from AST-PAYMENT-170 during investigation of DET-T1053-Scheduled_Task/Job_63,a179d6b3e16c5931
EVD-07087,ALT-003040,Memory Extraction,2026-06-21 01:15:00,CloudTrail API Audit,Verified Memory Extraction captured from AST-PAYMENT-170 during investigation of DET-T1053-Scheduled_Task/Job_63,8a54fcc1cc54d415
EVD-07115,ALT-003053,Registry Modification,2026-06-18 17:40:00,Active Directory Security Log 4624,Verified Registry Modification captured from AST-API-132 during investigation of DET-T1566-Phishing_32,e0529fb087d4f856
EVD-07116,ALT-003053,Memory Extraction,2026-06-18 17:41:00,CloudTrail API Audit,Verified Memory Extraction captured from AST-API-132 during investigation of DET-T1566-Phishing_32,f879bf7ab0998a70
EVD-07117,ALT-003053,Process Tree & Hash,2026-06-18 17:42:00,EDR Sensor (CrowdStrike/Defender),Verified Process Tree & Hash captured from AST-API-132 during investigation of DET-T1566-Phishing_32,eda3385d289ceb20
EVD-07118,ALT-003053,PCAP Stream,2026-06-18 18:07:00,Network Packet Broker (Zeek),Verified PCAP Stream captured from AST-API-132 during investigation of DET-T1566-Phishing_32,5ac08d3595cb18ae
EVD-07119,ALT-003053,Authentication Token,2026-06-18 17:51:00,Firewall Syslog (PaloAlto),Verified Authentication Token captured from AST-API-132 during investigation of DET-T1566-Phishing_32,40b375f252031633
EVD-07170,ALT-003080,Process Tree & Hash,2026-07-14 11:59:00,EDR Sensor (CrowdStrike/Defender),Verified Process Tree & Hash captured from SRV-DOMAIN-112 during investigation of DET-T1046-Network_Service_Discovery_06,d3b7ae05a4671d1b
EVD-07171,ALT-003080,PCAP Stream,2026-07-14 12:05:00,Network Packet Broker (Zeek),Verified PCAP Stream captured from SRV-DOMAIN-112 during investigation of DET-T1046-Network_Service_Discovery_06,7486535d8c6d101b
EVD-07172,ALT-003080,Authentication Token,2026-07-14 12:08:00,Firewall Syslog (PaloAlto),Verified Authentication Token captured from SRV-DOMAIN-112 during investigation of DET-T1046-Network_Service_Discovery_06,1ee4cffcc298be4a
EVD-07177,ALT-003082,Authentication Token,2026-07-31 08:11:00,Firewall Syslog (PaloAlto),Verified Authentication Token captured from AST-PAYMENT-106 during investigation of DET-T1110-Brute_Force_68,a67804d009c115ce
EVD-07178,ALT-003082,Registry Modification,2026-07-31 08:07:00,Active Directory Security Log 4624,Verified Registry Modification captured from AST-PAYMENT-106 during investigation of DET-T1110-Brute_Force_68,bffc0499a0494af0
EVD-07179,ALT-003082,Memory Extraction,2026-07-31 08:12:00,CloudTrail API Audit,Verified Memory Extraction captured from AST-PAYMENT-106 during investigation of DET-T1110-Brute_Force_68,38546b763f30784e
EVD-07180,ALT-003082,Process Tree & Hash,2026-07-31 08:03:00,EDR Sensor (CrowdStrike/Defender),Verified Process Tree & Hash captured from AST-PAYMENT-106 during investigation of DET-T1110-Brute_Force_68,594115e2638e48d1
EVD-07181,ALT-003082,PCAP Stream,2026-07-31 08:07:00,Network Packet Broker (Zeek),Verified PCAP Stream captured from AST-PAYMENT-106 during investigation of DET-T1110-Brute_Force_68,d244d4571fefbf67
EVD-07329,ALT-003150,Process Tree & Hash,2026-08-18 18:57:00,EDR Sensor (CrowdStrike/Defender),Verified Process Tree & Hash captured from AST-FIREWALL-310 during investigation of DET-T1562-Impair_Defenses_82,de5199b02392a42e
EVD-07330,ALT-003150,PCAP Stream,2026-08-18 19:09:00,Network Packet Broker (Zeek),Verified PCAP Stream captured from AST-FIREWALL-310 during investigation of DET-T1562-Impair_Defenses_82,0e38aef7d0701dc6
EVD-07331,ALT-003150,Authentication Token,2026-08-18 19:09:00,Firewall Syslog (PaloAlto),Verified Authentication Token captured from AST-FIREWALL-310 during investigation of DET-T1562-Impair_Defenses_82,5280196a190ef82a
EVD-07332,ALT-003150,Registry Modification,2026-08-18 19:00:00,Active Directory Security Log 4624,Verified Registry Modification captured from AST-FIREWALL-310 during investigation of DET-T1562-Impair_Defenses_82,1619db24278bed3b
EVD-07333,ALT-003150,Memory Extraction,2026-08-18 19:08:00,CloudTrail API Audit,Verified Memory Extraction captured from AST-FIREWALL-310 during investigation of DET-T1562-Impair_Defenses_82,a8c28f147cf85086
EVD-07500,ALT-003225,Process Tree & Hash,2026-06-18 08:05:00,EDR Sensor (CrowdStrike/Defender),Verified Process Tree & Hash captured from AST-PAYMENT-082 during investigation of DET-T1053-Scheduled_Task/Job_33,b9b7287f2141555a
EVD-07501,ALT-003225,PCAP Stream,2026-06-18 08:11:00,Network Packet Broker (Zeek),Verified PCAP Stream captured from AST-PAYMENT-082 during investigation of DET-T1053-Scheduled_Task/Job_33,a3f948384235db67
EVD-07502,ALT-003225,Authentication Token,2026-06-18 08:00:00,Firewall Syslog (PaloAlto),Verified Authentication Token captured from AST-PAYMENT-082 during investigation of DET-T1053-Scheduled_Task/Job_33,16cf863281f0ad98
EVD-07503,ALT-003225,Registry Modification,2026-06-18 08:11:00,Active Directory Security Log 4624,Verified Registry Modification captured from AST-PAYMENT-082 during investigation of DET-T1053-Scheduled_Task/Job_33,f254aeb6ac6ba1f6
EVD-07619,ALT-003270,Process Tree & Hash,2026-07-30 09:51:00,EDR Sensor (CrowdStrike/Defender),Verified Process Tree & Hash captured from AST-FIREWALL-486 during investigation of DET-T1055-Process_Injection_87,6e666100bdc87c4c
EVD-07620,ALT-003270,PCAP Stream,2026-07-30 09:41:00,Network Packet Broker (Zeek),Verified PCAP Stream captured from AST-FIREWALL-486 during investigation of DET-T1055-Process_Injection_87,547d574d6da022a4
EVD-07621,ALT-003270,Authentication Token,2026-07-30 09:37:00,Firewall Syslog (PaloAlto),Verified Authentication Token captured from AST-FIREWALL-486 during investigation of DET-T1055-Process_Injection_87,26976e1ed1d94827
EVD-07703,ALT-003306,PCAP Stream,2026-08-04 02:08:00,Network Packet Broker (Zeek),Verified PCAP Stream captured from AST-FIREWALL-086 during investigation of DET-T1070-Indicator_Removal_on_Host_54,197f68434cd9cbf1
EVD-07704,ALT-003306,Authentication Token,2026-08-04 01:42:00,Firewall Syslog (PaloAlto),Verified Authentication Token captured from AST-FIREWALL-086 during investigation of DET-T1070-Indicator_Removal_on_Host_54,3024e3d6c8367ace
EVD-07705,ALT-003306,Registry Modification,2026-08-04 02:06:00,Active Directory Security Log 4624,Verified Registry Modification captured from AST-FIREWALL-086 during investigation of DET-T1070-Indicator_Removal_on_Host_54,643c0e46e24159fc
EVD-07706,ALT-003306,Memory Extraction,2026-08-04 01:47:00,CloudTrail API Audit,Verified Memory Extraction captured from AST-FIREWALL-086 during investigation of DET-T1070-Indicator_Removal_on_Host_54,9f5d985c105e24c1
EVD-07707,ALT-003306,Process Tree & Hash,2026-08-04 02:01:00,EDR Sensor (CrowdStrike/Defender),Verified Process Tree & Hash captured from AST-FIREWALL-086 during investigation of DET-T1070-Indicator_Removal_on_Host_54,3532e227f1de8f75
EVD-07719,ALT-003310,Process Tree & Hash,2026-08-08 03:55:00,EDR Sensor (CrowdStrike/Defender),Verified Process Tree & Hash captured from SRV-DATABASE-097 during investigation of DET-T1567-Exfiltration_Over_Web_Service_100,7a48fe6ab4ee6863
EVD-07720,ALT-003310,PCAP Stream,2026-08-08 04:04:00,Network Packet Broker (Zeek),Verified PCAP Stream captured from SRV-DATABASE-097 during investigation of DET-T1567-Exfiltration_Over_Web_Service_100,b7c54f0290ef2ca0
EVD-07721,ALT-003310,Authentication Token,2026-08-08 03:54:00,Firewall Syslog (PaloAlto),Verified Authentication Token captured from SRV-DATABASE-097 during investigation of DET-T1567-Exfiltration_Over_Web_Service_100,c8a591715fec70b0
EVD-07722,ALT-003310,Registry Modification,2026-08-08 04:01:00,Active Directory Security Log 4624,Verified Registry Modification captured from SRV-DATABASE-097 during investigation of DET-T1567-Exfiltration_Over_Web_Service_100,ad0dfe93c7f849b8
EVD-07873,ALT-003368,Registry Modification,2026-08-05 11:06:00,Active Directory Security Log 4624,Verified Registry Modification captured from SRV-DATABASE-201 during investigation of DET-T1055-Process_Injection_57,2e028199c16a0b08
EVD-07874,ALT-003368,Memory Extraction,2026-08-05 10:53:00,CloudTrail API Audit,Verified Memory Extraction captured from SRV-DATABASE-201 during investigation of DET-T1055-Process_Injection_57,9eb8fa505a3475c5
EVD-07875,ALT-003368,Process Tree & Hash,2026-08-05 10:56:00,EDR Sensor (CrowdStrike/Defender),Verified Process Tree & Hash captured from SRV-DATABASE-201 during investigation of DET-T1055-Process_Injection_57,1e1a65a66616b6cf
EVD-07876,ALT-003368,PCAP Stream,2026-08-05 11:09:00,Network Packet Broker (Zeek),Verified PCAP Stream captured from SRV-DATABASE-201 during investigation of DET-T1055-Process_Injection_57,0f6d58a28fa91c68
EVD-07877,ALT-003368,Authentication Token,2026-08-05 11:10:00,Firewall Syslog (PaloAlto),Verified Authentication Token captured from SRV-DATABASE-201 during investigation of DET-T1055-Process_Injection_57,19c3b6f181863149
EVD-08026,ALT-003437,Authentication Token,2026-07-13 20:02:00,Firewall Syslog (PaloAlto),Verified Authentication Token captured from AST-WORKSTATION-251 during investigation of DET-T1110-Brute_Force_68,efda591d474e5667
EVD-08027,ALT-003437,Registry Modification,2026-07-13 20:11:00,Active Directory Security Log 4624,Verified Registry Modification captured from AST-WORKSTATION-251 during investigation of DET-T1110-Brute_Force_68,17e5f69d107256a7
EVD-08028,ALT-003437,Memory Extraction,2026-07-13 20:02:00,CloudTrail API Audit,Verified Memory Extraction captured from AST-WORKSTATION-251 during investigation of DET-T1110-Brute_Force_68,c022f91197b50d67
EVD-08029,ALT-003437,Process Tree & Hash,2026-07-13 20:12:00,EDR Sensor (CrowdStrike/Defender),Verified Process Tree & Hash captured from AST-WORKSTATION-251 during investigation of DET-T1110-Brute_Force_68,cade1a636d57475b
EVD-08102,ALT-003471,PCAP Stream,2026-09-04 13:22:00,Network Packet Broker (Zeek),Verified PCAP Stream captured from AST-PAYMENT-394 during investigation of DET-T1078-Valid_Accounts_45,ce083ef3b5c52b2e
EVD-08103,ALT-003471,Authentication Token,2026-09-04 13:28:00,Firewall Syslog (PaloAlto),Verified Authentication Token captured from AST-PAYMENT-394 during investigation of DET-T1078-Valid_Accounts_45,c0e1ebab8f0ca079
EVD-08104,ALT-003471,Registry Modification,2026-09-04 13:25:00,Active Directory Security Log 4624,Verified Registry Modification captured from AST-PAYMENT-394 during investigation of DET-T1078-Valid_Accounts_45,c5e9992bee6345bd
EVD-08105,ALT-003471,Memory Extraction,2026-09-04 13:06:00,CloudTrail API Audit,Verified Memory Extraction captured from AST-PAYMENT-394 during investigation of DET-T1078-Valid_Accounts_45,c83f827755b79a01
EVD-08106,ALT-003471,Process Tree & Hash,2026-09-04 13:15:00,EDR Sensor (CrowdStrike/Defender),Verified Process Tree & Hash captured from AST-PAYMENT-394 during investigation of DET-T1078-Valid_Accounts_45,37642b24a36f5058
EVD-08296,ALT-003563,Registry Modification,2026-06-21 11:58:00,Active Directory Security Log 4624,Verified Registry Modification captured from AST-IDENTITY-375 during investigation of DET-T1110-Brute_Force_23,eb140318de740014
EVD-08297,ALT-003563,Memory Extraction,2026-06-21 12:19:00,CloudTrail API Audit,Verified Memory Extraction captured from AST-IDENTITY-375 during investigation of DET-T1110-Brute_Force_23,cf2af39d49611c19
EVD-08298,ALT-003563,Process Tree & Hash,2026-06-21 12:04:00,EDR Sensor (CrowdStrike/Defender),Verified Process Tree & Hash captured from AST-IDENTITY-375 during investigation of DET-T1110-Brute_Force_23,bdc25358baea641a
EVD-08372,ALT-003595,Process Tree & Hash,2026-06-27 19:37:00,EDR Sensor (CrowdStrike/Defender),Verified Process Tree & Hash captured from AST-CLOUD-085 during investigation of DET-T1190-Exploit_Public-Facing_Application_44,0a09b59aaf21d11a
EVD-08373,ALT-003595,PCAP Stream,2026-06-27 19:21:00,Network Packet Broker (Zeek),Verified PCAP Stream captured from AST-CLOUD-085 during investigation of DET-T1190-Exploit_Public-Facing_Application_44,f4e70510e411d55a
EVD-08374,ALT-003595,Authentication Token,2026-06-27 19:24:00,Firewall Syslog (PaloAlto),Verified Authentication Token captured from AST-CLOUD-085 during investigation of DET-T1190-Exploit_Public-Facing_Application_44,a2e8dcf9f5b7c53f
EVD-08375,ALT-003595,Registry Modification,2026-06-27 19:31:00,Active Directory Security Log 4624,Verified Registry Modification captured from AST-CLOUD-085 during investigation of DET-T1190-Exploit_Public-Facing_Application_44,497e0916f522e6f0
EVD-08376,ALT-003595,Memory Extraction,2026-06-27 19:35:00,CloudTrail API Audit,Verified Memory Extraction captured from AST-CLOUD-085 during investigation of DET-T1190-Exploit_Public-Facing_Application_44,b649a0ff5ffd8034
EVD-08419,ALT-003615,Process Tree & Hash,2026-07-31 09:17:00,EDR Sensor (CrowdStrike/Defender),Verified Process Tree & Hash captured from AST-FIREWALL-110 during investigation of DET-T1078-Valid_Accounts_45,46e80deb514f8f7f
EVD-08420,ALT-003615,PCAP Stream,2026-07-31 09:23:00,Network Packet Broker (Zeek),Verified PCAP Stream captured from AST-FIREWALL-110 during investigation of DET-T1078-Valid_Accounts_45,cc76a3c1a2085129
EVD-08421,ALT-003615,Authentication Token,2026-07-31 09:26:00,Firewall Syslog (PaloAlto),Verified Authentication Token captured from AST-FIREWALL-110 during investigation of DET-T1078-Valid_Accounts_45,64a4e7a6b89e80f2
EVD-08422,ALT-003615,Registry Modification,2026-07-31 09:07:00,Active Directory Security Log 4624,Verified Registry Modification captured from AST-FIREWALL-110 during investigation of DET-T1078-Valid_Accounts_45,054bd5cb06fa7c89
EVD-08423,ALT-003615,Memory Extraction,2026-07-31 09:23:00,CloudTrail API Audit,Verified Memory Extraction captured from AST-FIREWALL-110 during investigation of DET-T1078-Valid_Accounts_45,67b4bbdbfd4e967b
EVD-08424,ALT-003616,PCAP Stream,2026-06-17 18:50:00,Network Packet Broker (Zeek),Verified PCAP Stream captured from AST-API-164 during investigation of DET-T1190-Exploit_Public-Facing_Application_14,29e18f31a8d2f2a0
EVD-08425,ALT-003616,Authentication Token,2026-06-17 18:46:00,Firewall Syslog (PaloAlto),Verified Authentication Token captured from AST-API-164 during investigation of DET-T1190-Exploit_Public-Facing_Application_14,7de4d609ce7cf5b1
EVD-08426,ALT-003616,Registry Modification,2026-06-17 18:48:00,Active Directory Security Log 4624,Verified Registry Modification captured from AST-API-164 during investigation of DET-T1190-Exploit_Public-Facing_Application_14,880ee7cefe63d012
EVD-08437,ALT-003622,Authentication Token,2026-08-29 21:20:00,Firewall Syslog (PaloAlto),Verified Authentication Token captured from AST-PAYMENT-298 during investigation of DET-T1567-Exfiltration_Over_Web_Service_70,86b460877224ab19
EVD-08438,ALT-003622,Registry Modification,2026-08-29 21:27:00,Active Directory Security Log 4624,Verified Registry Modification captured from AST-PAYMENT-298 during investigation of DET-T1567-Exfiltration_Over_Web_Service_70,b1996776ca0ccbe0
EVD-08439,ALT-003622,Memory Extraction,2026-08-29 21:30:00,CloudTrail API Audit,Verified Memory Extraction captured from AST-PAYMENT-298 during investigation of DET-T1567-Exfiltration_Over_Web_Service_70,eca55934d2b6f971
EVD-08440,ALT-003622,Process Tree & Hash,2026-08-29 21:33:00,EDR Sensor (CrowdStrike/Defender),Verified Process Tree & Hash captured from AST-PAYMENT-298 during investigation of DET-T1567-Exfiltration_Over_Web_Service_70,d9553db648f0edd3
EVD-08441,ALT-003622,PCAP Stream,2026-08-29 21:25:00,Network Packet Broker (Zeek),Verified PCAP Stream captured from AST-PAYMENT-298 during investigation of DET-T1567-Exfiltration_Over_Web_Service_70,c087dec750342412
EVD-08501,ALT-003649,Memory Extraction,2026-07-25 11:53:00,CloudTrail API Audit,Verified Memory Extraction captured from SRV-DOMAIN-184 during investigation of DET-T1003-OS_Credential_Dumping_05,2191c78a18ce5507
EVD-08502,ALT-003649,Process Tree & Hash,2026-07-25 11:36:00,EDR Sensor (CrowdStrike/Defender),Verified Process Tree & Hash captured from SRV-DOMAIN-184 during investigation of DET-T1003-OS_Credential_Dumping_05,fd4d263c76809241
EVD-08503,ALT-003649,PCAP Stream,2026-07-25 11:43:00,Network Packet Broker (Zeek),Verified PCAP Stream captured from SRV-DOMAIN-184 during investigation of DET-T1003-OS_Credential_Dumping_05,643be46117da58cf
EVD-08504,ALT-003649,Authentication Token,2026-07-25 11:38:00,Firewall Syslog (PaloAlto),Verified Authentication Token captured from SRV-DOMAIN-184 during investigation of DET-T1003-OS_Credential_Dumping_05,58a95274cbf75efe
EVD-08518,ALT-003658,Registry Modification,2026-06-25 01:25:00,Active Directory Security Log 4624,Verified Registry Modification captured from SRV-DOMAIN-144 during investigation of DET-T1110-Brute_Force_38,deb126e2f1074cf3
EVD-08519,ALT-003658,Memory Extraction,2026-06-25 01:35:00,CloudTrail API Audit,Verified Memory Extraction captured from SRV-DOMAIN-144 during investigation of DET-T1110-Brute_Force_38,51ec02952f7c4889
EVD-08520,ALT-003658,Process Tree & Hash,2026-06-25 01:43:00,EDR Sensor (CrowdStrike/Defender),Verified Process Tree & Hash captured from SRV-DOMAIN-144 during investigation of DET-T1110-Brute_Force_38,89e86f64bce7b7f8
EVD-08521,ALT-003658,PCAP Stream,2026-06-25 01:31:00,Network Packet Broker (Zeek),Verified PCAP Stream captured from SRV-DOMAIN-144 during investigation of DET-T1110-Brute_Force_38,a30f9f02101c3710
EVD-08522,ALT-003658,Authentication Token,2026-06-25 01:27:00,Firewall Syslog (PaloAlto),Verified Authentication Token captured from SRV-DOMAIN-144 during investigation of DET-T1110-Brute_Force_38,cc6f7373cde334f4
EVD-08610,ALT-003695,Process Tree & Hash,2026-08-16 12:51:00,EDR Sensor (CrowdStrike/Defender),Verified Process Tree & Hash captured from AST-API-268 during investigation of DET-T1070-Indicator_Removal_on_Host_09,534b92743237e6c7
EVD-08611,ALT-003695,PCAP Stream,2026-08-16 12:55:00,Network Packet Broker (Zeek),Verified PCAP Stream captured from AST-API-268 during investigation of DET-T1070-Indicator_Removal_on_Host_09,773e0d360fea57e0
EVD-08612,ALT-003695,Authentication Token,2026-08-16 13:02:00,Firewall Syslog (PaloAlto),Verified Authentication Token captured from AST-API-268 during investigation of DET-T1070-Indicator_Removal_on_Host_09,20ed3b7a016c1ddb
EVD-08613,ALT-003695,Registry Modification,2026-08-16 12:50:00,Active Directory Security Log 4624,Verified Registry Modification captured from AST-API-268 during investigation of DET-T1070-Indicator_Removal_on_Host_09,5299604380bffa4c
EVD-08747,ALT-003757,Authentication Token,2026-06-18 20:23:00,Firewall Syslog (PaloAlto),Verified Authentication Token captured from AST-PAYMENT-290 during investigation of DET-T1562-Impair_Defenses_67,7429871b75e46413
EVD-08748,ALT-003757,Registry Modification,2026-06-18 20:10:00,Active Directory Security Log 4624,Verified Registry Modification captured from AST-PAYMENT-290 during investigation of DET-T1562-Impair_Defenses_67,d1a780d17757f406
EVD-08749,ALT-003757,Memory Extraction,2026-06-18 20:13:00,CloudTrail API Audit,Verified Memory Extraction captured from AST-PAYMENT-290 during investigation of DET-T1562-Impair_Defenses_67,f28f79594e95ebbe
EVD-08750,ALT-003757,Process Tree & Hash,2026-06-18 20:15:00,EDR Sensor (CrowdStrike/Defender),Verified Process Tree & Hash captured from AST-PAYMENT-290 during investigation of DET-T1562-Impair_Defenses_67,dc7ea84c80a3b7d3
EVD-08751,ALT-003757,PCAP Stream,2026-06-18 20:22:00,Network Packet Broker (Zeek),Verified PCAP Stream captured from AST-PAYMENT-290 during investigation of DET-T1562-Impair_Defenses_67,810734f3bf9499be
EVD-08828,ALT-003792,Authentication Token,2026-08-27 19:58:00,Firewall Syslog (PaloAlto),Verified Authentication Token captured from AST-PAYMENT-050 during investigation of DET-T1046-Network_Service_Discovery_36,f04a2c92fa521d3e
EVD-08829,ALT-003792,Registry Modification,2026-08-27 20:01:00,Active Directory Security Log 4624,Verified Registry Modification captured from AST-PAYMENT-050 during investigation of DET-T1046-Network_Service_Discovery_36,821f0b6ea74341a8
EVD-08830,ALT-003792,Memory Extraction,2026-08-27 19:59:00,CloudTrail API Audit,Verified Memory Extraction captured from AST-PAYMENT-050 during investigation of DET-T1046-Network_Service_Discovery_36,6bf11957ad2175cb
EVD-08831,ALT-003792,Process Tree & Hash,2026-08-27 19:55:00,EDR Sensor (CrowdStrike/Defender),Verified Process Tree & Hash captured from AST-PAYMENT-050 during investigation of DET-T1046-Network_Service_Discovery_36,26c7e6b09ef65ddd
EVD-08837,ALT-003795,Process Tree & Hash,2026-06-18 17:25:00,EDR Sensor (CrowdStrike/Defender),Verified Process Tree & Hash captured from AST-WORKSTATION-435 during investigation of DET-T1003-OS_Credential_Dumping_20,a93f6344189cc33d
EVD-08838,ALT-003795,PCAP Stream,2026-06-18 17:14:00,Network Packet Broker (Zeek),Verified PCAP Stream captured from AST-WORKSTATION-435 during investigation of DET-T1003-OS_Credential_Dumping_20,85c70be232160b93
EVD-08839,ALT-003795,Authentication Token,2026-06-18 17:21:00,Firewall Syslog (PaloAlto),Verified Authentication Token captured from AST-WORKSTATION-435 during investigation of DET-T1003-OS_Credential_Dumping_20,0ea7c9c3997c3a56
EVD-08840,ALT-003795,Registry Modification,2026-06-18 17:12:00,Active Directory Security Log 4624,Verified Registry Modification captured from AST-WORKSTATION-435 during investigation of DET-T1003-OS_Credential_Dumping_20,fa09bb68b504dbc7
EVD-08846,ALT-003802,Authentication Token,2026-08-09 05:45:00,Firewall Syslog (PaloAlto),Verified Authentication Token captured from AST-API-132 during investigation of DET-T1078-Valid_Accounts_90,b30cfedd0fabf9bb
EVD-08847,ALT-003803,Registry Modification,2026-06-18 17:33:00,Active Directory Security Log 4624,Verified Registry Modification captured from AST-PAYMENT-002 during investigation of DET-T1070-Indicator_Removal_on_Host_24,7132318826402de8
EVD-08850,ALT-003808,Registry Modification,2026-06-25 23:37:00,Active Directory Security Log 4624,Verified Registry Modification captured from AST-WORKSTATION-043 during investigation of DET-T1055-Process_Injection_87,bdc8326c4d94e332
EVD-08851,ALT-003812,Authentication Token,2026-06-13 12:14:00,Firewall Syslog (PaloAlto),Verified Authentication Token captured from AST-PAYMENT-098 during investigation of DET-T1078-Valid_Accounts_15,3f5c56dcfebfcaca
EVD-08855,ALT-003816,PCAP Stream,2026-07-02 00:55:00,Network Packet Broker (Zeek),Verified PCAP Stream captured from AST-API-164 during investigation of DET-T1562-Impair_Defenses_67,f671a1c08e353f85
EVD-08856,ALT-003817,Authentication Token,2026-08-08 06:28:00,Firewall Syslog (PaloAlto),Verified Authentication Token captured from AST-FIREWALL-062 during investigation of DET-T1090-Proxy_73,1487b5fb56479b06
EVD-08857,ALT-003818,Registry Modification,2026-08-01 00:31:00,Active Directory Security Log 4624,Verified Registry Modification captured from SRV-DOMAIN-352 during investigation of DET-T1046-Network_Service_Discovery_21,399d7b5fefb9c409
EVD-08859,ALT-003822,Authentication Token,2026-07-16 19:04:00,Firewall Syslog (PaloAlto),Verified Authentication Token captured from AST-WORKSTATION-139 during investigation of DET-T1566-Phishing_77,c59ddf6113aebfa3
EVD-08860,ALT-003824,Memory Extraction,2026-07-29 18:15:00,CloudTrail API Audit,Verified Memory Extraction captured from SRV-DOMAIN-136 during investigation of DET-T1053-Scheduled_Task/Job_18,a66a647ef98060f7
EVD-08862,ALT-003826,PCAP Stream,2026-08-06 13:49:00,Network Packet Broker (Zeek),Verified PCAP Stream captured from SRV-DOMAIN-320 during investigation of DET-T1562-Impair_Defenses_37,1aece51815bf9b8e
EVD-08864,ALT-003828,Registry Modification,2026-07-24 07:01:00,Active Directory Security Log 4624,Verified Registry Modification captured from AST-PAYMENT-002 during investigation of DET-T1059-Command_and_Scripting_Interpreter_31,f80f1b17e5c141a4
EVD-08866,ALT-003833,Registry Modification,2026-09-10 08:46:00,Active Directory Security Log 4624,Verified Registry Modification captured from SRV-DOMAIN-408 during investigation of DET-T1190-Exploit_Public-Facing_Application_29,0d5295a8e9aa9e5a
EVD-08899,ALT-003885,Process Tree & Hash,2026-08-28 09:31:00,EDR Sensor (CrowdStrike/Defender),Verified Process Tree & Hash captured from AST-PAYMENT-002 during investigation of DET-T1046-Network_Service_Discovery_51,ff538adb67912b54
EVD-08931,ALT-003925,Process Tree & Hash,2026-08-01 09:53:00,EDR Sensor (CrowdStrike/Defender),Verified Process Tree & Hash captured from AST-FIREWALL-350 during investigation of DET-T1562-Impair_Defenses_37,868226d7322154ee
EVD-08939,ALT-003938,Registry Modification,2026-08-29 22:00:00,Active Directory Security Log 4624,Verified Registry Modification captured from AST-CLOUD-237 during investigation of DET-T1053-Scheduled_Task/Job_93,2a4f27fb068e9578
EVD-08943,ALT-003944,Memory Extraction,2026-08-08 16:53:00,CloudTrail API Audit,Verified Memory Extraction captured from AST-WORKSTATION-483 during investigation of DET-T1055-Process_Injection_57,35c9f6cd4c584207
EVD-08956,ALT-003959,Memory Extraction,2026-07-03 19:39:00,CloudTrail API Audit,Verified Memory Extraction captured from SRV-DATABASE-001 during investigation of DET-T1190-Exploit_Public-Facing_Application_74,e6bc3fed7c04ddc5
EVD-09010,ALT-004046,PCAP Stream,2026-07-07 18:47:00,Network Packet Broker (Zeek),Verified PCAP Stream captured from AST-CLOUD-381 during investigation of DET-T1053-Scheduled_Task/Job_33,4717af2e0c788db2
EVD-09019,ALT-004055,Process Tree & Hash,2026-08-24 23:39:00,EDR Sensor (CrowdStrike/Defender),Verified Process Tree & Hash captured from SRV-DATABASE-097 during investigation of DET-T1566-Phishing_62,5329cd7e9c89edc5
EVD-09026,ALT-004068,Registry Modification,2026-09-06 01:27:00,Active Directory Security Log 4624,Verified Registry Modification captured from AST-PAYMENT-162 during investigation of DET-T1046-Network_Service_Discovery_81,8c8bb497e7ed3ff9
EVD-09027,ALT-004068,Memory Extraction,2026-09-06 01:26:00,CloudTrail API Audit,Verified Memory Extraction captured from AST-PAYMENT-162 during investigation of DET-T1046-Network_Service_Discovery_81,2d2bb46029eea8ef
EVD-09036,ALT-004080,Process Tree & Hash,2026-07-06 08:03:00,EDR Sensor (CrowdStrike/Defender),Verified Process Tree & Hash captured from AST-IDENTITY-151 during investigation of DET-T1021-Remote_Services_19,3e02b20c134cacdc
EVD-09060,ALT-004118,Registry Modification,2026-07-21 02:09:00,Active Directory Security Log 4624,Verified Registry Modification captured from SRV-DOMAIN-144 during investigation of DET-T1070-Indicator_Removal_on_Host_09,f8598dc5fe087b7d
EVD-09069,ALT-004136,PCAP Stream,2026-09-08 12:05:00,Network Packet Broker (Zeek),Verified PCAP Stream captured from AST-WORKSTATION-267 during investigation of DET-T1190-Exploit_Public-Facing_Application_14,08de4231bf40e2a6
EVD-09076,ALT-004148,Registry Modification,2026-06-28 20:12:00,Active Directory Security Log 4624,Verified Registry Modification captured from SRV-DOMAIN-120 during investigation of DET-T1486-Data_Encrypted_for_Impact_41,b0bdbcd1828446f4
EVD-09119,ALT-004211,PCAP Stream,2026-06-12 09:49:00,Network Packet Broker (Zeek),Verified PCAP Stream captured from AST-FIREWALL-182 during investigation of DET-T1070-Indicator_Removal_on_Host_99,fb439a909a44c67d
EVD-09148,ALT-004242,Authentication Token,2026-07-13 03:46:00,Firewall Syslog (PaloAlto),Verified Authentication Token captured from AST-PAYMENT-058 during investigation of DET-T1055-Process_Injection_72,878db39b40774c8a
EVD-09195,ALT-004299,Memory Extraction,2026-07-30 11:27:00,CloudTrail API Audit,Verified Memory Extraction captured from SRV-DATABASE-105 during investigation of DET-T1055-Process_Injection_57,0805815fd407dbc1
EVD-09196,ALT-004303,Registry Modification,2026-08-15 09:26:00,Active Directory Security Log 4624,Verified Registry Modification captured from SRV-DOMAIN-168 during investigation of DET-T1046-Network_Service_Discovery_51,ddaef2d706c61e6a
EVD-09212,ALT-004329,Memory Extraction,2026-08-01 13:23:00,CloudTrail API Audit,Verified Memory Extraction captured from AST-FIREWALL-334 during investigation of DET-T1070-Indicator_Removal_on_Host_99,79da6eda594819f7
EVD-09219,ALT-004345,Process Tree & Hash,2026-09-02 13:19:00,EDR Sensor (CrowdStrike/Defender),Verified Process Tree & Hash captured from AST-IDENTITY-023 during investigation of DET-T1078-Valid_Accounts_15,6d4afddcdb802f15
EVD-09240,ALT-004382,Authentication Token,2026-07-03 02:58:00,Firewall Syslog (PaloAlto),Verified Authentication Token captured from AST-PAYMENT-162 during investigation of DET-T1110-Brute_Force_83,0c719ca1603e05f6
EVD-09249,ALT-004395,Process Tree & Hash,2026-09-04 00:58:00,EDR Sensor (CrowdStrike/Defender),Verified Process Tree & Hash captured from AST-FIREWALL-126 during investigation of DET-T1486-Data_Encrypted_for_Impact_11,260d21682c829c72
EVD-09258,ALT-004407,Authentication Token,2026-06-19 01:59:00,Firewall Syslog (PaloAlto),Verified Authentication Token captured from SRV-DATABASE-209 during investigation of DET-T1053-Scheduled_Task/Job_48,b3682016465a14a3
EVD-09263,ALT-004414,Memory Extraction,2026-07-19 11:28:00,CloudTrail API Audit,Verified Memory Extraction captured from AST-CLOUD-077 during investigation of DET-T1567-Exfiltration_Over_Web_Service_40,d1e38b9a3f8349d7
EVD-09269,ALT-004425,Process Tree & Hash,2026-08-03 05:46:00,EDR Sensor (CrowdStrike/Defender),Verified Process Tree & Hash captured from AST-PAYMENT-250 during investigation of DET-T1078-Valid_Accounts_90,4ebb919c080131dc
EVD-09299,ALT-004491,PCAP Stream,2026-07-15 00:43:00,Network Packet Broker (Zeek),Verified PCAP Stream captured from AST-IDENTITY-159 during investigation of DET-T1046-Network_Service_Discovery_96,7cf3d2698601af42
EVD-09383,ALT-004610,Process Tree & Hash,2026-08-23 01:36:00,EDR Sensor (CrowdStrike/Defender),Verified Process Tree & Hash captured from AST-WORKSTATION-427 during investigation of DET-T1003-OS_Credential_Dumping_95,712cad229909d8cd
EVD-09402,ALT-004641,PCAP Stream,2026-07-30 15:00:00,Network Packet Broker (Zeek),Verified PCAP Stream captured from SRV-DOMAIN-488 during investigation of DET-T1566-Phishing_02,047e93d20eeba7f6
EVD-09403,ALT-004641,Authentication Token,2026-07-30 14:59:00,Firewall Syslog (PaloAlto),Verified Authentication Token captured from SRV-DOMAIN-488 during investigation of DET-T1566-Phishing_02,0be71ce3ac2c99b1
EVD-09511,ALT-004781,PCAP Stream,2026-07-24 23:11:00,Network Packet Broker (Zeek),Verified PCAP Stream captured from SRV-DOMAIN-136 during investigation of DET-T1567-Exfiltration_Over_Web_Service_70,fd77e70ef85179fb
EVD-09525,ALT-004796,PCAP Stream,2026-07-17 17:11:00,Network Packet Broker (Zeek),Verified PCAP Stream captured from AST-FIREWALL-142 during investigation of DET-T1566-Phishing_92,601151e12b537867
EVD-09562,ALT-004839,Memory Extraction,2026-07-05 04:52:00,CloudTrail API Audit,Verified Memory Extraction captured from AST-CLOUD-117 during investigation of DET-T1046-Network_Service_Discovery_81,24be972b8449ffc7
EVD-09583,ALT-004872,Authentication Token,2026-07-08 17:25:00,Firewall Syslog (PaloAlto),Verified Authentication Token captured from AST-WORKSTATION-451 during investigation of DET-T1190-Exploit_Public-Facing_Application_74,be98b8eab73ef712
EVD-09613,ALT-004912,Authentication Token,2026-08-26 17:48:00,Firewall Syslog (PaloAlto),Verified Authentication Token captured from AST-PAYMENT-098 during investigation of DET-T1090-Proxy_73,2f1fb78f00a496d8
EVD-09634,ALT-004952,Authentication Token,2026-08-21 14:07:00,Firewall Syslog (PaloAlto),Verified Authentication Token captured from SRV-DATABASE-017 during investigation of DET-T1078-Valid_Accounts_60,8fee9c6199681544
EVD-09705,ALT-005050,Process Tree & Hash,2026-07-26 13:28:00,EDR Sensor (CrowdStrike/Defender),Verified Process Tree & Hash captured from AST-CLOUD-389 during investigation of DET-T1562-Impair_Defenses_37,3fbe044acd56a767
EVD-09715,ALT-005063,Registry Modification,2026-08-23 05:57:00,Active Directory Security Log 4624,Verified Registry Modification captured from SRV-DOMAIN-288 during investigation of DET-T1053-Scheduled_Task/Job_93,8aca429103f4fc93
EVD-09720,ALT-005068,Registry Modification,2026-08-17 12:09:00,Active Directory Security Log 4624,Verified Registry Modification captured from AST-IDENTITY-143 during investigation of DET-T1562-Impair_Defenses_37,17d5e13e5c9010b6
EVD-09752,ALT-005116,PCAP Stream,2026-06-19 18:48:00,Network Packet Broker (Zeek),Verified PCAP Stream captured from AST-API-372 during investigation of DET-T1046-Network_Service_Discovery_06,7db7fd7c76ba53aa
EVD-09784,ALT-005166,PCAP Stream,2026-08-27 19:04:00,Network Packet Broker (Zeek),Verified PCAP Stream captured from AST-FIREWALL-110 during investigation of DET-T1003-OS_Credential_Dumping_20,5bf862c796e51317
EVD-09785,ALT-005168,Registry Modification,2026-08-20 07:04:00,Active Directory Security Log 4624,Verified Registry Modification captured from AST-IDENTITY-039 during investigation of DET-T1090-Proxy_58,87abb9582b2d193a
EVD-09787,ALT-005171,PCAP Stream,2026-08-02 12:11:00,Network Packet Broker (Zeek),Verified PCAP Stream captured from AST-CLOUD-069 during investigation of DET-T1190-Exploit_Public-Facing_Application_14,e4745d4d5d68a7de
EVD-09816,ALT-005219,Memory Extraction,2026-06-24 14:56:00,CloudTrail API Audit,Verified Memory Extraction captured from AST-IDENTITY-143 during investigation of DET-T1021-Remote_Services_19,40c8c8fd94050bd7
EVD-09830,ALT-005241,PCAP Stream,2026-07-21 19:13:00,Network Packet Broker (Zeek),Verified PCAP Stream captured from AST-PAYMENT-146 during investigation of DET-T1567-Exfiltration_Over_Web_Service_70,c4c1dbd64b6d32ff
EVD-09831,ALT-005241,Authentication Token,2026-07-21 19:14:00,Firewall Syslog (PaloAlto),Verified Authentication Token captured from AST-PAYMENT-146 during investigation of DET-T1567-Exfiltration_Over_Web_Service_70,604213b5e99dcca9
EVD-09842,ALT-005260,Process Tree & Hash,2026-09-05 07:21:00,EDR Sensor (CrowdStrike/Defender),Verified Process Tree & Hash captured from AST-FIREWALL-070 during investigation of DET-T1021-Remote_Services_19,b373f90067bc78d4
EVD-09849,ALT-005266,PCAP Stream,2026-07-02 23:42:00,Network Packet Broker (Zeek),Verified PCAP Stream captured from AST-WORKSTATION-155 during investigation of DET-T1059-Command_and_Scripting_Interpreter_76,d2ee72ebc8198ec0
EVD-09850,ALT-005266,Authentication Token,2026-07-02 23:42:00,Firewall Syslog (PaloAlto),Verified Authentication Token captured from AST-WORKSTATION-155 during investigation of DET-T1059-Command_and_Scripting_Interpreter_76,8fb7135d2f65a5c8
EVD-09884,ALT-005315,Process Tree & Hash,2026-09-05 21:41:00,EDR Sensor (CrowdStrike/Defender),Verified Process Tree & Hash captured from AST-CLOUD-045 during investigation of DET-T1053-Scheduled_Task/Job_63,4e894f5a00e462fb
EVD-09885,ALT-005315,PCAP Stream,2026-09-05 21:41:00,Network Packet Broker (Zeek),Verified PCAP Stream captured from AST-CLOUD-045 during investigation of DET-T1053-Scheduled_Task/Job_63,489ec8394d0bef4b
EVD-09888,ALT-005320,Process Tree & Hash,2026-07-29 03:06:00,EDR Sensor (CrowdStrike/Defender),Verified Process Tree & Hash captured from AST-CLOUD-093 during investigation of DET-T1046-Network_Service_Discovery_96,cd31bb3f9ab43256
EVD-09912,ALT-005348,Registry Modification,2026-06-17 07:23:00,Active Directory Security Log 4624,Verified Registry Modification captured from AST-WORKSTATION-075 during investigation of DET-T1059-Command_and_Scripting_Interpreter_01,2a1c6d2cc0b11b61
EVD-09946,ALT-005396,PCAP Stream,2026-08-16 12:18:00,Network Packet Broker (Zeek),Verified PCAP Stream captured from SRV-DATABASE-169 during investigation of DET-T1078-Valid_Accounts_60,b6fad89ddaa2d30a
EVD-09953,ALT-005408,Registry Modification,2026-08-14 22:23:00,Active Directory Security Log 4624,Verified Registry Modification captured from AST-WORKSTATION-123 during investigation of DET-T1567-Exfiltration_Over_Web_Service_40,c33f0ae9b87815e1
EVD-09960,ALT-005420,Process Tree & Hash,2026-07-22 17:45:00,EDR Sensor (CrowdStrike/Defender),Verified Process Tree & Hash captured from AST-IDENTITY-063 during investigation of DET-T1562-Impair_Defenses_67,707656791119247c
EVD-09968,ALT-005433,Registry Modification,2026-08-06 03:39:00,Active Directory Security Log 4624,Verified Registry Modification captured from AST-FIREWALL-038 during investigation of DET-T1110-Brute_Force_38,d491e627722543a5
