investigation_id,alert_id,analyst_id,started_at,closed_at,investigation_duration,investigation_notes,evidence_count,artifacts_collected,closure_reason,escalated
INV-00009,ALT-000015,ANL-018,2026-09-03 09:21:00,2026-09-03 09:36:36,15.6,Validated alert with scheduled task audit. Discovered persistence backdoor under TaskScheduler. Scheduled task deleted and hash submitted for blacklisting.,5,3,Containment Verified,No
INV-00010,ALT-000018,ANL-009,2026-08-05 08:22:00,2026-08-05 08:54:06,32.1,Triage initiated following telemetry trigger. Process tree analyzed down to parent PID. Network socket correlation confirmed outbound SSL beaconing to untrusted external IP. Host isolated pending escalation.,4,3,Containment Verified,Yes
INV-00015,ALT-000027,ANL-017,2026-07-29 22:14:00,2026-07-29 22:37:18,23.3,Investigated suspicious PowerShell invocation with base64 encoded command. Decoded payload revealed credential harvesting script. Credentials revoked and host quarantined.,3,2,Containment Verified,Yes
INV-00028,ALT-000052,ANL-022,2026-06-15 06:22:00,2026-06-15 06:51:30,29.5,Validated alert with scheduled task audit. Discovered persistence backdoor under TaskScheduler. Scheduled task deleted and hash submitted for blacklisting.,4,3,Containment Verified,Yes
INV-00082,ALT-000150,ANL-005,2026-06-30 10:31:00,2026-06-30 11:11:30,40.5,Memory dump and Windows Event Log 4624/4625 scrutinized. Lateral movement attempt blocked by host firewall. Evidence artifacts securely archived in vault.,5,3,Containment Verified,No
INV-00099,ALT-000180,ANL-007,2026-08-16 02:17:00,2026-08-16 02:52:24,35.4,Correlated firewall drop events with endpoint DNS query logs. Detected domain fronting attempt against CDN endpoint. Evidence artifacts and PCAP extract attached.,3,4,Containment Verified,No
INV-00118,ALT-000212,ANL-021,2026-08-12 16:53:00,2026-08-12 17:25:24,32.4,Validated alert with scheduled task audit. Discovered persistence backdoor under TaskScheduler. Scheduled task deleted and hash submitted for blacklisting.,4,2,Benign Operation,No
INV-00121,ALT-000215,ANL-011,2026-08-05 18:27:00,2026-08-05 19:03:24,36.4,Validated alert with scheduled task audit. Discovered persistence backdoor under TaskScheduler. Scheduled task deleted and hash submitted for blacklisting.,5,2,Containment Verified,Yes
INV-00126,ALT-000221,ANL-006,2026-09-04 06:35:00,2026-09-04 06:57:12,22.2,Validated alert with scheduled task audit. Discovered persistence backdoor under TaskScheduler. Scheduled task deleted and hash submitted for blacklisting.,4,2,Benign Operation,No
INV-00134,ALT-000241,ANL-008,2026-07-14 13:04:00,2026-07-14 13:35:54,31.9,Triage initiated following telemetry trigger. Process tree analyzed down to parent PID. Network socket correlation confirmed outbound SSL beaconing to untrusted external IP. Host isolated pending escalation.,3,4,Benign Operation,No
INV-00143,ALT-000257,ANL-011,2026-07-04 15:25:00,2026-07-04 15:45:30,20.5,Validated alert with scheduled task audit. Discovered persistence backdoor under TaskScheduler. Scheduled task deleted and hash submitted for blacklisting.,3,2,Containment Verified,Yes
INV-00150,ALT-000271,ANL-004,2026-08-06 13:16:00,2026-08-06 13:56:54,40.9,Correlated firewall drop events with endpoint DNS query logs. Detected domain fronting attempt against CDN endpoint. Evidence artifacts and PCAP extract attached.,4,4,Containment Verified,Yes
INV-00169,ALT-000299,ANL-022,2026-07-20 06:50:00,2026-07-20 07:27:30,37.5,Investigated suspicious PowerShell invocation with base64 encoded command. Decoded payload revealed credential harvesting script. Credentials revoked and host quarantined.,5,2,Benign Operation,No
INV-00196,ALT-000352,ANL-004,2026-09-07 19:29:00,2026-09-07 20:06:54,37.9,Validated alert with scheduled task audit. Discovered persistence backdoor under TaskScheduler. Scheduled task deleted and hash submitted for blacklisting.,5,3,Containment Verified,Yes
INV-00206,ALT-000367,ANL-013,2026-08-28 17:56:00,2026-08-28 18:34:06,38.1,Correlated firewall drop events with endpoint DNS query logs. Detected domain fronting attempt against CDN endpoint. Evidence artifacts and PCAP extract attached.,5,4,Benign Operation,No
INV-00246,ALT-000430,ANL-001,2026-08-23 14:30:00,2026-08-23 15:11:42,41.7,Validated alert with scheduled task audit. Discovered persistence backdoor under TaskScheduler. Scheduled task deleted and hash submitted for blacklisting.,5,3,Containment Verified,Yes
INV-00248,ALT-000433,ANL-002,2026-06-15 11:32:00,2026-06-15 12:08:06,36.1,Triage initiated following telemetry trigger. Process tree analyzed down to parent PID. Network socket correlation confirmed outbound SSL beaconing to untrusted external IP. Host isolated pending escalation.,5,3,Benign Operation,No
INV-00253,ALT-000444,ANL-001,2026-09-04 04:45:00,2026-09-04 05:05:12,20.2,Memory dump and Windows Event Log 4624/4625 scrutinized. Lateral movement attempt blocked by host firewall. Evidence artifacts securely archived in vault.,5,2,Containment Verified,Yes
INV-00262,ALT-000462,ANL-001,2026-07-01 18:51:00,2026-07-01 19:14:18,23.3,Correlated firewall drop events with endpoint DNS query logs. Detected domain fronting attempt against CDN endpoint. Evidence artifacts and PCAP extract attached.,4,4,Containment Verified,No
INV-00328,ALT-000565,ANL-001,2026-09-04 00:35:00,2026-09-04 01:16:42,41.7,Correlated firewall drop events with endpoint DNS query logs. Detected domain fronting attempt against CDN endpoint. Evidence artifacts and PCAP extract attached.,3,3,Containment Verified,Yes
INV-00372,ALT-000643,ANL-012,2026-07-02 11:49:00,2026-07-02 12:19:48,30.8,Triage initiated following telemetry trigger. Process tree analyzed down to parent PID. Network socket correlation confirmed outbound SSL beaconing to untrusted external IP. Host isolated pending escalation.,4,2,Containment Verified,Yes
INV-00390,ALT-000677,ANL-010,2026-07-07 04:29:00,2026-07-07 05:01:24,32.4,Memory dump and Windows Event Log 4624/4625 scrutinized. Lateral movement attempt blocked by host firewall. Evidence artifacts securely archived in vault.,3,2,Benign Operation,No
INV-00409,ALT-000706,ANL-013,2026-08-16 09:45:00,2026-08-16 10:24:42,39.7,Correlated firewall drop events with endpoint DNS query logs. Detected domain fronting attempt against CDN endpoint. Evidence artifacts and PCAP extract attached.,4,4,Benign Operation,No
INV-00470,ALT-000817,ANL-012,2026-07-19 18:50:00,2026-07-19 19:29:48,39.8,Investigated suspicious PowerShell invocation with base64 encoded command. Decoded payload revealed credential harvesting script. Credentials revoked and host quarantined.,3,3,Containment Verified,Yes
INV-00471,ALT-000818,ANL-005,2026-08-23 04:17:00,2026-08-23 04:50:30,33.5,Triage initiated following telemetry trigger. Process tree analyzed down to parent PID. Network socket correlation confirmed outbound SSL beaconing to untrusted external IP. Host isolated pending escalation.,4,3,Containment Verified,No
INV-00498,ALT-000865,ANL-017,2026-08-21 06:25:00,2026-08-21 07:01:42,36.7,Investigated suspicious PowerShell invocation with base64 encoded command. Decoded payload revealed credential harvesting script. Credentials revoked and host quarantined.,4,2,Benign Operation,No
INV-00502,ALT-000870,ANL-014,2026-09-10 08:12:00,2026-09-10 08:34:54,22.9,Triage initiated following telemetry trigger. Process tree analyzed down to parent PID. Network socket correlation confirmed outbound SSL beaconing to untrusted external IP. Host isolated pending escalation.,4,3,Containment Verified,Yes
INV-00615,ALT-001065,ANL-012,2026-08-15 08:14:00,2026-08-15 08:31:06,17.1,Triage initiated following telemetry trigger. Process tree analyzed down to parent PID. Network socket correlation confirmed outbound SSL beaconing to untrusted external IP. Host isolated pending escalation.,3,4,Containment Verified,Yes
INV-00620,ALT-001071,ANL-001,2026-08-19 20:51:00,2026-08-19 21:09:12,18.2,Investigated suspicious PowerShell invocation with base64 encoded command. Decoded payload revealed credential harvesting script. Credentials revoked and host quarantined.,3,4,Containment Verified,Yes
INV-00626,ALT-001079,ANL-022,2026-07-09 05:31:00,2026-07-09 06:07:00,36.0,Memory dump and Windows Event Log 4624/4625 scrutinized. Lateral movement attempt blocked by host firewall. Evidence artifacts securely archived in vault.,3,3,Containment Verified,Yes
INV-00643,ALT-001111,ANL-013,2026-08-20 10:08:00,2026-08-20 10:24:54,16.9,Validated alert with scheduled task audit. Discovered persistence backdoor under TaskScheduler. Scheduled task deleted and hash submitted for blacklisting.,5,3,Containment Verified,Yes
INV-00659,ALT-001136,ANL-009,2026-08-04 04:28:00,2026-08-04 04:52:36,24.6,Investigated suspicious PowerShell invocation with base64 encoded command. Decoded payload revealed credential harvesting script. Credentials revoked and host quarantined.,3,3,Benign Operation,No
INV-00708,ALT-001229,ANL-019,2026-06-29 15:27:00,2026-06-29 15:51:18,24.3,Triage initiated following telemetry trigger. Process tree analyzed down to parent PID. Network socket correlation confirmed outbound SSL beaconing to untrusted external IP. Host isolated pending escalation.,5,3,Containment Verified,No
INV-00769,ALT-001337,ANL-001,2026-07-10 08:08:00,2026-07-10 08:28:36,20.6,Memory dump and Windows Event Log 4624/4625 scrutinized. Lateral movement attempt blocked by host firewall. Evidence artifacts securely archived in vault.,3,4,Benign Operation,No
INV-00787,ALT-001363,ANL-005,2026-07-23 11:49:00,2026-07-23 12:31:00,42.0,Triage initiated following telemetry trigger. Process tree analyzed down to parent PID. Network socket correlation confirmed outbound SSL beaconing to untrusted external IP. Host isolated pending escalation.,3,3,Containment Verified,Yes
INV-00789,ALT-001367,ANL-012,2026-08-22 06:11:00,2026-08-22 06:28:42,17.7,Investigated suspicious PowerShell invocation with base64 encoded command. Decoded payload revealed credential harvesting script. Credentials revoked and host quarantined.,3,2,Containment Verified,Yes
INV-00794,ALT-001379,ANL-015,2026-06-23 10:11:00,2026-06-23 10:47:36,36.6,Validated alert with scheduled task audit. Discovered persistence backdoor under TaskScheduler. Scheduled task deleted and hash submitted for blacklisting.,4,4,Containment Verified,No
INV-00808,ALT-001399,ANL-015,2026-07-25 01:10:00,2026-07-25 01:42:42,32.7,Triage initiated following telemetry trigger. Process tree analyzed down to parent PID. Network socket correlation confirmed outbound SSL beaconing to untrusted external IP. Host isolated pending escalation.,3,2,Containment Verified,Yes
INV-00819,ALT-001428,ANL-021,2026-08-05 11:13:00,2026-08-05 11:53:36,40.6,Investigated suspicious PowerShell invocation with base64 encoded command. Decoded payload revealed credential harvesting script. Credentials revoked and host quarantined.,3,2,Containment Verified,Yes
INV-00847,ALT-001477,ANL-015,2026-07-02 05:05:00,2026-07-02 05:40:00,35.0,Memory dump and Windows Event Log 4624/4625 scrutinized. Lateral movement attempt blocked by host firewall. Evidence artifacts securely archived in vault.,4,4,Benign Operation,No
INV-00867,ALT-001515,ANL-009,2026-08-05 06:44:00,2026-08-05 07:00:36,16.6,Validated alert with scheduled task audit. Discovered persistence backdoor under TaskScheduler. Scheduled task deleted and hash submitted for blacklisting.,5,3,Containment Verified,Yes
INV-00885,ALT-001547,ANL-016,2026-08-30 00:47:00,2026-08-30 01:03:30,16.5,Correlated firewall drop events with endpoint DNS query logs. Detected domain fronting attempt against CDN endpoint. Evidence artifacts and PCAP extract attached.,5,2,Containment Verified,Yes
INV-00894,ALT-001566,ANL-019,2026-08-08 14:24:00,2026-08-08 14:54:36,30.6,Investigated suspicious PowerShell invocation with base64 encoded command. Decoded payload revealed credential harvesting script. Credentials revoked and host quarantined.,5,3,Containment Verified,Yes
INV-00897,ALT-001570,ANL-003,2026-08-22 15:13:00,2026-08-22 15:53:06,40.1,Validated alert with scheduled task audit. Discovered persistence backdoor under TaskScheduler. Scheduled task deleted and hash submitted for blacklisting.,4,4,Benign Operation,No
INV-00948,ALT-001652,ANL-011,2026-09-08 20:42:00,2026-09-08 20:59:42,17.7,Memory dump and Windows Event Log 4624/4625 scrutinized. Lateral movement attempt blocked by host firewall. Evidence artifacts securely archived in vault.,3,2,Containment Verified,Yes
INV-00960,ALT-001671,ANL-003,2026-09-03 04:19:00,2026-09-03 04:35:24,16.4,Validated alert with scheduled task audit. Discovered persistence backdoor under TaskScheduler. Scheduled task deleted and hash submitted for blacklisting.,3,2,Benign Operation,No
INV-00986,ALT-001718,ANL-006,2026-08-23 08:41:00,2026-08-23 09:17:00,36.0,Investigated suspicious PowerShell invocation with base64 encoded command. Decoded payload revealed credential harvesting script. Credentials revoked and host quarantined.,3,2,Benign Operation,No
INV-01024,ALT-001778,ANL-022,2026-08-21 22:30:00,2026-08-21 23:12:00,42.0,Validated alert with scheduled task audit. Discovered persistence backdoor under TaskScheduler. Scheduled task deleted and hash submitted for blacklisting.,3,4,Benign Operation,No
INV-01060,ALT-001840,ANL-020,2026-07-07 01:45:00,2026-07-07 02:25:36,40.6,Memory dump and Windows Event Log 4624/4625 scrutinized. Lateral movement attempt blocked by host firewall. Evidence artifacts securely archived in vault.,3,3,Containment Verified,No
INV-01078,ALT-001872,ANL-011,2026-08-11 19:25:00,2026-08-11 19:57:36,32.6,Triage initiated following telemetry trigger. Process tree analyzed down to parent PID. Network socket correlation confirmed outbound SSL beaconing to untrusted external IP. Host isolated pending escalation.,4,3,Containment Verified,No
INV-01180,ALT-002043,ANL-001,2026-06-17 06:13:00,2026-06-17 06:43:24,30.4,Triage initiated following telemetry trigger. Process tree analyzed down to parent PID. Network socket correlation confirmed outbound SSL beaconing to untrusted external IP. Host isolated pending escalation.,5,2,Containment Verified,Yes
INV-01239,ALT-002127,ANL-011,2026-08-04 12:21:00,2026-08-04 12:51:00,30.0,Memory dump and Windows Event Log 4624/4625 scrutinized. Lateral movement attempt blocked by host firewall. Evidence artifacts securely archived in vault.,5,4,Containment Verified,Yes
INV-01265,ALT-002171,ANL-005,2026-07-06 01:06:00,2026-07-06 01:35:06,29.1,Memory dump and Windows Event Log 4624/4625 scrutinized. Lateral movement attempt blocked by host firewall. Evidence artifacts securely archived in vault.,4,4,Benign Operation,No
INV-01310,ALT-002251,ANL-012,2026-07-11 00:53:00,2026-07-11 01:09:54,16.9,Validated alert with scheduled task audit. Discovered persistence backdoor under TaskScheduler. Scheduled task deleted and hash submitted for blacklisting.,5,3,Benign Operation,No
INV-01339,ALT-002300,ANL-022,2026-06-25 18:19:00,2026-06-25 18:35:12,16.2,Validated alert with scheduled task audit. Discovered persistence backdoor under TaskScheduler. Scheduled task deleted and hash submitted for blacklisting.,5,4,Containment Verified,Yes
INV-01346,ALT-002313,ANL-015,2026-08-15 08:42:00,2026-08-15 09:01:00,19.0,Triage initiated following telemetry trigger. Process tree analyzed down to parent PID. Network socket correlation confirmed outbound SSL beaconing to untrusted external IP. Host isolated pending escalation.,5,2,Containment Verified,Yes
INV-01358,ALT-002335,ANL-014,2026-07-04 04:57:00,2026-07-04 05:12:36,15.6,Memory dump and Windows Event Log 4624/4625 scrutinized. Lateral movement attempt blocked by host firewall. Evidence artifacts securely archived in vault.,5,3,Containment Verified,Yes
INV-01360,ALT-002340,ANL-011,2026-09-06 01:11:00,2026-09-06 01:45:36,34.6,Validated alert with scheduled task audit. Discovered persistence backdoor under TaskScheduler. Scheduled task deleted and hash submitted for blacklisting.,5,3,Benign Operation,No
INV-01411,ALT-002431,ANL-015,2026-08-11 13:18:00,2026-08-11 13:48:06,30.1,Validated alert with scheduled task audit. Discovered persistence backdoor under TaskScheduler. Scheduled task deleted and hash submitted for blacklisting.,3,3,Containment Verified,Yes
INV-01427,ALT-002465,ANL-004,2026-06-30 23:27:00,2026-06-30 23:47:06,20.1,Validated alert with scheduled task audit. Discovered persistence backdoor under TaskScheduler. Scheduled task deleted and hash submitted for blacklisting.,3,3,Containment Verified,Yes
INV-01448,ALT-002508,ANL-006,2026-08-23 14:03:00,2026-08-23 14:25:00,22.0,Investigated suspicious PowerShell invocation with base64 encoded command. Decoded payload revealed credential harvesting script. Credentials revoked and host quarantined.,3,3,Containment Verified,Yes
INV-01454,ALT-002520,ANL-011,2026-07-08 02:30:00,2026-07-08 02:54:54,24.9,Triage initiated following telemetry trigger. Process tree analyzed down to parent PID. Network socket correlation confirmed outbound SSL beaconing to untrusted external IP. Host isolated pending escalation.,3,2,Containment Verified,No
INV-01458,ALT-002528,ANL-014,2026-07-02 05:06:00,2026-07-02 05:37:06,31.1,Correlated firewall drop events with endpoint DNS query logs. Detected domain fronting attempt against CDN endpoint. Evidence artifacts and PCAP extract attached.,3,3,Benign Operation,No
INV-01521,ALT-002635,ANL-009,2026-07-13 10:04:00,2026-07-13 10:37:42,33.7,Investigated suspicious PowerShell invocation with base64 encoded command. Decoded payload revealed credential harvesting script. Credentials revoked and host quarantined.,4,2,Benign Operation,No
INV-01528,ALT-002644,ANL-013,2026-07-23 12:59:00,2026-07-23 13:24:54,25.9,Investigated suspicious PowerShell invocation with base64 encoded command. Decoded payload revealed credential harvesting script. Credentials revoked and host quarantined.,5,2,Benign Operation,No
INV-01550,ALT-002680,ANL-008,2026-07-24 10:34:00,2026-07-24 11:10:36,36.6,Investigated suspicious PowerShell invocation with base64 encoded command. Decoded payload revealed credential harvesting script. Credentials revoked and host quarantined.,3,3,Benign Operation,No
INV-01580,ALT-002729,ANL-006,2026-08-30 01:31:00,2026-08-30 01:57:42,26.7,Validated alert with scheduled task audit. Discovered persistence backdoor under TaskScheduler. Scheduled task deleted and hash submitted for blacklisting.,5,2,Benign Operation,No
INV-01582,ALT-002733,ANL-020,2026-06-22 07:05:00,2026-06-22 07:27:12,22.2,Investigated suspicious PowerShell invocation with base64 encoded command. Decoded payload revealed credential harvesting script. Credentials revoked and host quarantined.,5,4,Benign Operation,No
INV-01623,ALT-002801,ANL-004,2026-07-04 13:14:00,2026-07-04 13:28:54,14.9,Memory dump and Windows Event Log 4624/4625 scrutinized. Lateral movement attempt blocked by host firewall. Evidence artifacts securely archived in vault.,3,2,Containment Verified,No
INV-01644,ALT-002837,ANL-007,2026-06-16 17:19:00,2026-06-16 17:33:06,14.1,Memory dump and Windows Event Log 4624/4625 scrutinized. Lateral movement attempt blocked by host firewall. Evidence artifacts securely archived in vault.,4,2,Containment Verified,Yes
INV-01661,ALT-002868,ANL-009,2026-08-20 04:33:00,2026-08-20 05:09:12,36.2,Validated alert with scheduled task audit. Discovered persistence backdoor under TaskScheduler. Scheduled task deleted and hash submitted for blacklisting.,5,2,Benign Operation,No
INV-01740,ALT-003005,ANL-016,2026-07-08 20:58:00,2026-07-08 21:32:18,34.3,Validated alert with scheduled task audit. Discovered persistence backdoor under TaskScheduler. Scheduled task deleted and hash submitted for blacklisting.,4,3,Benign Operation,No
INV-01746,ALT-003017,ANL-007,2026-07-21 04:10:00,2026-07-21 04:44:48,34.8,Triage initiated following telemetry trigger. Process tree analyzed down to parent PID. Network socket correlation confirmed outbound SSL beaconing to untrusted external IP. Host isolated pending escalation.,5,3,Benign Operation,No
INV-01758,ALT-003040,ANL-010,2026-06-21 01:01:00,2026-06-21 01:20:30,19.5,Triage initiated following telemetry trigger. Process tree analyzed down to parent PID. Network socket correlation confirmed outbound SSL beaconing to untrusted external IP. Host isolated pending escalation.,5,3,Containment Verified,No
INV-01766,ALT-003053,ANL-002,2026-06-18 17:34:00,2026-06-18 18:07:30,33.5,Memory dump and Windows Event Log 4624/4625 scrutinized. Lateral movement attempt blocked by host firewall. Evidence artifacts securely archived in vault.,5,2,Containment Verified,No
INV-01780,ALT-003080,ANL-001,2026-07-14 11:37:00,2026-07-14 12:09:36,32.6,Memory dump and Windows Event Log 4624/4625 scrutinized. Lateral movement attempt blocked by host firewall. Evidence artifacts securely archived in vault.,3,4,Benign Operation,No
INV-01782,ALT-003082,ANL-010,2026-07-31 07:56:00,2026-07-31 08:19:24,23.4,Memory dump and Windows Event Log 4624/4625 scrutinized. Lateral movement attempt blocked by host firewall. Evidence artifacts securely archived in vault.,5,3,Containment Verified,Yes
INV-01820,ALT-003150,ANL-015,2026-08-18 18:51:00,2026-08-18 19:31:06,40.1,Investigated suspicious PowerShell invocation with base64 encoded command. Decoded payload revealed credential harvesting script. Credentials revoked and host quarantined.,5,2,Benign Operation,No
INV-01863,ALT-003225,ANL-013,2026-06-18 07:52:00,2026-06-18 08:12:30,20.5,Correlated firewall drop events with endpoint DNS query logs. Detected domain fronting attempt against CDN endpoint. Evidence artifacts and PCAP extract attached.,4,4,Containment Verified,Yes
INV-01892,ALT-003270,ANL-008,2026-07-30 09:32:00,2026-07-30 09:55:54,23.9,Validated alert with scheduled task audit. Discovered persistence backdoor under TaskScheduler. Scheduled task deleted and hash submitted for blacklisting.,3,4,Containment Verified,Yes
INV-01913,ALT-003306,ANL-002,2026-08-04 01:40:00,2026-08-04 02:16:36,36.6,Triage initiated following telemetry trigger. Process tree analyzed down to parent PID. Network socket correlation confirmed outbound SSL beaconing to untrusted external IP. Host isolated pending escalation.,5,2,Containment Verified,No
INV-01917,ALT-003310,ANL-015,2026-08-08 03:50:00,2026-08-08 04:19:42,29.7,Investigated suspicious PowerShell invocation with base64 encoded command. Decoded payload revealed credential harvesting script. Credentials revoked and host quarantined.,4,3,Containment Verified,No
INV-01955,ALT-003368,ANL-015,2026-08-05 10:50:00,2026-08-05 11:12:18,22.3,Triage initiated following telemetry trigger. Process tree analyzed down to parent PID. Network socket correlation confirmed outbound SSL beaconing to untrusted external IP. Host isolated pending escalation.,5,4,Benign Operation,No
INV-01993,ALT-003437,ANL-004,2026-07-13 19:57:00,2026-07-13 20:24:12,27.2,Memory dump and Windows Event Log 4624/4625 scrutinized. Lateral movement attempt blocked by host firewall. Evidence artifacts securely archived in vault.,4,2,Benign Operation,No
INV-02012,ALT-003471,ANL-006,2026-09-04 13:02:00,2026-09-04 13:29:00,27.0,Validated alert with scheduled task audit. Discovered persistence backdoor under TaskScheduler. Scheduled task deleted and hash submitted for blacklisting.,5,4,Benign Operation,No
INV-02062,ALT-003563,ANL-015,2026-06-21 11:53:00,2026-06-21 12:26:06,33.1,Validated alert with scheduled task audit. Discovered persistence backdoor under TaskScheduler. Scheduled task deleted and hash submitted for blacklisting.,3,3,Containment Verified,Yes
INV-02081,ALT-003595,ANL-013,2026-06-27 19:19:00,2026-06-27 19:44:36,25.6,Validated alert with scheduled task audit. Discovered persistence backdoor under TaskScheduler. Scheduled task deleted and hash submitted for blacklisting.,5,2,Benign Operation,No
INV-02093,ALT-003615,ANL-022,2026-07-31 08:59:00,2026-07-31 09:31:24,32.4,Validated alert with scheduled task audit. Discovered persistence backdoor under TaskScheduler. Scheduled task deleted and hash submitted for blacklisting.,5,3,Containment Verified,No
INV-02094,ALT-003616,ANL-010,2026-06-17 18:10:00,2026-06-17 18:50:00,40.0,Correlated firewall drop events with endpoint DNS query logs. Detected domain fronting attempt against CDN endpoint. Evidence artifacts and PCAP extract attached.,3,4,Benign Operation,No
INV-02098,ALT-003622,ANL-006,2026-08-29 21:18:00,2026-08-29 21:33:24,15.4,Investigated suspicious PowerShell invocation with base64 encoded command. Decoded payload revealed credential harvesting script. Credentials revoked and host quarantined.,5,3,Containment Verified,Yes
INV-02113,ALT-003649,ANL-001,2026-07-25 11:16:00,2026-07-25 11:57:48,41.8,Investigated suspicious PowerShell invocation with base64 encoded command. Decoded payload revealed credential harvesting script. Credentials revoked and host quarantined.,4,2,Benign Operation,No
INV-02117,ALT-003658,ANL-010,2026-06-25 01:22:00,2026-06-25 01:50:12,28.2,Memory dump and Windows Event Log 4624/4625 scrutinized. Lateral movement attempt blocked by host firewall. Evidence artifacts securely archived in vault.,5,4,Containment Verified,Yes
INV-02140,ALT-003695,ANL-009,2026-08-16 12:47:00,2026-08-16 13:06:06,19.1,Investigated suspicious PowerShell invocation with base64 encoded command. Decoded payload revealed credential harvesting script. Credentials revoked and host quarantined.,4,3,Benign Operation,No
INV-02176,ALT-003757,ANL-006,2026-06-18 20:08:00,2026-06-18 20:25:18,17.3,Investigated suspicious PowerShell invocation with base64 encoded command. Decoded payload revealed credential harvesting script. Credentials revoked and host quarantined.,5,3,Benign Operation,No
INV-02197,ALT-003792,ANL-014,2026-08-27 19:53:00,2026-08-27 20:13:54,20.9,Validated alert with scheduled task audit. Discovered persistence backdoor under TaskScheduler. Scheduled task deleted and hash submitted for blacklisting.,4,4,Benign Operation,No
INV-02199,ALT-003795,ANL-018,2026-06-18 17:07:00,2026-06-18 17:28:06,21.1,Memory dump and Windows Event Log 4624/4625 scrutinized. Lateral movement attempt blocked by host firewall. Evidence artifacts securely archived in vault.,4,2,Containment Verified,Yes
INV-02202,ALT-003802,ANL-029,2026-08-09 05:43:00,2026-08-09 05:45:36,2.6,User confirmed routine administrative task was authorized. No containment action needed. Closed.,1,0,False Positive,No
INV-02203,ALT-003803,ANL-034,2026-06-18 17:32:00,2026-06-18 17:34:30,2.5,Alert reviewed according to SOP checklist. No active malicious payload detected on endpoint. Ticket marked as false positive.,1,0,False Positive,No
INV-02206,ALT-003808,ANL-038,2026-06-25 23:35:00,2026-06-25 23:37:00,2.0,Alert reviewed according to SOP checklist. No active malicious payload detected on endpoint. Ticket marked as false positive.,1,0,False Positive,No
INV-02207,ALT-003812,ANL-036,2026-06-13 12:12:00,2026-06-13 12:15:24,3.4,"Standard triage performed. Alert verified against host baseline. Host logs checked, dismissed as benign business operational activity.",1,0,False Positive,No
INV-02210,ALT-003816,ANL-040,2026-07-02 00:54:00,2026-07-02 00:55:18,1.3,Alert reviewed according to SOP checklist. No active malicious payload detected on endpoint. Ticket marked as false positive.,1,0,False Positive,No
INV-02211,ALT-003817,ANL-030,2026-08-08 06:27:00,2026-08-08 06:28:18,1.3,User confirmed routine administrative task was authorized. No containment action needed. Closed.,1,0,False Positive,No
INV-02212,ALT-003818,ANL-025,2026-08-01 00:28:00,2026-08-01 00:31:48,3.8,Alert reviewed according to SOP checklist. No active malicious payload detected on endpoint. Ticket marked as false positive.,1,0,False Positive,No
INV-02214,ALT-003822,ANL-035,2026-07-16 19:03:00,2026-07-16 19:04:24,1.4,Alert reviewed according to SOP checklist. No active malicious payload detected on endpoint. Ticket marked as false positive.,1,0,False Positive,No
INV-02215,ALT-003824,ANL-035,2026-07-29 18:13:00,2026-07-29 18:15:12,2.2,Alert reviewed according to SOP checklist. No active malicious payload detected on endpoint. Ticket marked as false positive.,1,0,False Positive,No
INV-02217,ALT-003826,ANL-024,2026-08-06 13:48:00,2026-08-06 13:49:54,1.9,Alert reviewed according to SOP checklist. No active malicious payload detected on endpoint. Ticket marked as false positive.,1,0,False Positive,No
INV-02219,ALT-003828,ANL-037,2026-07-24 06:58:00,2026-07-24 07:01:36,3.6,User confirmed routine administrative task was authorized. No containment action needed. Closed.,1,0,Benign True Positive,No
INV-02221,ALT-003833,ANL-040,2026-09-10 08:45:00,2026-09-10 08:46:30,1.5,Alert reviewed according to SOP checklist. No active malicious payload detected on endpoint. Ticket marked as false positive.,1,0,False Positive,No
INV-02250,ALT-003885,ANL-040,2026-08-28 09:29:00,2026-08-28 09:31:18,2.3,Alert reviewed according to SOP checklist. No active malicious payload detected on endpoint. Ticket marked as false positive.,1,1,False Positive,No
INV-02279,ALT-003925,ANL-038,2026-08-01 09:52:00,2026-08-01 09:53:30,1.5,Alert reviewed according to SOP checklist. No active malicious payload detected on endpoint. Ticket marked as false positive.,1,0,Benign True Positive,No
INV-02285,ALT-003938,ANL-025,2026-08-29 21:59:00,2026-08-29 22:02:06,3.1,Alert reviewed according to SOP checklist. No active malicious payload detected on endpoint. Ticket marked as false positive.,1,0,False Positive,No
INV-02289,ALT-003944,ANL-036,2026-08-08 16:52:00,2026-08-08 16:54:42,2.7,Alert reviewed according to SOP checklist. No active malicious payload detected on endpoint. Ticket marked as false positive.,1,0,False Positive,No
INV-02299,ALT-003959,ANL-032,2026-07-03 19:38:00,2026-07-03 19:39:18,1.3,Alert reviewed according to SOP checklist. No active malicious payload detected on endpoint. Ticket marked as false positive.,1,0,False Positive,No
INV-02346,ALT-004046,ANL-034,2026-07-07 18:46:00,2026-07-07 18:47:42,1.7,Alert reviewed according to SOP checklist. No active malicious payload detected on endpoint. Ticket marked as false positive.,1,0,False Positive,No
INV-02354,ALT-004055,ANL-034,2026-08-24 23:37:00,2026-08-24 23:39:12,2.2,Alert reviewed according to SOP checklist. No active malicious payload detected on endpoint. Ticket marked as false positive.,1,0,False Positive,No
INV-02361,ALT-004068,ANL-028,2026-09-06 01:25:00,2026-09-06 01:27:18,2.3,Alert reviewed according to SOP checklist. No active malicious payload detected on endpoint. Ticket marked as false positive.,2,1,False Positive,No
INV-02369,ALT-004080,ANL-027,2026-07-06 08:02:00,2026-07-06 08:03:54,1.9,Alert reviewed according to SOP checklist. No active malicious payload detected on endpoint. Ticket marked as false positive.,1,0,False Positive,No
INV-02392,ALT-004118,ANL-030,2026-07-21 02:08:00,2026-07-21 02:09:30,1.5,Alert reviewed according to SOP checklist. No active malicious payload detected on endpoint. Ticket marked as false positive.,1,0,False Positive,No
INV-02401,ALT-004136,ANL-033,2026-09-08 12:04:00,2026-09-08 12:05:30,1.5,Alert reviewed according to SOP checklist. No active malicious payload detected on endpoint. Ticket marked as false positive.,1,0,False Positive,No
INV-02408,ALT-004148,ANL-026,2026-06-28 20:10:00,2026-06-28 20:12:42,2.7,"Standard triage performed. Alert verified against host baseline. Host logs checked, dismissed as benign business operational activity.",1,0,False Positive,No
INV-02447,ALT-004211,ANL-026,2026-06-12 09:48:00,2026-06-12 09:49:18,1.3,"Standard triage performed. Alert verified against host baseline. Host logs checked, dismissed as benign business operational activity.",1,1,False Positive,No
INV-02470,ALT-004242,ANL-023,2026-07-13 03:44:00,2026-07-13 03:47:06,3.1,"Standard triage performed. Alert verified against host baseline. Host logs checked, dismissed as benign business operational activity.",1,1,False Positive,No
INV-02512,ALT-004299,ANL-028,2026-07-30 11:25:00,2026-07-30 11:27:24,2.4,"Standard triage performed. Alert verified against host baseline. Host logs checked, dismissed as benign business operational activity.",1,1,False Positive,No
INV-02513,ALT-004303,ANL-024,2026-08-15 09:25:00,2026-08-15 09:27:00,2.0,Alert reviewed according to SOP checklist. No active malicious payload detected on endpoint. Ticket marked as false positive.,1,0,Benign True Positive,No
INV-02529,ALT-004329,ANL-027,2026-08-01 13:22:00,2026-08-01 13:23:42,1.7,Alert reviewed according to SOP checklist. No active malicious payload detected on endpoint. Ticket marked as false positive.,1,0,False Positive,No
INV-02536,ALT-004345,ANL-025,2026-09-02 13:18:00,2026-09-02 13:19:30,1.5,"Standard triage performed. Alert verified against host baseline. Host logs checked, dismissed as benign business operational activity.",1,0,False Positive,No
INV-02556,ALT-004382,ANL-027,2026-07-03 02:57:00,2026-07-03 02:58:24,1.4,User confirmed routine administrative task was authorized. No containment action needed. Closed.,1,1,False Positive,No
INV-02564,ALT-004395,ANL-030,2026-09-04 00:57:00,2026-09-04 00:59:06,2.1,"Standard triage performed. Alert verified against host baseline. Host logs checked, dismissed as benign business operational activity.",1,1,False Positive,No
INV-02571,ALT-004407,ANL-026,2026-06-19 01:58:00,2026-06-19 01:59:42,1.7,Alert reviewed according to SOP checklist. No active malicious payload detected on endpoint. Ticket marked as false positive.,1,0,False Positive,No
INV-02575,ALT-004414,ANL-025,2026-07-19 11:26:00,2026-07-19 11:28:18,2.3,Alert reviewed according to SOP checklist. No active malicious payload detected on endpoint. Ticket marked as false positive.,1,0,False Positive,No
INV-02580,ALT-004425,ANL-031,2026-08-03 05:45:00,2026-08-03 05:46:12,1.2,Alert reviewed according to SOP checklist. No active malicious payload detected on endpoint. Ticket marked as false positive.,1,0,False Positive,No
INV-02608,ALT-004491,ANL-026,2026-07-15 00:42:00,2026-07-15 00:43:24,1.4,User confirmed routine administrative task was authorized. No containment action needed. Closed.,1,1,False Positive,No
INV-02681,ALT-004610,ANL-023,2026-08-23 01:34:00,2026-08-23 01:36:18,2.3,Alert reviewed according to SOP checklist. No active malicious payload detected on endpoint. Ticket marked as false positive.,1,0,False Positive,No
INV-02697,ALT-004641,ANL-033,2026-07-30 14:58:00,2026-07-30 15:00:24,2.4,"Standard triage performed. Alert verified against host baseline. Host logs checked, dismissed as benign business operational activity.",2,0,False Positive,No
INV-02789,ALT-004781,ANL-026,2026-07-24 23:10:00,2026-07-24 23:13:06,3.1,Alert reviewed according to SOP checklist. No active malicious payload detected on endpoint. Ticket marked as false positive.,1,0,False Positive,No
INV-02801,ALT-004796,ANL-039,2026-07-17 17:10:00,2026-07-17 17:11:24,1.4,Alert reviewed according to SOP checklist. No active malicious payload detected on endpoint. Ticket marked as false positive.,1,1,False Positive,No
INV-02831,ALT-004839,ANL-024,2026-07-05 04:51:00,2026-07-05 04:53:36,2.6,Alert reviewed according to SOP checklist. No active malicious payload detected on endpoint. Ticket marked as false positive.,1,0,False Positive,No
INV-02850,ALT-004872,ANL-034,2026-07-08 17:23:00,2026-07-08 17:26:12,3.2,Alert reviewed according to SOP checklist. No active malicious payload detected on endpoint. Ticket marked as false positive.,1,0,False Positive,No
INV-02874,ALT-004912,ANL-023,2026-08-26 17:46:00,2026-08-26 17:48:18,2.3,"Standard triage performed. Alert verified against host baseline. Host logs checked, dismissed as benign business operational activity.",1,0,False Positive,No
INV-02894,ALT-004952,ANL-023,2026-08-21 14:06:00,2026-08-21 14:08:54,2.9,User confirmed routine administrative task was authorized. No containment action needed. Closed.,1,0,Benign True Positive,No
INV-02955,ALT-005050,ANL-038,2026-07-26 13:26:00,2026-07-26 13:29:24,3.4,Alert reviewed according to SOP checklist. No active malicious payload detected on endpoint. Ticket marked as false positive.,1,1,Benign True Positive,No
INV-02965,ALT-005063,ANL-030,2026-08-23 05:56:00,2026-08-23 05:59:18,3.3,User confirmed routine administrative task was authorized. No containment action needed. Closed.,1,0,False Positive,No
INV-02970,ALT-005068,ANL-038,2026-08-17 12:06:00,2026-08-17 12:09:36,3.6,User confirmed routine administrative task was authorized. No containment action needed. Closed.,1,0,False Positive,No
INV-02999,ALT-005116,ANL-023,2026-06-19 18:47:00,2026-06-19 18:49:42,2.7,"Standard triage performed. Alert verified against host baseline. Host logs checked, dismissed as benign business operational activity.",1,0,False Positive,No
INV-03026,ALT-005166,ANL-030,2026-08-27 19:03:00,2026-08-27 19:06:06,3.1,"Standard triage performed. Alert verified against host baseline. Host logs checked, dismissed as benign business operational activity.",1,0,False Positive,No
INV-03027,ALT-005168,ANL-031,2026-08-20 07:03:00,2026-08-20 07:06:36,3.6,Alert reviewed according to SOP checklist. No active malicious payload detected on endpoint. Ticket marked as false positive.,1,0,False Positive,No
INV-03029,ALT-005171,ANL-032,2026-08-02 12:09:00,2026-08-02 12:11:18,2.3,Alert reviewed according to SOP checklist. No active malicious payload detected on endpoint. Ticket marked as false positive.,1,0,False Positive,No
INV-03056,ALT-005219,ANL-031,2026-06-24 14:55:00,2026-06-24 14:56:12,1.2,Alert reviewed according to SOP checklist. No active malicious payload detected on endpoint. Ticket marked as false positive.,1,0,Benign True Positive,No
INV-03068,ALT-005241,ANL-039,2026-07-21 19:12:00,2026-07-21 19:14:36,2.6,"Standard triage performed. Alert verified against host baseline. Host logs checked, dismissed as benign business operational activity.",2,0,False Positive,No
INV-03078,ALT-005260,ANL-037,2026-09-05 07:19:00,2026-09-05 07:21:12,2.2,Alert reviewed according to SOP checklist. No active malicious payload detected on endpoint. Ticket marked as false positive.,1,0,Benign True Positive,No
INV-03084,ALT-005266,ANL-037,2026-07-02 23:41:00,2026-07-02 23:42:42,1.7,Alert reviewed according to SOP checklist. No active malicious payload detected on endpoint. Ticket marked as false positive.,2,0,False Positive,No
INV-03112,ALT-005315,ANL-031,2026-09-05 21:40:00,2026-09-05 21:41:36,1.6,"Standard triage performed. Alert verified against host baseline. Host logs checked, dismissed as benign business operational activity.",2,0,False Positive,No
INV-03114,ALT-005320,ANL-027,2026-07-29 03:04:00,2026-07-29 03:06:48,2.8,Alert reviewed according to SOP checklist. No active malicious payload detected on endpoint. Ticket marked as false positive.,1,0,Benign True Positive,No
INV-03134,ALT-005348,ANL-028,2026-06-17 07:20:00,2026-06-17 07:23:36,3.6,"Standard triage performed. Alert verified against host baseline. Host logs checked, dismissed as benign business operational activity.",1,0,False Positive,No
INV-03165,ALT-005396,ANL-032,2026-08-16 12:16:00,2026-08-16 12:19:36,3.6,"Standard triage performed. Alert verified against host baseline. Host logs checked, dismissed as benign business operational activity.",1,0,False Positive,No
INV-03172,ALT-005408,ANL-032,2026-08-14 22:20:00,2026-08-14 22:23:42,3.7,Alert reviewed according to SOP checklist. No active malicious payload detected on endpoint. Ticket marked as false positive.,1,1,False Positive,No
INV-03179,ALT-005420,ANL-036,2026-07-22 17:44:00,2026-07-22 17:45:30,1.5,"Standard triage performed. Alert verified against host baseline. Host logs checked, dismissed as benign business operational activity.",1,0,False Positive,No
INV-03187,ALT-005433,ANL-036,2026-08-06 03:37:00,2026-08-06 03:39:06,2.1,"Standard triage performed. Alert verified against host baseline. Host logs checked, dismissed as benign business operational activity.",1,0,False Positive,No
INV-03235,ALT-005518,ANL-037,2026-07-31 01:44:00,2026-07-31 01:47:06,3.1,User confirmed routine administrative task was authorized. No containment action needed. Closed.,1,0,False Positive,No
INV-03249,ALT-005541,ANL-039,2026-06-29 03:28:00,2026-06-29 03:29:48,1.8,User confirmed routine administrative task was authorized. No containment action needed. Closed.,1,0,False Positive,No
INV-03297,ALT-005614,ANL-027,2026-09-02 16:29:00,2026-09-02 16:32:06,3.1,User confirmed routine administrative task was authorized. No containment action needed. Closed.,1,0,Benign True Positive,No
INV-03320,ALT-005649,ANL-034,2026-06-23 19:05:00,2026-06-23 19:06:48,1.8,"Standard triage performed. Alert verified against host baseline. Host logs checked, dismissed as benign business operational activity.",1,0,Benign True Positive,No
INV-03328,ALT-005660,ANL-033,2026-06-15 09:32:00,2026-06-15 09:33:24,1.4,"Standard triage performed. Alert verified against host baseline. Host logs checked, dismissed as benign business operational activity.",1,1,False Positive,No
INV-03338,ALT-005681,ANL-025,2026-07-02 09:32:00,2026-07-02 09:35:00,3.0,User confirmed routine administrative task was authorized. No containment action needed. Closed.,1,0,False Positive,No
INV-03359,ALT-005707,ANL-026,2026-08-10 00:15:00,2026-08-10 00:16:42,1.7,Alert reviewed according to SOP checklist. No active malicious payload detected on endpoint. Ticket marked as false positive.,2,1,Benign True Positive,No
INV-03363,ALT-005716,ANL-023,2026-06-16 16:33:00,2026-06-16 16:35:18,2.3,Alert reviewed according to SOP checklist. No active malicious payload detected on endpoint. Ticket marked as false positive.,1,1,False Positive,No
INV-03370,ALT-005723,ANL-031,2026-09-08 04:51:00,2026-09-08 04:52:42,1.7,"Standard triage performed. Alert verified against host baseline. Host logs checked, dismissed as benign business operational activity.",1,0,False Positive,No
INV-03372,ALT-005727,ANL-024,2026-06-25 12:18:00,2026-06-25 12:20:42,2.7,Alert reviewed according to SOP checklist. No active malicious payload detected on endpoint. Ticket marked as false positive.,1,1,Benign True Positive,No
INV-03376,ALT-005740,ANL-040,2026-09-04 22:20:00,2026-09-04 22:22:18,2.3,Alert reviewed according to SOP checklist. No active malicious payload detected on endpoint. Ticket marked as false positive.,2,0,False Positive,No
INV-03379,ALT-005746,ANL-031,2026-08-07 17:10:00,2026-08-07 17:13:00,3.0,"Standard triage performed. Alert verified against host baseline. Host logs checked, dismissed as benign business operational activity.",1,0,False Positive,No
INV-03402,ALT-005782,ANL-025,2026-07-16 17:33:00,2026-07-16 17:35:42,2.7,"Standard triage performed. Alert verified against host baseline. Host logs checked, dismissed as benign business operational activity.",1,1,Benign True Positive,No
INV-03407,ALT-005792,ANL-032,2026-07-23 11:31:00,2026-07-23 11:34:24,3.4,"Standard triage performed. Alert verified against host baseline. Host logs checked, dismissed as benign business operational activity.",2,0,False Positive,No
INV-03448,ALT-005861,ANL-030,2026-09-05 02:00:00,2026-09-05 02:01:36,1.6,"Standard triage performed. Alert verified against host baseline. Host logs checked, dismissed as benign business operational activity.",1,1,False Positive,No
INV-03485,ALT-005928,ANL-028,2026-07-21 10:36:00,2026-07-21 10:38:12,2.2,Alert reviewed according to SOP checklist. No active malicious payload detected on endpoint. Ticket marked as false positive.,1,0,False Positive,No
INV-03497,ALT-005945,ANL-037,2026-06-28 21:25:00,2026-06-28 21:28:24,3.4,Alert reviewed according to SOP checklist. No active malicious payload detected on endpoint. Ticket marked as false positive.,1,0,False Positive,No
INV-03504,ALT-005961,ANL-032,2026-09-09 04:12:00,2026-09-09 04:15:18,3.3,Alert reviewed according to SOP checklist. No active malicious payload detected on endpoint. Ticket marked as false positive.,2,0,False Positive,No
INV-03512,ALT-005973,ANL-032,2026-07-08 04:01:00,2026-07-08 04:03:54,2.9,Alert reviewed according to SOP checklist. No active malicious payload detected on endpoint. Ticket marked as false positive.,1,0,False Positive,No
INV-03521,ALT-005987,ANL-025,2026-07-05 02:40:00,2026-07-05 02:41:54,1.9,User confirmed routine administrative task was authorized. No containment action needed. Closed.,1,1,False Positive,No
INV-03551,ALT-006031,ANL-035,2026-08-26 20:12:00,2026-08-26 20:13:36,1.6,Alert reviewed according to SOP checklist. No active malicious payload detected on endpoint. Ticket marked as false positive.,1,0,False Positive,No
INV-03570,ALT-006058,ANL-024,2026-07-23 05:31:00,2026-07-23 05:33:36,2.6,User confirmed routine administrative task was authorized. No containment action needed. Closed.,1,1,False Positive,No
INV-03587,ALT-006081,ANL-039,2026-08-12 14:37:00,2026-08-12 14:38:12,1.2,User confirmed routine administrative task was authorized. No containment action needed. Closed.,1,0,False Positive,No
INV-03607,ALT-006115,ANL-023,2026-07-15 13:35:00,2026-07-15 13:37:30,2.5,"Standard triage performed. Alert verified against host baseline. Host logs checked, dismissed as benign business operational activity.",1,0,False Positive,No
INV-03617,ALT-006126,ANL-024,2026-09-06 22:01:00,2026-09-06 22:02:24,1.4,Alert reviewed according to SOP checklist. No active malicious payload detected on endpoint. Ticket marked as false positive.,1,0,False Positive,No
INV-03619,ALT-006130,ANL-034,2026-07-27 08:25:00,2026-07-27 08:27:36,2.6,"Standard triage performed. Alert verified against host baseline. Host logs checked, dismissed as benign business operational activity.",1,0,False Positive,No
INV-03630,ALT-006149,ANL-030,2026-07-13 04:27:00,2026-07-13 04:30:00,3.0,"Standard triage performed. Alert verified against host baseline. Host logs checked, dismissed as benign business operational activity.",1,1,False Positive,No
INV-03657,ALT-006187,ANL-034,2026-06-18 01:02:00,2026-06-18 01:04:30,2.5,"Standard triage performed. Alert verified against host baseline. Host logs checked, dismissed as benign business operational activity.",1,0,False Positive,No
INV-03770,ALT-006358,ANL-030,2026-07-01 00:37:00,2026-07-01 00:40:18,3.3,Alert reviewed according to SOP checklist. No active malicious payload detected on endpoint. Ticket marked as false positive.,2,1,False Positive,No
INV-03773,ALT-006364,ANL-037,2026-07-12 22:32:00,2026-07-12 22:34:06,2.1,"Standard triage performed. Alert verified against host baseline. Host logs checked, dismissed as benign business operational activity.",1,1,False Positive,No
INV-03791,ALT-006397,ANL-032,2026-09-03 12:54:00,2026-09-03 12:55:24,1.4,"Standard triage performed. Alert verified against host baseline. Host logs checked, dismissed as benign business operational activity.",1,0,False Positive,No
INV-03796,ALT-006403,ANL-040,2026-07-20 18:06:00,2026-07-20 18:08:30,2.5,"Standard triage performed. Alert verified against host baseline. Host logs checked, dismissed as benign business operational activity.",1,0,False Positive,No
INV-03814,ALT-006434,ANL-032,2026-09-05 22:36:00,2026-09-05 22:37:24,1.4,Alert reviewed according to SOP checklist. No active malicious payload detected on endpoint. Ticket marked as false positive.,1,1,False Positive,No
INV-03822,ALT-006448,ANL-027,2026-08-05 17:32:00,2026-08-05 17:34:06,2.1,"Standard triage performed. Alert verified against host baseline. Host logs checked, dismissed as benign business operational activity.",2,1,False Positive,No
INV-03850,ALT-006494,ANL-023,2026-08-08 00:52:00,2026-08-08 00:55:18,3.3,User confirmed routine administrative task was authorized. No containment action needed. Closed.,1,0,False Positive,No
INV-03862,ALT-006511,ANL-029,2026-08-26 03:52:00,2026-08-26 03:55:24,3.4,Alert reviewed according to SOP checklist. No active malicious payload detected on endpoint. Ticket marked as false positive.,1,0,False Positive,No
INV-03918,ALT-006602,ANL-037,2026-06-16 04:29:00,2026-06-16 04:32:00,3.0,Alert reviewed according to SOP checklist. No active malicious payload detected on endpoint. Ticket marked as false positive.,2,1,False Positive,No
INV-03935,ALT-006627,ANL-035,2026-06-28 22:48:00,2026-06-28 22:50:42,2.7,User confirmed routine administrative task was authorized. No containment action needed. Closed.,1,0,Benign True Positive,No
INV-03941,ALT-006635,ANL-023,2026-06-27 07:53:00,2026-06-27 07:56:06,3.1,User confirmed routine administrative task was authorized. No containment action needed. Closed.,1,0,False Positive,No
INV-03990,ALT-006712,ANL-023,2026-09-04 16:23:00,2026-09-04 16:25:42,2.7,Alert reviewed according to SOP checklist. No active malicious payload detected on endpoint. Ticket marked as false positive.,1,0,False Positive,No
INV-04006,ALT-006732,ANL-027,2026-09-01 14:32:00,2026-09-01 14:33:42,1.7,Alert reviewed according to SOP checklist. No active malicious payload detected on endpoint. Ticket marked as false positive.,2,1,Benign True Positive,No
INV-04041,ALT-006790,ANL-040,2026-08-14 02:34:00,2026-08-14 02:36:24,2.4,Alert reviewed according to SOP checklist. No active malicious payload detected on endpoint. Ticket marked as false positive.,1,0,False Positive,No
INV-04045,ALT-006795,ANL-023,2026-07-13 16:03:00,2026-07-13 16:04:24,1.4,"Standard triage performed. Alert verified against host baseline. Host logs checked, dismissed as benign business operational activity.",1,0,False Positive,No
INV-04048,ALT-006801,ANL-028,2026-09-02 14:27:00,2026-09-02 14:30:48,3.8,"Standard triage performed. Alert verified against host baseline. Host logs checked, dismissed as benign business operational activity.",2,0,False Positive,No
INV-04049,ALT-006802,ANL-023,2026-07-13 07:03:00,2026-07-13 07:05:00,2.0,"Standard triage performed. Alert verified against host baseline. Host logs checked, dismissed as benign business operational activity.",1,0,Benign True Positive,No
INV-04065,ALT-006827,ANL-030,2026-07-20 02:59:00,2026-07-20 03:02:00,3.0,"Standard triage performed. Alert verified against host baseline. Host logs checked, dismissed as benign business operational activity.",1,0,False Positive,No
INV-04082,ALT-006863,ANL-034,2026-09-03 09:34:00,2026-09-03 09:36:30,2.5,Alert reviewed according to SOP checklist. No active malicious payload detected on endpoint. Ticket marked as false positive.,1,0,False Positive,No
INV-04098,ALT-006891,ANL-034,2026-08-26 20:04:00,2026-08-26 20:06:36,2.6,User confirmed routine administrative task was authorized. No containment action needed. Closed.,1,0,False Positive,No
INV-04109,ALT-006910,ANL-040,2026-09-02 05:03:00,2026-09-02 05:05:00,2.0,"Standard triage performed. Alert verified against host baseline. Host logs checked, dismissed as benign business operational activity.",1,1,Benign True Positive,No
INV-04130,ALT-006940,ANL-025,2026-07-30 21:23:00,2026-07-30 21:24:24,1.4,"Standard triage performed. Alert verified against host baseline. Host logs checked, dismissed as benign business operational activity.",2,0,False Positive,No
INV-04198,ALT-007067,ANL-023,2026-07-04 07:14:00,2026-07-04 07:15:54,1.9,"Standard triage performed. Alert verified against host baseline. Host logs checked, dismissed as benign business operational activity.",2,1,False Positive,No
INV-04272,ALT-007181,ANL-030,2026-07-05 22:22:00,2026-07-05 22:24:18,2.3,"Standard triage performed. Alert verified against host baseline. Host logs checked, dismissed as benign business operational activity.",2,0,False Positive,No
INV-04311,ALT-007244,ANL-042,2026-08-05 16:07:00,2026-08-05 16:08:00,1.0,No threat observed. Dismissed.,1,0,Dismissed - Routine,No
INV-04370,ALT-007338,ANL-050,2026-08-30 06:16:00,2026-08-30 06:17:42,1.7,Closed per quick check. False alarm.,0,0,Dismissed - Routine,No
INV-04377,ALT-007347,ANL-049,2026-07-03 22:27:00,2026-07-03 22:28:24,1.4,Cleared after quick glance. No anomaly.,1,0,Dismissed - Routine,No
INV-04381,ALT-007354,ANL-046,2026-07-29 04:46:00,2026-07-29 04:47:30,1.5,Brief review. Whitelisted activity.,0,0,Dismissed - Routine,No
INV-04382,ALT-007355,ANL-054,2026-06-22 10:04:00,2026-06-22 10:06:18,2.3,No threat observed. Dismissed.,1,0,Dismissed - Routine,No
INV-04409,ALT-007412,ANL-051,2026-07-02 10:28:00,2026-07-02 10:29:42,1.7,Cleared after quick glance. No anomaly.,0,0,Dismissed - Routine,No
INV-04418,ALT-007424,ANL-051,2026-09-07 10:16:00,2026-09-07 10:17:30,1.5,Brief review. Whitelisted activity.,0,0,Dismissed - Routine,No
INV-04422,ALT-007433,ANL-044,2026-06-12 12:26:00,2026-06-12 12:28:00,2.0,Brief review. Whitelisted activity.,0,0,Dismissed - Routine,No
INV-04451,ALT-007492,ANL-043,2026-08-13 02:14:00,2026-08-13 02:16:24,2.4,No threat observed. Dismissed.,0,0,Dismissed - Routine,No
INV-04462,ALT-007515,ANL-041,2026-07-14 18:57:00,2026-07-14 18:57:36,0.6,No threat observed. Dismissed.,0,0,Dismissed - Routine,No
INV-04463,ALT-007516,ANL-051,2026-08-22 15:47:00,2026-08-22 15:49:18,2.3,No threat observed. Dismissed.,0,0,Dismissed - Routine,No
INV-04479,ALT-007547,ANL-043,2026-07-06 02:05:00,2026-07-06 02:06:48,1.8,Brief review. Whitelisted activity.,0,0,Dismissed - Routine,No
INV-04500,ALT-007585,ANL-042,2026-07-24 15:19:00,2026-07-24 15:19:42,0.7,Closed per quick check. False alarm.,0,0,Dismissed - Routine,No
INV-04519,ALT-007618,ANL-044,2026-08-12 13:51:00,2026-08-12 13:51:48,0.8,No threat observed. Dismissed.,0,0,Dismissed - Routine,No
INV-04523,ALT-007623,ANL-050,2026-07-04 01:42:00,2026-07-04 01:44:06,2.1,Closed per quick check. False alarm.,0,0,Dismissed - Routine,No
INV-04531,ALT-007635,ANL-042,2026-06-22 20:51:00,2026-06-22 20:53:18,2.3,Closed per quick check. False alarm.,0,0,Dismissed - Routine,No
INV-04555,ALT-007670,ANL-041,2026-07-05 20:29:00,2026-07-05 20:30:36,1.6,Closed per quick check. False alarm.,0,0,Dismissed - Routine,No
INV-04577,ALT-007701,ANL-051,2026-06-13 13:26:00,2026-06-13 13:27:42,1.7,No threat observed. Dismissed.,0,0,Dismissed - Routine,No
INV-04625,ALT-007785,ANL-044,2026-07-20 11:04:00,2026-07-20 11:05:54,1.9,Cleared after quick glance. No anomaly.,1,0,Dismissed - Routine,No
INV-04692,ALT-007893,ANL-051,2026-07-13 05:01:00,2026-07-13 05:02:18,1.3,Cleared after quick glance. No anomaly.,0,0,Dismissed - Routine,No
INV-04698,ALT-007902,ANL-045,2026-09-07 21:28:00,2026-09-07 21:30:12,2.2,No threat observed. Dismissed.,1,0,Dismissed - Routine,No
INV-04742,ALT-007966,ANL-044,2026-07-21 17:29:00,2026-07-21 17:30:00,1.0,No threat observed. Dismissed.,0,0,Dismissed - Routine,No
INV-04797,ALT-008055,ANL-052,2026-07-31 18:31:00,2026-07-31 18:32:42,1.7,Cleared after quick glance. No anomaly.,0,0,Dismissed - Routine,No
INV-04885,ALT-008202,ANL-045,2026-07-15 10:45:00,2026-07-15 10:46:42,1.7,No threat observed. Dismissed.,0,0,Dismissed - Routine,No
INV-04921,ALT-008257,ANL-046,2026-06-13 15:37:00,2026-06-13 15:38:12,1.2,No threat observed. Dismissed.,1,0,Dismissed - Routine,No
INV-04928,ALT-008265,ANL-053,2026-07-01 18:25:00,2026-07-01 18:27:24,2.4,Cleared after quick glance. No anomaly.,0,0,Dismissed - Routine,No
INV-04971,ALT-008343,ANL-050,2026-08-08 15:23:00,2026-08-08 15:23:42,0.7,No threat observed. Dismissed.,1,0,Dismissed - Routine,No
INV-04972,ALT-008344,ANL-052,2026-08-20 09:43:00,2026-08-20 09:44:48,1.8,Closed per quick check. False alarm.,0,0,Dismissed - Routine,No
INV-04984,ALT-008366,ANL-055,2026-06-29 23:53:00,2026-06-29 23:54:36,1.6,Cleared after quick glance. No anomaly.,0,0,Dismissed - Routine,No
INV-05013,ALT-008412,ANL-047,2026-09-09 09:15:00,2026-09-09 09:16:36,1.6,Brief review. Whitelisted activity.,1,0,Dismissed - Routine,No
INV-05016,ALT-008415,ANL-053,2026-07-23 09:39:00,2026-07-23 09:40:42,1.7,Brief review. Whitelisted activity.,0,0,Dismissed - Routine,No
INV-05018,ALT-008417,ANL-054,2026-06-26 08:34:00,2026-06-26 08:35:48,1.8,No threat observed. Dismissed.,0,0,Dismissed - Routine,No
INV-05094,ALT-008541,ANL-050,2026-07-10 20:56:00,2026-07-10 20:57:24,1.4,No threat observed. Dismissed.,0,0,Dismissed - Routine,No
INV-05125,ALT-008603,ANL-048,2026-09-09 12:06:00,2026-09-09 12:07:42,1.7,No threat observed. Dismissed.,1,0,Dismissed - Routine,No
INV-05143,ALT-008637,ANL-052,2026-09-03 03:37:00,2026-09-03 03:38:06,1.1,Brief review. Whitelisted activity.,0,0,Dismissed - Routine,No
INV-05164,ALT-008676,ANL-049,2026-06-26 21:05:00,2026-06-26 21:06:42,1.7,Closed per quick check. False alarm.,1,0,Dismissed - Routine,No
INV-05181,ALT-008703,ANL-051,2026-08-28 08:51:00,2026-08-28 08:52:30,1.5,Cleared after quick glance. No anomaly.,0,0,Dismissed - Routine,No
INV-05203,ALT-008743,ANL-055,2026-07-10 14:03:00,2026-07-10 14:04:42,1.7,No threat observed. Dismissed.,0,0,Dismissed - Routine,No
INV-05240,ALT-008808,ANL-052,2026-08-14 06:36:00,2026-08-14 06:36:42,0.7,Cleared after quick glance. No anomaly.,0,0,Dismissed - Routine,No
INV-05282,ALT-008882,ANL-054,2026-06-26 22:44:00,2026-06-26 22:44:54,0.9,Closed per quick check. False alarm.,0,0,Dismissed - Routine,No
INV-05286,ALT-008892,ANL-045,2026-07-07 22:01:00,2026-07-07 22:01:54,0.9,Brief review. Whitelisted activity.,0,0,Dismissed - Routine,No
INV-05301,ALT-008910,ANL-052,2026-07-31 14:59:00,2026-07-31 15:00:48,1.8,No threat observed. Dismissed.,1,0,Dismissed - Routine,No
INV-05355,ALT-009006,ANL-054,2026-07-06 08:34:00,2026-07-06 08:36:00,2.0,Closed per quick check. False alarm.,0,0,Dismissed - Routine,No
INV-05381,ALT-009045,ANL-048,2026-07-17 11:44:00,2026-07-17 11:45:48,1.8,Brief review. Whitelisted activity.,0,0,Dismissed - Routine,No
INV-05420,ALT-009106,ANL-042,2026-09-04 11:55:00,2026-09-04 11:56:36,1.6,Closed per quick check. False alarm.,1,0,Dismissed - Routine,No
INV-05437,ALT-009132,ANL-054,2026-06-24 13:50:00,2026-06-24 13:51:54,1.9,Closed per quick check. False alarm.,0,0,Dismissed - Routine,No
INV-05448,ALT-009144,ANL-048,2026-09-03 06:58:00,2026-09-03 06:59:18,1.3,No threat observed. Dismissed.,1,0,Dismissed - Routine,No
INV-05455,ALT-009158,ANL-053,2026-07-24 21:27:00,2026-07-24 21:28:54,1.9,Cleared after quick glance. No anomaly.,0,0,Dismissed - Routine,No
INV-05500,ALT-009240,ANL-053,2026-06-12 21:20:00,2026-06-12 21:21:36,1.6,Closed per quick check. False alarm.,1,0,Dismissed - Routine,No
INV-05510,ALT-009258,ANL-050,2026-09-03 04:03:00,2026-09-03 04:03:54,0.9,Closed per quick check. False alarm.,1,0,Dismissed - Routine,No
INV-05511,ALT-009259,ANL-051,2026-07-10 14:44:00,2026-07-10 14:45:36,1.6,Closed per quick check. False alarm.,1,0,Dismissed - Routine,No
INV-05512,ALT-009260,ANL-042,2026-08-02 01:56:00,2026-08-02 01:58:00,2.0,Closed per quick check. False alarm.,0,0,Dismissed - Routine,No
INV-05516,ALT-009264,ANL-051,2026-07-13 02:15:00,2026-07-13 02:16:18,1.3,Cleared after quick glance. No anomaly.,1,0,Dismissed - Routine,No
INV-05524,ALT-009286,ANL-052,2026-06-21 17:44:00,2026-06-21 17:45:48,1.8,Closed per quick check. False alarm.,1,0,Dismissed - Routine,No
INV-05528,ALT-009294,ANL-053,2026-07-30 14:24:00,2026-07-30 14:24:42,0.7,Brief review. Whitelisted activity.,0,0,Dismissed - Routine,No
INV-05537,ALT-009305,ANL-049,2026-08-02 22:41:00,2026-08-02 22:43:18,2.3,Brief review. Whitelisted activity.,1,0,Dismissed - Routine,No
INV-05550,ALT-009333,ANL-049,2026-07-28 11:26:00,2026-07-28 11:28:06,2.1,Closed per quick check. False alarm.,1,0,Dismissed - Routine,No
INV-05572,ALT-009363,ANL-049,2026-08-08 08:49:00,2026-08-08 08:49:42,0.7,Brief review. Whitelisted activity.,0,0,Dismissed - Routine,No
INV-05607,ALT-009417,ANL-054,2026-07-04 04:37:00,2026-07-04 04:38:36,1.6,Brief review. Whitelisted activity.,0,0,Dismissed - Routine,No
INV-05639,ALT-009465,ANL-054,2026-06-19 22:34:00,2026-06-19 22:35:06,1.1,No threat observed. Dismissed.,1,0,Dismissed - Routine,No
INV-05642,ALT-009472,ANL-044,2026-07-03 04:06:00,2026-07-03 04:07:00,1.0,Cleared after quick glance. No anomaly.,0,0,Dismissed - Routine,No
INV-05659,ALT-009503,ANL-054,2026-07-02 15:33:00,2026-07-02 15:35:12,2.2,Closed per quick check. False alarm.,0,0,Dismissed - Routine,No
INV-05671,ALT-009519,ANL-051,2026-08-23 17:48:00,2026-08-23 17:48:36,0.6,Brief review. Whitelisted activity.,1,0,Dismissed - Routine,No
INV-05673,ALT-009521,ANL-054,2026-06-25 09:44:00,2026-06-25 09:46:06,2.1,Brief review. Whitelisted activity.,1,0,Dismissed - Routine,No
INV-05702,ALT-009568,ANL-049,2026-07-01 15:26:00,2026-07-01 15:28:24,2.4,Cleared after quick glance. No anomaly.,1,0,Dismissed - Routine,No
INV-05709,ALT-009576,ANL-042,2026-06-26 23:52:00,2026-06-26 23:53:24,1.4,Brief review. Whitelisted activity.,0,0,Dismissed - Routine,No
INV-05723,ALT-009594,ANL-042,2026-08-20 21:45:00,2026-08-20 21:46:00,1.0,No threat observed. Dismissed.,0,0,Dismissed - Routine,No
INV-05751,ALT-009641,ANL-043,2026-08-13 11:35:00,2026-08-13 11:36:42,1.7,Closed per quick check. False alarm.,0,0,Dismissed - Routine,No
INV-05763,ALT-009662,ANL-055,2026-08-12 09:29:00,2026-08-12 09:30:06,1.1,No threat observed. Dismissed.,0,0,Dismissed - Routine,No
INV-05784,ALT-009702,ANL-051,2026-07-12 15:16:00,2026-07-12 15:17:18,1.3,Brief review. Whitelisted activity.,1,0,Dismissed - Routine,No
INV-05789,ALT-009709,ANL-043,2026-06-25 14:33:00,2026-06-25 14:34:06,1.1,Cleared after quick glance. No anomaly.,0,0,Dismissed - Routine,No
INV-05799,ALT-009724,ANL-048,2026-08-29 11:10:00,2026-08-29 11:12:12,2.2,No threat observed. Dismissed.,1,0,Dismissed - Routine,No
INV-05899,ALT-009881,ANL-041,2026-08-20 00:38:00,2026-08-20 00:39:48,1.8,Cleared after quick glance. No anomaly.,0,0,Dismissed - Routine,No
INV-05902,ALT-009885,ANL-042,2026-07-27 15:01:00,2026-07-27 15:02:12,1.2,Closed per quick check. False alarm.,1,0,Dismissed - Routine,No
INV-05948,ALT-009960,ANL-047,2026-06-27 13:43:00,2026-06-27 13:44:06,1.1,Closed per quick check. False alarm.,0,0,Dismissed - Routine,No
INV-05968,ALT-009986,ANL-045,2026-07-12 20:39:00,2026-07-12 20:40:36,1.6,Cleared after quick glance. No anomaly.,1,0,Dismissed - Routine,No
INV-05975,ALT-009998,ANL-047,2026-07-14 11:03:00,2026-07-14 11:04:42,1.7,Brief review. Whitelisted activity.,0,0,Dismissed - Routine,No
INV-05977,ALT-010001,ANL-041,2026-07-22 12:05:00,2026-07-22 12:06:12,1.2,No threat observed. Dismissed.,0,0,Dismissed - Routine,No
INV-05996,ALT-010039,ANL-049,2026-08-09 02:23:00,2026-08-09 02:25:18,2.3,Closed per quick check. False alarm.,0,0,Dismissed - Routine,No
INV-06012,ALT-010062,ANL-043,2026-06-18 23:09:00,2026-06-18 23:11:12,2.2,Cleared after quick glance. No anomaly.,0,0,Dismissed - Routine,No
INV-06029,ALT-010090,ANL-046,2026-07-11 04:39:00,2026-07-11 04:40:30,1.5,Cleared after quick glance. No anomaly.,0,0,Dismissed - Routine,No
INV-06033,ALT-010094,ANL-043,2026-08-29 16:30:00,2026-08-29 16:31:00,1.0,No threat observed. Dismissed.,1,0,Dismissed - Routine,No
INV-06071,ALT-010147,ANL-051,2026-08-29 19:05:00,2026-08-29 19:07:00,2.0,Closed per quick check. False alarm.,0,0,Dismissed - Routine,No
INV-06073,ALT-010151,ANL-045,2026-06-18 16:36:00,2026-06-18 16:36:48,0.8,Brief review. Whitelisted activity.,0,0,Dismissed - Routine,No
INV-06087,ALT-010170,ANL-047,2026-07-24 16:45:00,2026-07-24 16:47:18,2.3,Closed per quick check. False alarm.,1,0,Dismissed - Routine,No
INV-06113,ALT-010211,ANL-049,2026-08-24 18:02:00,2026-08-24 18:04:12,2.2,Cleared after quick glance. No anomaly.,0,0,Dismissed - Routine,No
INV-06135,ALT-010248,ANL-043,2026-08-06 12:17:00,2026-08-06 12:19:12,2.2,Brief review. Whitelisted activity.,0,0,Dismissed - Routine,No
INV-06155,ALT-010285,ANL-043,2026-08-19 18:42:00,2026-08-19 18:43:54,1.9,Brief review. Whitelisted activity.,0,0,Dismissed - Routine,No
INV-06165,ALT-010303,ANL-070,2026-07-03 10:01:00,2026-07-03 10:05:30,4.5,Triage evaluation completed per playbook. Review indicators match documented known exception.,2,0,Resolved - Standard Process,No
INV-06167,ALT-010308,ANL-075,2026-08-23 13:45:00,2026-08-23 13:51:42,6.7,Triage evaluation completed per playbook. Review indicators match documented known exception.,1,1,Resolved - Standard Process,No
INV-06184,ALT-010331,ANL-066,2026-08-08 17:13:00,2026-08-08 17:18:36,5.6,Triage evaluation completed per playbook. Review indicators match documented known exception.,1,0,Resolved - Standard Process,No
INV-06221,ALT-010409,ANL-057,2026-09-03 13:42:00,2026-09-03 13:49:18,7.3,Triage evaluation completed per playbook. Review indicators match documented known exception.,1,1,Resolved - Standard Process,No
INV-06239,ALT-010438,ANL-061,2026-08-09 07:48:00,2026-08-09 07:55:42,7.7,Triage evaluation completed per playbook. Review indicators match documented known exception.,1,1,Resolved - Standard Process,No
INV-06262,ALT-010477,ANL-064,2026-07-01 02:37:00,2026-07-01 02:43:36,6.6,Triage evaluation completed per playbook. Review indicators match documented known exception.,2,1,Resolved - Standard Process,No
INV-06307,ALT-010542,ANL-056,2026-07-29 00:36:00,2026-07-29 00:43:06,7.1,Triage evaluation completed per playbook. Review indicators match documented known exception.,1,1,Resolved - Standard Process,No
INV-06319,ALT-010568,ANL-064,2026-06-18 22:11:00,2026-06-18 22:19:42,8.7,Triage evaluation completed per playbook. Review indicators match documented known exception.,2,0,Resolved - Standard Process,No
INV-06322,ALT-010572,ANL-063,2026-07-29 22:38:00,2026-07-29 22:46:06,8.1,Triage evaluation completed per playbook. Review indicators match documented known exception.,1,1,Resolved - Standard Process,No
INV-06366,ALT-010642,ANL-074,2026-08-19 03:29:00,2026-08-19 03:32:48,3.8,Triage evaluation completed per playbook. Review indicators match documented known exception.,2,0,Resolved - Standard Process,No
INV-06567,ALT-010987,ANL-058,2026-08-03 09:29:00,2026-08-03 09:38:00,9.0,Triage evaluation completed per playbook. Review indicators match documented known exception.,1,0,Resolved - Standard Process,No
INV-06570,ALT-010991,ANL-062,2026-09-02 07:29:00,2026-09-02 07:36:36,7.6,Triage evaluation completed per playbook. Review indicators match documented known exception.,1,1,Resolved - Standard Process,No
INV-06571,ALT-010992,ANL-058,2026-07-26 09:26:00,2026-07-26 09:33:42,7.7,Triage evaluation completed per playbook. Review indicators match documented known exception.,2,1,Resolved - Standard Process,No
INV-06590,ALT-011025,ANL-073,2026-08-05 10:07:00,2026-08-05 10:13:42,6.7,Triage evaluation completed per playbook. Review indicators match documented known exception.,1,0,Resolved - Standard Process,No
INV-06614,ALT-011062,ANL-062,2026-08-24 02:00:00,2026-08-24 02:08:36,8.6,Triage evaluation completed per playbook. Review indicators match documented known exception.,1,0,Resolved - Standard Process,No
INV-06621,ALT-011074,ANL-074,2026-08-19 14:10:00,2026-08-19 14:15:12,5.2,Triage evaluation completed per playbook. Review indicators match documented known exception.,2,1,Resolved - Standard Process,No
INV-06679,ALT-011169,ANL-065,2026-08-16 20:55:00,2026-08-16 21:01:54,6.9,Triage evaluation completed per playbook. Review indicators match documented known exception.,2,1,Resolved - Standard Process,No
INV-06718,ALT-011240,ANL-059,2026-08-03 13:41:00,2026-08-03 13:45:36,4.6,Triage evaluation completed per playbook. Review indicators match documented known exception.,1,0,Resolved - Standard Process,No
INV-06736,ALT-011266,ANL-072,2026-07-13 23:06:00,2026-07-13 23:14:42,8.7,Triage evaluation completed per playbook. Review indicators match documented known exception.,1,0,Resolved - Standard Process,No
INV-06764,ALT-011307,ANL-068,2026-08-20 03:09:00,2026-08-20 03:17:18,8.3,Triage evaluation completed per playbook. Review indicators match documented known exception.,2,0,Resolved - Standard Process,No
INV-06780,ALT-011329,ANL-069,2026-08-26 22:12:00,2026-08-26 22:16:18,4.3,Triage evaluation completed per playbook. Review indicators match documented known exception.,2,1,Resolved - Standard Process,No
INV-06850,ALT-011449,ANL-069,2026-08-13 18:44:00,2026-08-13 18:52:06,8.1,Triage evaluation completed per playbook. Review indicators match documented known exception.,1,1,Resolved - Standard Process,No
INV-06871,ALT-011480,ANL-074,2026-08-28 20:38:00,2026-08-28 20:42:54,4.9,Triage evaluation completed per playbook. Review indicators match documented known exception.,2,1,Resolved - Standard Process,No
INV-06876,ALT-011485,ANL-067,2026-07-07 22:16:00,2026-07-07 22:21:18,5.3,Triage evaluation completed per playbook. Review indicators match documented known exception.,2,1,Resolved - Standard Process,No
INV-06904,ALT-011527,ANL-067,2026-07-21 23:35:00,2026-07-21 23:38:54,3.9,Triage evaluation completed per playbook. Review indicators match documented known exception.,1,1,Resolved - Standard Process,No
INV-06915,ALT-011550,ANL-073,2026-08-03 16:24:00,2026-08-03 16:27:54,3.9,Triage evaluation completed per playbook. Review indicators match documented known exception.,2,1,Resolved - Standard Process,No
INV-06985,ALT-011657,ANL-066,2026-07-25 14:06:00,2026-07-25 14:13:06,7.1,Triage evaluation completed per playbook. Review indicators match documented known exception.,1,0,Resolved - Standard Process,No
INV-06990,ALT-011664,ANL-059,2026-06-25 17:13:00,2026-06-25 17:17:18,4.3,Triage evaluation completed per playbook. Review indicators match documented known exception.,2,1,Resolved - Standard Process,No
INV-07024,ALT-011717,ANL-062,2026-09-02 17:48:00,2026-09-02 17:53:48,5.8,Triage evaluation completed per playbook. Review indicators match documented known exception.,1,1,Resolved - Standard Process,No
INV-07026,ALT-011722,ANL-058,2026-06-13 03:59:00,2026-06-13 04:07:54,8.9,Triage evaluation completed per playbook. Review indicators match documented known exception.,1,0,Resolved - Standard Process,No
INV-07047,ALT-011754,ANL-068,2026-06-21 11:22:00,2026-06-21 11:28:36,6.6,Triage evaluation completed per playbook. Review indicators match documented known exception.,1,1,Resolved - Standard Process,No
INV-07053,ALT-011761,ANL-075,2026-07-24 15:18:00,2026-07-24 15:22:48,4.8,Triage evaluation completed per playbook. Review indicators match documented known exception.,2,0,Resolved - Standard Process,Yes
INV-07060,ALT-011777,ANL-063,2026-06-16 11:27:00,2026-06-16 11:36:00,9.0,Triage evaluation completed per playbook. Review indicators match documented known exception.,1,0,Resolved - Standard Process,No
INV-07075,ALT-011803,ANL-064,2026-08-23 23:26:00,2026-08-23 23:29:36,3.6,Triage evaluation completed per playbook. Review indicators match documented known exception.,2,0,Resolved - Standard Process,No
INV-07120,ALT-011877,ANL-067,2026-06-27 10:24:00,2026-06-27 10:28:54,4.9,Triage evaluation completed per playbook. Review indicators match documented known exception.,2,0,Resolved - Standard Process,Yes
INV-07134,ALT-011902,ANL-064,2026-06-24 13:48:00,2026-06-24 13:56:00,8.0,Triage evaluation completed per playbook. Review indicators match documented known exception.,2,0,Resolved - Standard Process,No
INV-07136,ALT-011906,ANL-069,2026-07-12 06:22:00,2026-07-12 06:30:06,8.1,Triage evaluation completed per playbook. Review indicators match documented known exception.,1,1,Resolved - Standard Process,No
INV-07149,ALT-011925,ANL-065,2026-07-25 01:38:00,2026-07-25 01:46:54,8.9,Triage evaluation completed per playbook. Review indicators match documented known exception.,2,1,Resolved - Standard Process,Yes
INV-07165,ALT-011960,ANL-068,2026-07-28 08:32:00,2026-07-28 08:38:00,6.0,Triage evaluation completed per playbook. Review indicators match documented known exception.,1,0,Resolved - Standard Process,Yes
INV-07226,ALT-012051,ANL-068,2026-06-28 21:31:00,2026-06-28 21:35:06,4.1,Triage evaluation completed per playbook. Review indicators match documented known exception.,1,0,Resolved - Standard Process,No
INV-07235,ALT-012065,ANL-066,2026-08-20 14:03:00,2026-08-20 14:07:54,4.9,Triage evaluation completed per playbook. Review indicators match documented known exception.,1,0,Resolved - Standard Process,No
INV-07261,ALT-012103,ANL-067,2026-08-09 17:57:00,2026-08-09 18:04:18,7.3,Triage evaluation completed per playbook. Review indicators match documented known exception.,1,1,Resolved - Standard Process,No
INV-07266,ALT-012111,ANL-063,2026-08-26 10:58:00,2026-08-26 11:04:00,6.0,Triage evaluation completed per playbook. Review indicators match documented known exception.,2,1,Resolved - Standard Process,No
INV-07310,ALT-012178,ANL-066,2026-07-02 21:34:00,2026-07-02 21:39:24,5.4,Triage evaluation completed per playbook. Review indicators match documented known exception.,1,0,Resolved - Standard Process,No
INV-07330,ALT-012208,ANL-058,2026-08-30 12:03:00,2026-08-30 12:09:24,6.4,Triage evaluation completed per playbook. Review indicators match documented known exception.,2,0,Resolved - Standard Process,No
INV-07350,ALT-012251,ANL-062,2026-09-02 05:28:00,2026-09-02 05:36:36,8.6,Triage evaluation completed per playbook. Review indicators match documented known exception.,2,1,Resolved - Standard Process,Yes
INV-07363,ALT-012272,ANL-071,2026-08-20 21:55:00,2026-08-20 22:00:00,5.0,Triage evaluation completed per playbook. Review indicators match documented known exception.,1,1,Resolved - Standard Process,No
INV-07364,ALT-012273,ANL-075,2026-07-06 00:30:00,2026-07-06 00:33:42,3.7,Triage evaluation completed per playbook. Review indicators match documented known exception.,2,0,Resolved - Standard Process,No
INV-07369,ALT-012279,ANL-073,2026-09-07 05:54:00,2026-09-07 05:59:54,5.9,Triage evaluation completed per playbook. Review indicators match documented known exception.,2,0,Resolved - Standard Process,Yes
INV-07382,ALT-012303,ANL-060,2026-07-05 12:20:00,2026-07-05 12:24:54,4.9,Triage evaluation completed per playbook. Review indicators match documented known exception.,1,1,Resolved - Standard Process,No
INV-07410,ALT-012356,ANL-056,2026-08-17 03:21:00,2026-08-17 03:27:48,6.8,Triage evaluation completed per playbook. Review indicators match documented known exception.,2,0,Resolved - Standard Process,No
INV-07483,ALT-012484,ANL-064,2026-08-29 15:55:00,2026-08-29 16:02:24,7.4,Triage evaluation completed per playbook. Review indicators match documented known exception.,1,1,Resolved - Standard Process,No
INV-07494,ALT-012502,ANL-059,2026-09-08 15:26:00,2026-09-08 15:34:06,8.1,Triage evaluation completed per playbook. Review indicators match documented known exception.,1,1,Resolved - Standard Process,No
INV-07506,ALT-012517,ANL-065,2026-09-10 03:39:00,2026-09-10 03:47:18,8.3,Triage evaluation completed per playbook. Review indicators match documented known exception.,2,0,Resolved - Standard Process,No
INV-07513,ALT-012528,ANL-064,2026-06-26 17:51:00,2026-06-26 17:59:48,8.8,Triage evaluation completed per playbook. Review indicators match documented known exception.,1,0,Resolved - Standard Process,No
INV-07539,ALT-012565,ANL-066,2026-07-06 06:17:00,2026-07-06 06:21:42,4.7,Triage evaluation completed per playbook. Review indicators match documented known exception.,1,0,Resolved - Standard Process,No
INV-07578,ALT-012629,ANL-056,2026-06-27 08:52:00,2026-06-27 08:56:00,4.0,Triage evaluation completed per playbook. Review indicators match documented known exception.,2,1,Resolved - Standard Process,No
INV-07580,ALT-012633,ANL-067,2026-08-07 19:52:00,2026-08-07 19:59:12,7.2,Triage evaluation completed per playbook. Review indicators match documented known exception.,1,1,Resolved - Standard Process,No
INV-07584,ALT-012643,ANL-059,2026-07-12 03:44:00,2026-07-12 03:51:18,7.3,Triage evaluation completed per playbook. Review indicators match documented known exception.,2,1,Resolved - Standard Process,No
INV-07591,ALT-012652,ANL-066,2026-06-20 10:46:00,2026-06-20 10:52:54,6.9,Triage evaluation completed per playbook. Review indicators match documented known exception.,1,1,Resolved - Standard Process,Yes
INV-07644,ALT-012752,ANL-060,2026-08-26 20:43:00,2026-08-26 20:48:36,5.6,Triage evaluation completed per playbook. Review indicators match documented known exception.,2,0,Resolved - Standard Process,No
INV-07670,ALT-012801,ANL-059,2026-09-09 00:48:00,2026-09-09 00:53:30,5.5,Triage evaluation completed per playbook. Review indicators match documented known exception.,2,0,Resolved - Standard Process,No
INV-07687,ALT-012826,ANL-062,2026-09-02 17:44:00,2026-09-02 17:48:48,4.8,Triage evaluation completed per playbook. Review indicators match documented known exception.,1,0,Resolved - Standard Process,No
INV-07689,ALT-012828,ANL-058,2026-06-13 06:24:00,2026-06-13 06:28:18,4.3,Triage evaluation completed per playbook. Review indicators match documented known exception.,1,0,Resolved - Standard Process,Yes
INV-07698,ALT-012844,ANL-066,2026-07-16 06:48:00,2026-07-16 06:56:30,8.5,Triage evaluation completed per playbook. Review indicators match documented known exception.,2,0,Resolved - Standard Process,No
INV-07736,ALT-012909,ANL-069,2026-08-25 13:06:00,2026-08-25 13:13:48,7.8,Triage evaluation completed per playbook. Review indicators match documented known exception.,2,0,Resolved - Standard Process,No
INV-07767,ALT-012969,ANL-071,2026-06-15 22:01:00,2026-06-15 22:05:06,4.1,Triage evaluation completed per playbook. Review indicators match documented known exception.,1,0,Resolved - Standard Process,Yes
INV-07787,ALT-013002,ANL-064,2026-08-01 20:05:00,2026-08-01 20:13:36,8.6,Triage evaluation completed per playbook. Review indicators match documented known exception.,1,0,Resolved - Standard Process,No
INV-07800,ALT-013026,ANL-061,2026-07-26 08:20:00,2026-07-26 08:27:00,7.0,Triage evaluation completed per playbook. Review indicators match documented known exception.,2,0,Resolved - Standard Process,No
INV-07811,ALT-013043,ANL-062,2026-06-25 11:34:00,2026-06-25 11:39:54,5.9,Triage evaluation completed per playbook. Review indicators match documented known exception.,1,0,Resolved - Standard Process,No
INV-07814,ALT-013050,ANL-072,2026-08-04 10:53:00,2026-08-04 10:59:54,6.9,Triage evaluation completed per playbook. Review indicators match documented known exception.,1,1,Resolved - Standard Process,No
INV-07856,ALT-013124,ANL-061,2026-07-11 21:55:00,2026-07-11 21:59:36,4.6,Triage evaluation completed per playbook. Review indicators match documented known exception.,1,1,Resolved - Standard Process,No
INV-07871,ALT-013151,ANL-060,2026-07-10 21:51:00,2026-07-10 21:59:48,8.8,Triage evaluation completed per playbook. Review indicators match documented known exception.,1,1,Resolved - Standard Process,No
INV-07903,ALT-013199,ANL-071,2026-06-22 12:39:00,2026-06-22 12:46:06,7.1,Triage evaluation completed per playbook. Review indicators match documented known exception.,2,1,Resolved - Standard Process,No
INV-07910,ALT-013208,ANL-069,2026-09-09 23:34:00,2026-09-09 23:39:36,5.6,Triage evaluation completed per playbook. Review indicators match documented known exception.,2,0,Resolved - Standard Process,No
INV-07927,ALT-013232,ANL-065,2026-08-02 07:41:00,2026-08-02 07:49:12,8.2,Triage evaluation completed per playbook. Review indicators match documented known exception.,1,0,Resolved - Standard Process,No
INV-07932,ALT-013242,ANL-067,2026-08-31 16:19:00,2026-08-31 16:25:42,6.7,Triage evaluation completed per playbook. Review indicators match documented known exception.,1,0,Resolved - Standard Process,No
INV-07988,ALT-013333,ANL-059,2026-08-27 13:40:00,2026-08-27 13:47:54,7.9,Triage evaluation completed per playbook. Review indicators match documented known exception.,1,1,Resolved - Standard Process,Yes
INV-08005,ALT-013363,ANL-070,2026-08-09 20:56:00,2026-08-09 21:01:54,5.9,Triage evaluation completed per playbook. Review indicators match documented known exception.,1,1,Resolved - Standard Process,No
INV-08026,ALT-013396,ANL-069,2026-07-01 18:07:00,2026-07-01 18:15:00,8.0,Triage evaluation completed per playbook. Review indicators match documented known exception.,1,1,Resolved - Standard Process,No
INV-08035,ALT-013408,ANL-062,2026-06-19 06:00:00,2026-06-19 06:05:48,5.8,Triage evaluation completed per playbook. Review indicators match documented known exception.,1,0,Resolved - Standard Process,No
INV-08077,ALT-013484,ANL-070,2026-08-12 23:09:00,2026-08-12 23:13:24,4.4,Triage evaluation completed per playbook. Review indicators match documented known exception.,2,0,Resolved - Standard Process,No
INV-08096,ALT-013515,ANL-060,2026-08-21 19:31:00,2026-08-21 19:35:42,4.7,Triage evaluation completed per playbook. Review indicators match documented known exception.,1,1,Resolved - Standard Process,No
INV-08099,ALT-013519,ANL-067,2026-06-29 07:51:00,2026-06-29 07:57:54,6.9,Triage evaluation completed per playbook. Review indicators match documented known exception.,2,0,Resolved - Standard Process,No
INV-08121,ALT-013557,ANL-065,2026-08-06 21:15:00,2026-08-06 21:22:06,7.1,Triage evaluation completed per playbook. Review indicators match documented known exception.,2,1,Resolved - Standard Process,No
INV-08127,ALT-013563,ANL-073,2026-07-05 20:56:00,2026-07-05 20:59:54,3.9,Triage evaluation completed per playbook. Review indicators match documented known exception.,1,1,Resolved - Standard Process,No
INV-08155,ALT-013621,ANL-075,2026-09-07 11:48:00,2026-09-07 11:55:12,7.2,Triage evaluation completed per playbook. Review indicators match documented known exception.,1,0,Resolved - Standard Process,No
INV-08170,ALT-013653,ANL-058,2026-06-28 15:11:00,2026-06-28 15:14:42,3.7,Triage evaluation completed per playbook. Review indicators match documented known exception.,2,0,Resolved - Standard Process,Yes
INV-08180,ALT-013667,ANL-075,2026-07-19 00:46:00,2026-07-19 00:50:30,4.5,Triage evaluation completed per playbook. Review indicators match documented known exception.,1,1,Resolved - Standard Process,No
INV-08183,ALT-013673,ANL-059,2026-08-03 17:46:00,2026-08-03 17:54:48,8.8,Triage evaluation completed per playbook. Review indicators match documented known exception.,2,1,Resolved - Standard Process,No
INV-08187,ALT-013678,ANL-065,2026-08-10 11:46:00,2026-08-10 11:50:54,4.9,Triage evaluation completed per playbook. Review indicators match documented known exception.,1,1,Resolved - Standard Process,No
INV-08192,ALT-013685,ANL-060,2026-08-15 21:48:00,2026-08-15 21:52:48,4.8,Triage evaluation completed per playbook. Review indicators match documented known exception.,1,1,Resolved - Standard Process,Yes
INV-08202,ALT-013708,ANL-064,2026-08-10 13:34:00,2026-08-10 13:38:18,4.3,Triage evaluation completed per playbook. Review indicators match documented known exception.,2,0,Resolved - Standard Process,No
INV-08214,ALT-013732,ANL-070,2026-08-04 00:38:00,2026-08-04 00:46:00,8.0,Triage evaluation completed per playbook. Review indicators match documented known exception.,1,1,Resolved - Standard Process,No
INV-08238,ALT-013767,ANL-067,2026-07-07 04:02:00,2026-07-07 04:08:18,6.3,Triage evaluation completed per playbook. Review indicators match documented known exception.,1,0,Resolved - Standard Process,Yes
INV-08287,ALT-013845,ANL-083,2026-07-21 23:08:00,2026-07-21 23:26:18,18.3,Investigated suspicious PowerShell invocation with base64 encoded command. Decoded payload revealed credential harvesting script. Credentials revoked and host quarantined.,5,3,Containment Verified,No
INV-08317,ALT-013903,ANL-081,2026-08-17 16:27:00,2026-08-17 17:02:30,35.5,Investigated suspicious PowerShell invocation with base64 encoded command. Decoded payload revealed credential harvesting script. Credentials revoked and host quarantined.,4,4,Containment Verified,Yes
INV-08328,ALT-013917,ANL-076,2026-06-22 07:47:00,2026-06-22 08:13:54,26.9,Triage initiated following telemetry trigger. Process tree analyzed down to parent PID. Network socket correlation confirmed outbound SSL beaconing to untrusted external IP. Host isolated pending escalation.,3,4,Benign Operation,No
INV-08331,ALT-013924,ANL-089,2026-08-19 23:29:00,2026-08-20 00:02:54,33.9,Validated alert with scheduled task audit. Discovered persistence backdoor under TaskScheduler. Scheduled task deleted and hash submitted for blacklisting.,3,3,Benign Operation,No
INV-08336,ALT-013933,ANL-083,2026-08-24 00:03:00,2026-08-24 00:20:24,17.4,Correlated firewall drop events with endpoint DNS query logs. Detected domain fronting attempt against CDN endpoint. Evidence artifacts and PCAP extract attached.,3,3,Benign Operation,No
INV-08353,ALT-013954,ANL-082,2026-07-02 03:10:00,2026-07-02 03:41:36,31.6,Correlated firewall drop events with endpoint DNS query logs. Detected domain fronting attempt against CDN endpoint. Evidence artifacts and PCAP extract attached.,5,3,Benign Operation,No
INV-08354,ALT-013955,ANL-086,2026-08-02 12:26:00,2026-08-02 12:58:30,32.5,Triage initiated following telemetry trigger. Process tree analyzed down to parent PID. Network socket correlation confirmed outbound SSL beaconing to untrusted external IP. Host isolated pending escalation.,4,4,Containment Verified,Yes
INV-08378,ALT-013996,ANL-089,2026-06-13 19:03:00,2026-06-13 19:21:00,18.0,Memory dump and Windows Event Log 4624/4625 scrutinized. Lateral movement attempt blocked by host firewall. Evidence artifacts securely archived in vault.,3,2,Benign Operation,No
INV-08385,ALT-014005,ANL-081,2026-07-25 14:51:00,2026-07-25 15:19:36,28.6,Investigated suspicious PowerShell invocation with base64 encoded command. Decoded payload revealed credential harvesting script. Credentials revoked and host quarantined.,3,4,Benign Operation,No
INV-08396,ALT-014024,ANL-079,2026-06-18 02:09:00,2026-06-18 02:32:18,23.3,Memory dump and Windows Event Log 4624/4625 scrutinized. Lateral movement attempt blocked by host firewall. Evidence artifacts securely archived in vault.,3,4,Benign Operation,No
INV-08451,ALT-014122,ANL-081,2026-08-19 05:26:00,2026-08-19 05:51:30,25.5,Investigated suspicious PowerShell invocation with base64 encoded command. Decoded payload revealed credential harvesting script. Credentials revoked and host quarantined.,4,3,Benign Operation,No
INV-08529,ALT-014251,ANL-089,2026-06-30 21:21:00,2026-06-30 21:55:36,34.6,Investigated suspicious PowerShell invocation with base64 encoded command. Decoded payload revealed credential harvesting script. Credentials revoked and host quarantined.,5,2,Containment Verified,Yes
INV-08540,ALT-014271,ANL-077,2026-07-15 12:47:00,2026-07-15 13:06:36,19.6,Investigated suspicious PowerShell invocation with base64 encoded command. Decoded payload revealed credential harvesting script. Credentials revoked and host quarantined.,5,2,Containment Verified,Yes
INV-08572,ALT-014325,ANL-087,2026-09-08 22:38:00,2026-09-08 23:00:24,22.4,Correlated firewall drop events with endpoint DNS query logs. Detected domain fronting attempt against CDN endpoint. Evidence artifacts and PCAP extract attached.,5,2,Benign Operation,No
INV-08615,ALT-014398,ANL-084,2026-09-10 05:03:00,2026-09-10 05:40:48,37.8,Investigated suspicious PowerShell invocation with base64 encoded command. Decoded payload revealed credential harvesting script. Credentials revoked and host quarantined.,4,3,Benign Operation,No
INV-08624,ALT-014409,ANL-086,2026-07-26 21:17:00,2026-07-26 21:32:00,15.0,Validated alert with scheduled task audit. Discovered persistence backdoor under TaskScheduler. Scheduled task deleted and hash submitted for blacklisting.,5,4,Containment Verified,Yes
INV-08632,ALT-014423,ANL-080,2026-08-23 23:51:00,2026-08-24 00:20:00,29.0,Investigated suspicious PowerShell invocation with base64 encoded command. Decoded payload revealed credential harvesting script. Credentials revoked and host quarantined.,3,4,Containment Verified,Yes
INV-08650,ALT-014448,ANL-087,2026-07-09 02:04:00,2026-07-09 02:20:36,16.6,Validated alert with scheduled task audit. Discovered persistence backdoor under TaskScheduler. Scheduled task deleted and hash submitted for blacklisting.,5,4,Benign Operation,No
INV-08651,ALT-014449,ANL-082,2026-08-29 02:39:00,2026-08-29 03:18:06,39.1,Investigated suspicious PowerShell invocation with base64 encoded command. Decoded payload revealed credential harvesting script. Credentials revoked and host quarantined.,3,2,Benign Operation,No
INV-08688,ALT-014510,ANL-077,2026-07-24 14:10:00,2026-07-24 14:49:18,39.3,Correlated firewall drop events with endpoint DNS query logs. Detected domain fronting attempt against CDN endpoint. Evidence artifacts and PCAP extract attached.,4,4,Benign Operation,No
INV-08697,ALT-014527,ANL-086,2026-07-04 10:57:00,2026-07-04 11:35:36,38.6,Validated alert with scheduled task audit. Discovered persistence backdoor under TaskScheduler. Scheduled task deleted and hash submitted for blacklisting.,4,2,Containment Verified,Yes
INV-08699,ALT-014530,ANL-082,2026-06-26 18:18:00,2026-06-26 18:34:24,16.4,Validated alert with scheduled task audit. Discovered persistence backdoor under TaskScheduler. Scheduled task deleted and hash submitted for blacklisting.,4,4,Containment Verified,No
INV-08733,ALT-014597,ANL-089,2026-07-16 20:27:00,2026-07-16 20:44:36,17.6,Correlated firewall drop events with endpoint DNS query logs. Detected domain fronting attempt against CDN endpoint. Evidence artifacts and PCAP extract attached.,4,3,Containment Verified,Yes
INV-08739,ALT-014607,ANL-086,2026-06-28 00:19:00,2026-06-28 00:48:18,29.3,Investigated suspicious PowerShell invocation with base64 encoded command. Decoded payload revealed credential harvesting script. Credentials revoked and host quarantined.,4,4,Containment Verified,Yes
INV-08776,ALT-014675,ANL-088,2026-06-16 23:04:00,2026-06-16 23:20:30,16.5,Validated alert with scheduled task audit. Discovered persistence backdoor under TaskScheduler. Scheduled task deleted and hash submitted for blacklisting.,4,3,Containment Verified,Yes
INV-08788,ALT-014694,ANL-080,2026-06-30 18:22:00,2026-06-30 18:58:36,36.6,Correlated firewall drop events with endpoint DNS query logs. Detected domain fronting attempt against CDN endpoint. Evidence artifacts and PCAP extract attached.,5,4,Containment Verified,No
INV-08799,ALT-014712,ANL-081,2026-06-22 11:40:00,2026-06-22 12:00:30,20.5,Correlated firewall drop events with endpoint DNS query logs. Detected domain fronting attempt against CDN endpoint. Evidence artifacts and PCAP extract attached.,4,3,Containment Verified,Yes
INV-08820,ALT-014744,ANL-087,2026-06-27 06:25:00,2026-06-27 07:02:12,37.2,Memory dump and Windows Event Log 4624/4625 scrutinized. Lateral movement attempt blocked by host firewall. Evidence artifacts securely archived in vault.,5,3,Containment Verified,No
INV-08824,ALT-014757,ANL-078,2026-07-15 19:06:00,2026-07-15 19:25:54,19.9,Memory dump and Windows Event Log 4624/4625 scrutinized. Lateral movement attempt blocked by host firewall. Evidence artifacts securely archived in vault.,3,2,Benign Operation,No
INV-08836,ALT-014773,ANL-088,2026-09-08 12:37:00,2026-09-08 13:07:06,30.1,Triage initiated following telemetry trigger. Process tree analyzed down to parent PID. Network socket correlation confirmed outbound SSL beaconing to untrusted external IP. Host isolated pending escalation.,4,3,Containment Verified,No
INV-08851,ALT-014802,ANL-080,2026-08-24 02:07:00,2026-08-24 02:32:18,25.3,Validated alert with scheduled task audit. Discovered persistence backdoor under TaskScheduler. Scheduled task deleted and hash submitted for blacklisting.,3,3,Containment Verified,Yes
INV-08876,ALT-014849,ANL-080,2026-07-28 21:20:00,2026-07-28 21:40:00,20.0,Memory dump and Windows Event Log 4624/4625 scrutinized. Lateral movement attempt blocked by host firewall. Evidence artifacts securely archived in vault.,3,2,Containment Verified,Yes
INV-08954,ALT-014972,ANL-081,2026-06-27 14:23:00,2026-06-27 14:42:12,19.2,Investigated suspicious PowerShell invocation with base64 encoded command. Decoded payload revealed credential harvesting script. Credentials revoked and host quarantined.,5,2,Benign Operation,No
INV-08967,ALT-014990,ANL-082,2026-06-26 16:42:00,2026-06-26 17:18:30,36.5,Validated alert with scheduled task audit. Discovered persistence backdoor under TaskScheduler. Scheduled task deleted and hash submitted for blacklisting.,5,3,Containment Verified,Yes
INV-08984,ALT-015015,ANL-079,2026-07-16 04:26:00,2026-07-16 04:57:18,31.3,Correlated firewall drop events with endpoint DNS query logs. Detected domain fronting attempt against CDN endpoint. Evidence artifacts and PCAP extract attached.,5,4,Containment Verified,Yes
INV-08986,ALT-015017,ANL-087,2026-08-03 17:15:00,2026-08-03 17:31:18,16.3,Triage initiated following telemetry trigger. Process tree analyzed down to parent PID. Network socket correlation confirmed outbound SSL beaconing to untrusted external IP. Host isolated pending escalation.,4,4,Containment Verified,Yes
INV-08993,ALT-015031,ANL-085,2026-07-11 21:06:00,2026-07-11 21:31:54,25.9,Correlated firewall drop events with endpoint DNS query logs. Detected domain fronting attempt against CDN endpoint. Evidence artifacts and PCAP extract attached.,3,4,Benign Operation,No
INV-09004,ALT-015049,ANL-083,2026-06-27 02:23:00,2026-06-27 02:42:48,19.8,Memory dump and Windows Event Log 4624/4625 scrutinized. Lateral movement attempt blocked by host firewall. Evidence artifacts securely archived in vault.,5,2,Benign Operation,No
INV-09046,ALT-015121,ANL-081,2026-08-04 21:39:00,2026-08-04 22:09:12,30.2,Memory dump and Windows Event Log 4624/4625 scrutinized. Lateral movement attempt blocked by host firewall. Evidence artifacts securely archived in vault.,3,4,Benign Operation,No
INV-09068,ALT-015164,ANL-081,2026-07-02 16:11:00,2026-07-02 16:37:00,26.0,Correlated firewall drop events with endpoint DNS query logs. Detected domain fronting attempt against CDN endpoint. Evidence artifacts and PCAP extract attached.,5,3,Benign Operation,No
INV-09090,ALT-015201,ANL-083,2026-09-04 13:17:00,2026-09-04 13:45:48,28.8,Correlated firewall drop events with endpoint DNS query logs. Detected domain fronting attempt against CDN endpoint. Evidence artifacts and PCAP extract attached.,4,3,Containment Verified,Yes
INV-09110,ALT-015239,ANL-087,2026-07-16 13:51:00,2026-07-16 14:28:00,37.0,Correlated firewall drop events with endpoint DNS query logs. Detected domain fronting attempt against CDN endpoint. Evidence artifacts and PCAP extract attached.,3,2,Containment Verified,Yes
INV-09114,ALT-015245,ANL-080,2026-07-14 03:28:00,2026-07-14 04:02:00,34.0,Triage initiated following telemetry trigger. Process tree analyzed down to parent PID. Network socket correlation confirmed outbound SSL beaconing to untrusted external IP. Host isolated pending escalation.,4,2,Containment Verified,Yes
INV-09130,ALT-015277,ANL-081,2026-08-10 22:22:00,2026-08-10 22:49:24,27.4,Correlated firewall drop events with endpoint DNS query logs. Detected domain fronting attempt against CDN endpoint. Evidence artifacts and PCAP extract attached.,4,2,Containment Verified,No
INV-09132,ALT-015279,ANL-088,2026-09-03 20:54:00,2026-09-03 21:08:06,14.1,Triage initiated following telemetry trigger. Process tree analyzed down to parent PID. Network socket correlation confirmed outbound SSL beaconing to untrusted external IP. Host isolated pending escalation.,5,2,Benign Operation,No
INV-09136,ALT-015288,ANL-084,2026-07-13 11:55:00,2026-07-13 12:10:48,15.8,Validated alert with scheduled task audit. Discovered persistence backdoor under TaskScheduler. Scheduled task deleted and hash submitted for blacklisting.,4,4,Benign Operation,No
INV-09185,ALT-015370,ANL-089,2026-08-23 05:29:00,2026-08-23 05:51:00,22.0,Triage initiated following telemetry trigger. Process tree analyzed down to parent PID. Network socket correlation confirmed outbound SSL beaconing to untrusted external IP. Host isolated pending escalation.,3,4,Benign Operation,No
INV-09196,ALT-015390,ANL-088,2026-07-23 16:40:00,2026-07-23 17:09:00,29.0,Triage initiated following telemetry trigger. Process tree analyzed down to parent PID. Network socket correlation confirmed outbound SSL beaconing to untrusted external IP. Host isolated pending escalation.,5,4,Benign Operation,No
INV-09217,ALT-015425,ANL-088,2026-07-23 21:52:00,2026-07-23 22:30:24,38.4,Correlated firewall drop events with endpoint DNS query logs. Detected domain fronting attempt against CDN endpoint. Evidence artifacts and PCAP extract attached.,4,4,Benign Operation,No
INV-09226,ALT-015437,ANL-086,2026-06-24 13:26:00,2026-06-24 13:43:06,17.1,Correlated firewall drop events with endpoint DNS query logs. Detected domain fronting attempt against CDN endpoint. Evidence artifacts and PCAP extract attached.,5,3,Containment Verified,Yes
INV-09238,ALT-015455,ANL-088,2026-08-03 03:00:00,2026-08-03 03:39:54,39.9,Validated alert with scheduled task audit. Discovered persistence backdoor under TaskScheduler. Scheduled task deleted and hash submitted for blacklisting.,4,2,Containment Verified,No
INV-09257,ALT-015497,ANL-080,2026-07-20 07:25:00,2026-07-20 07:43:06,18.1,Correlated firewall drop events with endpoint DNS query logs. Detected domain fronting attempt against CDN endpoint. Evidence artifacts and PCAP extract attached.,4,4,Benign Operation,No
INV-09277,ALT-015533,ANL-081,2026-08-12 20:28:00,2026-08-12 20:49:18,21.3,Triage initiated following telemetry trigger. Process tree analyzed down to parent PID. Network socket correlation confirmed outbound SSL beaconing to untrusted external IP. Host isolated pending escalation.,4,4,Containment Verified,Yes
INV-09280,ALT-015536,ANL-079,2026-07-07 15:07:00,2026-07-07 15:26:30,19.5,Validated alert with scheduled task audit. Discovered persistence backdoor under TaskScheduler. Scheduled task deleted and hash submitted for blacklisting.,3,4,Benign Operation,No
INV-09284,ALT-015543,ANL-088,2026-08-27 07:17:00,2026-08-27 07:47:24,30.4,Investigated suspicious PowerShell invocation with base64 encoded command. Decoded payload revealed credential harvesting script. Credentials revoked and host quarantined.,3,4,Benign Operation,No
INV-09308,ALT-015579,ANL-078,2026-08-11 04:52:00,2026-08-11 05:30:54,38.9,Memory dump and Windows Event Log 4624/4625 scrutinized. Lateral movement attempt blocked by host firewall. Evidence artifacts securely archived in vault.,4,4,Containment Verified,Yes
INV-09334,ALT-015624,ANL-088,2026-08-27 01:00:00,2026-08-27 01:17:18,17.3,Investigated suspicious PowerShell invocation with base64 encoded command. Decoded payload revealed credential harvesting script. Credentials revoked and host quarantined.,4,2,Containment Verified,Yes
INV-09336,ALT-015626,ANL-089,2026-08-12 18:08:00,2026-08-12 18:45:30,37.5,Investigated suspicious PowerShell invocation with base64 encoded command. Decoded payload revealed credential harvesting script. Credentials revoked and host quarantined.,4,2,Benign Operation,No
INV-09337,ALT-015627,ANL-077,2026-06-29 04:30:00,2026-06-29 04:54:00,24.0,Validated alert with scheduled task audit. Discovered persistence backdoor under TaskScheduler. Scheduled task deleted and hash submitted for blacklisting.,4,2,Benign Operation,No
INV-09403,ALT-015745,ANL-082,2026-08-23 21:19:00,2026-08-23 21:45:24,26.4,Triage initiated following telemetry trigger. Process tree analyzed down to parent PID. Network socket correlation confirmed outbound SSL beaconing to untrusted external IP. Host isolated pending escalation.,4,3,Benign Operation,No
INV-09412,ALT-015763,ANL-077,2026-07-21 05:02:00,2026-07-21 05:24:24,22.4,Triage initiated following telemetry trigger. Process tree analyzed down to parent PID. Network socket correlation confirmed outbound SSL beaconing to untrusted external IP. Host isolated pending escalation.,5,3,Containment Verified,No
INV-09414,ALT-015765,ANL-077,2026-07-28 05:31:00,2026-07-28 06:09:48,38.8,Validated alert with scheduled task audit. Discovered persistence backdoor under TaskScheduler. Scheduled task deleted and hash submitted for blacklisting.,4,3,Containment Verified,Yes
INV-09494,ALT-015905,ANL-080,2026-09-09 04:57:00,2026-09-09 05:29:18,32.3,Triage initiated following telemetry trigger. Process tree analyzed down to parent PID. Network socket correlation confirmed outbound SSL beaconing to untrusted external IP. Host isolated pending escalation.,5,4,Containment Verified,No
INV-09516,ALT-015933,ANL-077,2026-07-31 19:07:00,2026-07-31 19:21:48,14.8,Triage initiated following telemetry trigger. Process tree analyzed down to parent PID. Network socket correlation confirmed outbound SSL beaconing to untrusted external IP. Host isolated pending escalation.,4,4,Containment Verified,Yes
INV-09517,ALT-015934,ANL-086,2026-08-03 07:41:00,2026-08-03 08:03:06,22.1,Investigated suspicious PowerShell invocation with base64 encoded command. Decoded payload revealed credential harvesting script. Credentials revoked and host quarantined.,5,4,Containment Verified,No
INV-09529,ALT-015957,ANL-088,2026-06-17 19:50:00,2026-06-17 20:27:48,37.8,Triage initiated following telemetry trigger. Process tree analyzed down to parent PID. Network socket correlation confirmed outbound SSL beaconing to untrusted external IP. Host isolated pending escalation.,3,2,Benign Operation,No
INV-09535,ALT-015968,ANL-078,2026-08-20 18:26:00,2026-08-20 19:01:18,35.3,Correlated firewall drop events with endpoint DNS query logs. Detected domain fronting attempt against CDN endpoint. Evidence artifacts and PCAP extract attached.,4,3,Benign Operation,No
INV-09566,ALT-016021,ANL-086,2026-08-14 04:22:00,2026-08-14 04:50:54,28.9,Validated alert with scheduled task audit. Discovered persistence backdoor under TaskScheduler. Scheduled task deleted and hash submitted for blacklisting.,4,2,Containment Verified,Yes
INV-09573,ALT-016033,ANL-081,2026-09-02 04:30:00,2026-09-02 05:11:30,41.5,Memory dump and Windows Event Log 4624/4625 scrutinized. Lateral movement attempt blocked by host firewall. Evidence artifacts securely archived in vault.,5,4,Containment Verified,Yes
INV-09595,ALT-016064,ANL-083,2026-09-09 16:13:00,2026-09-09 16:31:24,18.4,Validated alert with scheduled task audit. Discovered persistence backdoor under TaskScheduler. Scheduled task deleted and hash submitted for blacklisting.,5,3,Benign Operation,No
INV-09619,ALT-016105,ANL-088,2026-06-25 08:27:00,2026-06-25 08:47:54,20.9,Correlated firewall drop events with endpoint DNS query logs. Detected domain fronting attempt against CDN endpoint. Evidence artifacts and PCAP extract attached.,4,4,Benign Operation,No
INV-09634,ALT-016131,ANL-087,2026-08-09 16:32:00,2026-08-09 16:46:12,14.2,Investigated suspicious PowerShell invocation with base64 encoded command. Decoded payload revealed credential harvesting script. Credentials revoked and host quarantined.,4,4,Containment Verified,Yes
INV-09649,ALT-016151,ANL-080,2026-07-21 06:14:00,2026-07-21 06:39:42,25.7,Triage initiated following telemetry trigger. Process tree analyzed down to parent PID. Network socket correlation confirmed outbound SSL beaconing to untrusted external IP. Host isolated pending escalation.,3,2,Containment Verified,Yes
INV-09650,ALT-016156,ANL-086,2026-07-08 06:39:00,2026-07-08 07:12:36,33.6,Correlated firewall drop events with endpoint DNS query logs. Detected domain fronting attempt against CDN endpoint. Evidence artifacts and PCAP extract attached.,5,2,Containment Verified,Yes
INV-09675,ALT-016199,ANL-079,2026-08-27 06:20:00,2026-08-27 06:50:24,30.4,Correlated firewall drop events with endpoint DNS query logs. Detected domain fronting attempt against CDN endpoint. Evidence artifacts and PCAP extract attached.,5,4,Containment Verified,Yes
INV-09742,ALT-016319,ANL-080,2026-07-12 00:18:00,2026-07-12 00:43:36,25.6,Triage initiated following telemetry trigger. Process tree analyzed down to parent PID. Network socket correlation confirmed outbound SSL beaconing to untrusted external IP. Host isolated pending escalation.,5,2,Benign Operation,No
INV-09747,ALT-016325,ANL-080,2026-08-17 13:01:00,2026-08-17 13:41:30,40.5,Investigated suspicious PowerShell invocation with base64 encoded command. Decoded payload revealed credential harvesting script. Credentials revoked and host quarantined.,3,4,Containment Verified,Yes
INV-09761,ALT-016350,ANL-079,2026-07-14 20:52:00,2026-07-14 21:33:30,41.5,Validated alert with scheduled task audit. Discovered persistence backdoor under TaskScheduler. Scheduled task deleted and hash submitted for blacklisting.,3,3,Containment Verified,No
INV-09833,ALT-016481,ANL-080,2026-07-22 17:18:00,2026-07-22 17:42:36,24.6,Correlated firewall drop events with endpoint DNS query logs. Detected domain fronting attempt against CDN endpoint. Evidence artifacts and PCAP extract attached.,4,4,Containment Verified,Yes
INV-09883,ALT-016556,ANL-088,2026-06-22 12:34:00,2026-06-22 12:50:00,16.0,Correlated firewall drop events with endpoint DNS query logs. Detected domain fronting attempt against CDN endpoint. Evidence artifacts and PCAP extract attached.,5,4,Containment Verified,No
INV-09907,ALT-016598,ANL-086,2026-07-06 00:04:00,2026-07-06 00:36:06,32.1,Validated alert with scheduled task audit. Discovered persistence backdoor under TaskScheduler. Scheduled task deleted and hash submitted for blacklisting.,4,2,Containment Verified,Yes
INV-09923,ALT-016629,ANL-086,2026-07-23 08:02:00,2026-07-23 08:42:36,40.6,Investigated suspicious PowerShell invocation with base64 encoded command. Decoded payload revealed credential harvesting script. Credentials revoked and host quarantined.,5,3,Containment Verified,Yes
INV-09942,ALT-016670,ANL-079,2026-06-17 20:52:00,2026-06-17 21:31:48,39.8,Memory dump and Windows Event Log 4624/4625 scrutinized. Lateral movement attempt blocked by host firewall. Evidence artifacts securely archived in vault.,4,2,Containment Verified,Yes
INV-09966,ALT-016711,ANL-098,2026-08-30 14:21:00,2026-08-30 14:58:54,37.9,Investigation carried out on alert telemetry. Escalation delayed due to shift turnover.,3,2,Closed Locally,No
INV-09967,ALT-016712,ANL-102,2026-08-12 23:31:00,2026-08-12 23:59:18,28.3,Investigation carried out on alert telemetry. Escalation delayed due to shift turnover.,3,2,Closed Locally,No
INV-09981,ALT-016735,ANL-105,2026-08-20 01:02:00,2026-08-20 01:20:54,18.9,Investigation carried out on alert telemetry. Escalation delayed due to shift turnover.,3,1,Escalated for Action,No
INV-09985,ALT-016741,ANL-090,2026-08-17 13:12:00,2026-08-17 13:36:30,24.5,Investigation carried out on alert telemetry. Escalation delayed due to shift turnover.,2,1,Escalated for Action,No
INV-09997,ALT-016762,ANL-100,2026-08-03 10:05:00,2026-08-03 10:39:12,34.2,Investigation carried out on alert telemetry. Escalation delayed due to shift turnover.,2,2,Escalated for Action,No
INV-10000,ALT-016769,ANL-096,2026-06-25 05:10:00,2026-06-25 05:45:06,35.1,Investigation carried out on alert telemetry. Escalation delayed due to shift turnover.,3,2,Escalated for Action,No
