escalation_id,alert_id,analyst_id,required,escalated_at,escalation_target,incident_id,status
ESC-0001,ALT-000001,ANL-002,Discretionary,2026-07-19 20:08:00,Lead Analyst,INC-2026002,Escalated
ESC-0002,ALT-000002,ANL-019,Discretionary,2026-07-06 17:42:00,Lead Analyst,INC-2026003,Escalated
ESC-0003,ALT-000006,ANL-020,Discretionary,2026-07-16 06:23:00,Lead Analyst,INC-2026004,Escalated
ESC-0004,ALT-000010,ANL-009,Yes,2026-06-23 21:15:00,Tier-2 CSIRT,INC-2026005,Escalated
ESC-0005,ALT-000011,ANL-015,Yes,2026-07-14 19:16:00,Tier-2 CSIRT,INC-2026006,Escalated
ESC-0006,ALT-000018,ANL-009,Discretionary,2026-08-05 08:28:00,Lead Analyst,INC-2026007,Escalated
ESC-0007,ALT-000019,ANL-015,Yes,2026-08-10 22:26:00,Tier-2 CSIRT,INC-2026008,Escalated
ESC-0008,ALT-000027,ANL-017,Yes,2026-07-29 22:18:00,Tier-2 CSIRT,INC-2026009,Escalated
ESC-0009,ALT-000032,ANL-006,Discretionary,2026-08-01 19:55:00,Lead Analyst,INC-2026010,Escalated
ESC-0010,ALT-000034,ANL-011,Yes,2026-07-11 08:02:00,Tier-2 CSIRT,INC-2026011,Escalated
ESC-0011,ALT-000039,ANL-021,Discretionary,2026-07-26 14:14:00,Lead Analyst,INC-2026012,Escalated
ESC-0012,ALT-000042,ANL-011,Discretionary,2026-07-19 23:51:00,Lead Analyst,INC-2026013,Escalated
ESC-0013,ALT-000043,ANL-011,Yes,2026-08-30 03:34:00,Tier-2 CSIRT,INC-2026014,Escalated
ESC-0014,ALT-000044,ANL-001,Yes,2026-07-20 15:00:00,Tier-2 CSIRT,INC-2026015,Escalated
ESC-0015,ALT-000045,ANL-006,Discretionary,2026-07-26 02:01:00,Lead Analyst,INC-2026016,Escalated
ESC-0016,ALT-000052,ANL-022,Discretionary,2026-06-15 06:30:00,Lead Analyst,INC-2026017,Escalated
ESC-0017,ALT-000056,ANL-011,Yes,2026-06-29 21:02:00,Tier-2 CSIRT,INC-2026018,Escalated
ESC-0018,ALT-000062,ANL-001,Discretionary,2026-08-06 09:06:00,Lead Analyst,INC-2026019,Escalated
ESC-0019,ALT-000066,ANL-003,Discretionary,2026-07-23 04:58:00,Lead Analyst,INC-2026020,Escalated
ESC-0020,ALT-000070,ANL-018,Discretionary,2026-09-03 22:18:00,Lead Analyst,INC-2026021,Escalated
ESC-0021,ALT-000080,ANL-022,Discretionary,2026-07-14 19:09:00,Lead Analyst,INC-2026022,Escalated
ESC-0022,ALT-000083,ANL-022,Discretionary,2026-08-18 16:25:00,Lead Analyst,INC-2026023,Escalated
ESC-0023,ALT-000087,ANL-008,Yes,2026-08-20 23:27:00,Tier-2 CSIRT,INC-2026024,Escalated
ESC-0024,ALT-000092,ANL-022,Yes,2026-09-07 23:04:00,Tier-2 CSIRT,INC-2026025,Escalated
ESC-0025,ALT-000097,ANL-012,Yes,2026-09-01 06:33:00,Tier-2 CSIRT,INC-2026026,Escalated
ESC-0026,ALT-000102,ANL-020,Discretionary,2026-08-09 12:20:00,Lead Analyst,INC-2026027,Escalated
ESC-0027,ALT-000103,ANL-017,Discretionary,2026-09-07 18:15:00,Lead Analyst,INC-2026028,Escalated
ESC-0028,ALT-000105,ANL-021,Discretionary,2026-06-25 15:05:00,Lead Analyst,INC-2026029,Escalated
ESC-0029,ALT-000115,ANL-022,Yes,2026-06-23 13:48:00,Tier-2 CSIRT,INC-2026030,Escalated
ESC-0030,ALT-000124,ANL-003,Yes,2026-06-16 21:36:00,Tier-2 CSIRT,INC-2026031,Escalated
ESC-0031,ALT-000127,ANL-001,Yes,2026-08-29 08:31:00,Tier-2 CSIRT,INC-2026032,Escalated
ESC-0032,ALT-000136,ANL-015,Discretionary,2026-08-07 07:57:00,Lead Analyst,INC-2026033,Escalated
ESC-0033,ALT-000138,ANL-011,Yes,2026-08-27 03:09:00,Tier-2 CSIRT,INC-2026034,Escalated
ESC-0034,ALT-000145,ANL-017,Discretionary,2026-08-03 05:20:00,Lead Analyst,INC-2026035,Escalated
ESC-0035,ALT-000147,ANL-021,Yes,2026-06-17 04:36:00,Tier-2 CSIRT,INC-2026036,Escalated
ESC-0036,ALT-000153,ANL-013,Discretionary,2026-06-30 16:53:00,Lead Analyst,INC-2026037,Escalated
ESC-0037,ALT-000155,ANL-017,Yes,2026-09-05 16:36:00,Tier-2 CSIRT,INC-2026038,Escalated
ESC-0038,ALT-000156,ANL-019,Discretionary,2026-08-02 09:50:00,Lead Analyst,INC-2026039,Escalated
ESC-0039,ALT-000161,ANL-016,Discretionary,2026-08-02 04:22:00,Lead Analyst,INC-2026040,Escalated
ESC-0040,ALT-000164,ANL-008,Yes,2026-07-23 04:41:00,Tier-2 CSIRT,INC-2026041,Escalated
ESC-0041,ALT-000168,ANL-019,Discretionary,2026-07-26 06:04:00,Lead Analyst,INC-2026042,Escalated
ESC-0042,ALT-000170,ANL-004,Discretionary,2026-08-30 18:39:00,Lead Analyst,INC-2026043,Escalated
ESC-0043,ALT-000177,ANL-002,Yes,2026-07-19 12:50:00,Tier-2 CSIRT,INC-2026044,Escalated
ESC-0044,ALT-000187,ANL-022,Yes,2026-06-19 02:19:00,Tier-2 CSIRT,INC-2026045,Escalated
ESC-0045,ALT-000189,ANL-004,Discretionary,2026-08-12 15:50:00,Lead Analyst,INC-2026046,Escalated
ESC-0046,ALT-000200,ANL-013,Yes,2026-08-19 08:25:00,Tier-2 CSIRT,INC-2026047,Escalated
ESC-0047,ALT-000203,ANL-009,Yes,2026-06-30 12:14:00,Tier-2 CSIRT,INC-2026048,Escalated
ESC-0048,ALT-000204,ANL-001,Yes,2026-08-11 17:57:00,Tier-2 CSIRT,INC-2026049,Escalated
ESC-0049,ALT-000206,ANL-020,Discretionary,2026-08-29 11:29:00,Lead Analyst,INC-2026050,Escalated
ESC-0050,ALT-000208,ANL-004,Discretionary,2026-07-23 16:36:00,Lead Analyst,INC-2026051,Escalated
ESC-0051,ALT-000213,ANL-019,Yes,2026-06-30 09:13:00,Tier-2 CSIRT,INC-2026052,Escalated
ESC-0052,ALT-000214,ANL-005,Discretionary,2026-09-02 17:29:00,Lead Analyst,INC-2026053,Escalated
ESC-0053,ALT-000215,ANL-011,Discretionary,2026-08-05 18:34:00,Lead Analyst,INC-2026054,Escalated
ESC-0054,ALT-000217,ANL-011,Yes,2026-06-23 00:54:00,Tier-2 CSIRT,INC-2026055,Escalated
ESC-0055,ALT-000218,ANL-010,Discretionary,2026-07-01 19:48:00,Lead Analyst,INC-2026056,Escalated
ESC-0056,ALT-000226,ANL-018,Yes,2026-07-17 16:23:00,Tier-2 CSIRT,INC-2026057,Escalated
ESC-0057,ALT-000229,ANL-015,Yes,2026-08-07 05:12:00,Tier-2 CSIRT,INC-2026058,Escalated
ESC-0058,ALT-000236,ANL-005,Yes,2026-08-27 06:15:00,Tier-2 CSIRT,INC-2026059,Escalated
ESC-0059,ALT-000239,ANL-013,Yes,2026-06-27 04:24:00,Tier-2 CSIRT,INC-2026060,Escalated
ESC-0060,ALT-000252,ANL-003,Discretionary,2026-06-21 07:35:00,Lead Analyst,INC-2026061,Escalated
ESC-0061,ALT-000255,ANL-011,Discretionary,2026-07-22 03:03:00,Lead Analyst,INC-2026062,Escalated
ESC-0062,ALT-000256,ANL-012,Yes,2026-07-30 02:40:00,Tier-2 CSIRT,INC-2026063,Escalated
ESC-0063,ALT-000257,ANL-011,Discretionary,2026-07-04 15:36:00,Lead Analyst,INC-2026064,Escalated
ESC-0064,ALT-000258,ANL-010,Discretionary,2026-08-04 22:41:00,Lead Analyst,INC-2026065,Escalated
ESC-0065,ALT-000261,ANL-003,Discretionary,2026-07-20 06:27:00,Lead Analyst,INC-2026066,Escalated
ESC-0066,ALT-000268,ANL-002,Yes,2026-07-22 01:28:00,Tier-2 CSIRT,INC-2026067,Escalated
ESC-0067,ALT-000270,ANL-008,Discretionary,2026-09-04 08:42:00,Lead Analyst,INC-2026068,Escalated
ESC-0068,ALT-000271,ANL-004,Yes,2026-08-06 13:25:00,Tier-2 CSIRT,INC-2026069,Escalated
ESC-0069,ALT-000273,ANL-019,Yes,2026-07-12 16:14:00,Tier-2 CSIRT,INC-2026070,Escalated
ESC-0070,ALT-000277,ANL-011,Yes,2026-07-10 02:46:00,Tier-2 CSIRT,INC-2026071,Escalated
ESC-0071,ALT-000278,ANL-014,Yes,2026-09-02 17:58:00,Tier-2 CSIRT,INC-2026072,Escalated
ESC-0072,ALT-000279,ANL-005,Yes,2026-08-02 02:24:00,Tier-2 CSIRT,INC-2026073,Escalated
ESC-0073,ALT-000280,ANL-013,Discretionary,2026-07-11 12:11:00,Lead Analyst,INC-2026074,Escalated
ESC-0074,ALT-000281,ANL-005,Discretionary,2026-08-26 10:05:00,Lead Analyst,INC-2026075,Escalated
ESC-0075,ALT-000285,ANL-020,Discretionary,2026-08-07 00:17:00,Lead Analyst,INC-2026076,Escalated
ESC-0076,ALT-000302,ANL-003,Yes,2026-07-02 10:44:00,Tier-2 CSIRT,INC-2026077,Escalated
ESC-0077,ALT-000304,ANL-006,Discretionary,2026-06-13 03:44:00,Lead Analyst,INC-2026078,Escalated
ESC-0078,ALT-000306,ANL-010,Discretionary,2026-09-06 06:02:00,Lead Analyst,INC-2026079,Escalated
ESC-0079,ALT-000308,ANL-021,Yes,2026-07-18 10:04:00,Tier-2 CSIRT,INC-2026080,Escalated
ESC-0080,ALT-000318,ANL-019,Discretionary,2026-06-20 04:22:00,Lead Analyst,INC-2026081,Escalated
ESC-0081,ALT-000323,ANL-010,Yes,2026-06-12 09:23:00,Tier-2 CSIRT,INC-2026082,Escalated
ESC-0082,ALT-000333,ANL-022,Yes,2026-06-21 09:58:00,Tier-2 CSIRT,INC-2026083,Escalated
ESC-0083,ALT-000336,ANL-015,Yes,2026-08-04 17:02:00,Tier-2 CSIRT,INC-2026084,Escalated
ESC-0084,ALT-000346,ANL-003,Yes,2026-08-23 18:07:00,Tier-2 CSIRT,INC-2026085,Escalated
ESC-0085,ALT-000348,ANL-021,Yes,2026-08-25 05:37:00,Tier-2 CSIRT,INC-2026086,Escalated
ESC-0086,ALT-000350,ANL-001,Discretionary,2026-08-01 17:07:00,Lead Analyst,INC-2026087,Escalated
ESC-0087,ALT-000352,ANL-004,Discretionary,2026-09-07 19:38:00,Lead Analyst,INC-2026088,Escalated
ESC-0088,ALT-000356,ANL-020,Discretionary,2026-08-12 14:11:00,Lead Analyst,INC-2026089,Escalated
ESC-0089,ALT-000360,ANL-012,Discretionary,2026-06-23 01:45:00,Lead Analyst,INC-2026090,Escalated
ESC-0090,ALT-000368,ANL-018,Yes,2026-09-06 06:20:00,Tier-2 CSIRT,INC-2026091,Escalated
ESC-0091,ALT-000369,ANL-010,Discretionary,2026-06-29 00:56:00,Lead Analyst,INC-2026092,Escalated
ESC-0092,ALT-000373,ANL-004,Discretionary,2026-07-02 16:06:00,Lead Analyst,INC-2026093,Escalated
ESC-0093,ALT-000374,ANL-013,Discretionary,2026-06-23 06:41:00,Lead Analyst,INC-2026094,Escalated
ESC-0094,ALT-000377,ANL-018,Yes,2026-07-16 13:02:00,Tier-2 CSIRT,INC-2026095,Escalated
ESC-0095,ALT-000378,ANL-017,Discretionary,2026-06-13 03:30:00,Lead Analyst,INC-2026096,Escalated
ESC-0096,ALT-000380,ANL-003,Yes,2026-09-08 12:06:00,Tier-2 CSIRT,INC-2026097,Escalated
ESC-0097,ALT-000386,ANL-014,Discretionary,2026-08-31 18:57:00,Lead Analyst,INC-2026098,Escalated
ESC-0098,ALT-000387,ANL-005,Discretionary,2026-07-28 10:27:00,Lead Analyst,INC-2026099,Escalated
ESC-0099,ALT-000392,ANL-009,Discretionary,2026-08-05 10:01:00,Lead Analyst,INC-2026100,Escalated
ESC-0100,ALT-000393,ANL-002,Yes,2026-07-10 19:49:00,Tier-2 CSIRT,INC-2026101,Escalated
ESC-0101,ALT-000398,ANL-013,Discretionary,2026-06-13 14:07:00,Lead Analyst,INC-2026102,Escalated
ESC-0102,ALT-000399,ANL-004,Discretionary,2026-07-28 05:53:00,Lead Analyst,INC-2026103,Escalated
ESC-0103,ALT-000401,ANL-009,Yes,2026-06-17 17:29:00,Tier-2 CSIRT,INC-2026104,Escalated
ESC-0104,ALT-000405,ANL-013,Yes,2026-08-25 10:28:00,Tier-2 CSIRT,INC-2026105,Escalated
ESC-0105,ALT-000411,ANL-006,Yes,2026-08-14 00:01:00,Tier-2 CSIRT,INC-2026106,Escalated
ESC-0106,ALT-000412,ANL-004,Discretionary,2026-07-08 15:47:00,Lead Analyst,INC-2026107,Escalated
ESC-0107,ALT-000422,ANL-008,Discretionary,2026-06-15 02:56:00,Lead Analyst,INC-2026108,Escalated
ESC-0108,ALT-000428,ANL-005,Yes,2026-08-19 11:31:00,Tier-2 CSIRT,INC-2026109,Escalated
ESC-0109,ALT-000430,ANL-001,Discretionary,2026-08-23 14:35:00,Lead Analyst,INC-2026110,Escalated
ESC-0110,ALT-000431,ANL-010,Yes,2026-07-01 13:18:00,Tier-2 CSIRT,INC-2026111,Escalated
ESC-0111,ALT-000434,ANL-008,Yes,2026-08-12 20:19:00,Tier-2 CSIRT,INC-2026112,Escalated
ESC-0112,ALT-000442,ANL-011,Discretionary,2026-07-02 12:30:00,Lead Analyst,INC-2026113,Escalated
ESC-0113,ALT-000444,ANL-001,Discretionary,2026-09-04 04:52:00,Lead Analyst,INC-2026114,Escalated
ESC-0114,ALT-000448,ANL-017,Discretionary,2026-07-31 03:54:00,Lead Analyst,INC-2026115,Escalated
ESC-0115,ALT-000449,ANL-003,Discretionary,2026-08-28 06:35:00,Lead Analyst,INC-2026116,Escalated
ESC-0116,ALT-000460,ANL-007,Yes,2026-06-12 14:29:00,Tier-2 CSIRT,INC-2026117,Escalated
ESC-0117,ALT-000466,ANL-011,Yes,2026-07-14 07:56:00,Tier-2 CSIRT,INC-2026118,Escalated
ESC-0118,ALT-000472,ANL-008,Discretionary,2026-08-05 16:32:00,Lead Analyst,INC-2026119,Escalated
ESC-0119,ALT-000473,ANL-020,Yes,2026-06-30 09:51:00,Tier-2 CSIRT,INC-2026120,Escalated
ESC-0120,ALT-000474,ANL-015,Discretionary,2026-08-30 19:53:00,Lead Analyst,INC-2026121,Escalated
ESC-0121,ALT-000480,ANL-013,Yes,2026-08-03 21:58:00,Tier-2 CSIRT,INC-2026122,Escalated
ESC-0122,ALT-000482,ANL-001,Discretionary,2026-07-04 03:17:00,Lead Analyst,INC-2026123,Escalated
ESC-0123,ALT-000483,ANL-018,Discretionary,2026-08-25 14:58:00,Lead Analyst,INC-2026124,Escalated
ESC-0124,ALT-000484,ANL-020,Yes,2026-08-25 20:39:00,Tier-2 CSIRT,INC-2026125,Escalated
ESC-0125,ALT-000489,ANL-010,Discretionary,2026-08-01 14:49:00,Lead Analyst,INC-2026126,Escalated
ESC-0126,ALT-000496,ANL-022,Yes,2026-06-13 19:15:00,Tier-2 CSIRT,INC-2026127,Escalated
ESC-0127,ALT-000498,ANL-022,Yes,2026-07-13 21:27:00,Tier-2 CSIRT,INC-2026128,Escalated
ESC-0128,ALT-000506,ANL-004,Discretionary,2026-06-15 03:35:00,Lead Analyst,INC-2026129,Escalated
ESC-0129,ALT-000510,ANL-006,Yes,2026-06-19 06:31:00,Tier-2 CSIRT,INC-2026130,Escalated
ESC-0130,ALT-000513,ANL-008,Discretionary,2026-06-28 16:07:00,Lead Analyst,INC-2026131,Escalated
ESC-0131,ALT-000515,ANL-006,Yes,2026-08-28 16:29:00,Tier-2 CSIRT,INC-2026132,Escalated
ESC-0132,ALT-000519,ANL-021,Discretionary,2026-07-11 14:06:00,Lead Analyst,INC-2026133,Escalated
ESC-0133,ALT-000520,ANL-011,Yes,2026-08-30 07:38:00,Tier-2 CSIRT,INC-2026134,Escalated
ESC-0134,ALT-000529,ANL-017,Yes,2026-08-23 12:27:00,Tier-2 CSIRT,INC-2026135,Escalated
ESC-0135,ALT-000532,ANL-021,Discretionary,2026-06-15 23:46:00,Lead Analyst,INC-2026136,Escalated
ESC-0136,ALT-000534,ANL-006,Discretionary,2026-06-20 09:33:00,Lead Analyst,INC-2026137,Escalated
ESC-0137,ALT-000535,ANL-002,Discretionary,2026-07-03 22:47:00,Lead Analyst,INC-2026138,Escalated
ESC-0138,ALT-000540,ANL-018,Yes,2026-08-17 06:01:00,Tier-2 CSIRT,INC-2026139,Escalated
ESC-0139,ALT-000546,ANL-012,Yes,2026-07-24 02:34:00,Tier-2 CSIRT,INC-2026140,Escalated
ESC-0140,ALT-000547,ANL-015,Discretionary,2026-06-15 08:08:00,Lead Analyst,INC-2026141,Escalated
ESC-0141,ALT-000550,ANL-020,Discretionary,2026-07-10 03:33:00,Lead Analyst,INC-2026142,Escalated
ESC-0142,ALT-000551,ANL-017,Discretionary,2026-08-04 13:03:00,Lead Analyst,INC-2026143,Escalated
ESC-0143,ALT-000560,ANL-006,Discretionary,2026-06-26 20:28:00,Lead Analyst,INC-2026144,Escalated
ESC-0144,ALT-000565,ANL-001,Discretionary,2026-09-04 00:39:00,Lead Analyst,INC-2026145,Escalated
ESC-0145,ALT-000568,ANL-012,Yes,2026-07-30 21:49:00,Tier-2 CSIRT,INC-2026146,Escalated
ESC-0146,ALT-000569,ANL-003,Discretionary,2026-06-21 23:56:00,Lead Analyst,INC-2026147,Escalated
ESC-0147,ALT-000573,ANL-019,Discretionary,2026-08-19 23:11:00,Lead Analyst,INC-2026148,Escalated
ESC-0148,ALT-000575,ANL-019,Yes,2026-07-13 04:31:00,Tier-2 CSIRT,INC-2026149,Escalated
ESC-0149,ALT-000578,ANL-008,Discretionary,2026-07-31 07:56:00,Lead Analyst,INC-2026150,Escalated
ESC-0150,ALT-000587,ANL-011,Yes,2026-07-26 20:42:00,Tier-2 CSIRT,INC-2026151,Escalated
ESC-0151,ALT-000588,ANL-021,Yes,2026-08-04 22:05:00,Tier-2 CSIRT,INC-2026152,Escalated
ESC-0152,ALT-000591,ANL-019,Discretionary,2026-08-24 13:10:00,Lead Analyst,INC-2026153,Escalated
ESC-0153,ALT-000600,ANL-016,Discretionary,2026-08-26 10:38:00,Lead Analyst,INC-2026154,Escalated
ESC-0154,ALT-000606,ANL-001,Discretionary,2026-06-28 03:45:00,Lead Analyst,INC-2026155,Escalated
ESC-0155,ALT-000608,ANL-014,Discretionary,2026-08-17 14:03:00,Lead Analyst,INC-2026156,Escalated
ESC-0156,ALT-000609,ANL-005,Discretionary,2026-09-09 21:32:00,Lead Analyst,INC-2026157,Escalated
ESC-0157,ALT-000611,ANL-004,Discretionary,2026-07-25 13:49:00,Lead Analyst,INC-2026158,Escalated
ESC-0158,ALT-000614,ANL-007,Discretionary,2026-08-02 23:20:00,Lead Analyst,INC-2026159,Escalated
ESC-0159,ALT-000626,ANL-002,Discretionary,2026-08-12 14:12:00,Lead Analyst,INC-2026160,Escalated
ESC-0160,ALT-000629,ANL-001,Discretionary,2026-07-03 08:18:00,Lead Analyst,INC-2026161,Escalated
ESC-0161,ALT-000635,ANL-011,Discretionary,2026-08-20 09:26:00,Lead Analyst,INC-2026162,Escalated
ESC-0162,ALT-000639,ANL-012,Discretionary,2026-09-09 00:58:00,Lead Analyst,INC-2026163,Escalated
ESC-0163,ALT-000643,ANL-012,Discretionary,2026-07-02 11:54:00,Lead Analyst,INC-2026164,Escalated
ESC-0164,ALT-000645,ANL-019,Discretionary,2026-07-03 06:02:00,Lead Analyst,INC-2026165,Escalated
ESC-0165,ALT-000648,ANL-021,Yes,2026-07-10 15:16:00,Tier-2 CSIRT,INC-2026166,Escalated
ESC-0166,ALT-000653,ANL-016,Yes,2026-07-01 23:51:00,Tier-2 CSIRT,INC-2026167,Escalated
ESC-0167,ALT-000656,ANL-021,Yes,2026-08-28 10:13:00,Tier-2 CSIRT,INC-2026168,Escalated
ESC-0168,ALT-000668,ANL-001,Yes,2026-08-27 22:34:00,Tier-2 CSIRT,INC-2026169,Escalated
ESC-0169,ALT-000670,ANL-011,Yes,2026-07-25 01:28:00,Tier-2 CSIRT,INC-2026170,Escalated
ESC-0170,ALT-000671,ANL-002,Discretionary,2026-06-18 00:50:00,Lead Analyst,INC-2026171,Escalated
ESC-0171,ALT-000680,ANL-008,Discretionary,2026-08-22 18:50:00,Lead Analyst,INC-2026172,Escalated
ESC-0172,ALT-000685,ANL-020,Discretionary,2026-07-04 16:21:00,Lead Analyst,INC-2026173,Escalated
ESC-0173,ALT-000687,ANL-003,Yes,2026-07-18 02:09:00,Tier-2 CSIRT,INC-2026174,Escalated
ESC-0174,ALT-000689,ANL-007,Discretionary,2026-06-18 13:39:00,Lead Analyst,INC-2026175,Escalated
ESC-0175,ALT-000691,ANL-001,Discretionary,2026-08-25 03:40:00,Lead Analyst,INC-2026176,Escalated
ESC-0176,ALT-000692,ANL-018,Discretionary,2026-07-29 13:15:00,Lead Analyst,INC-2026177,Escalated
ESC-0177,ALT-000694,ANL-015,Discretionary,2026-07-18 03:57:00,Lead Analyst,INC-2026178,Escalated
ESC-0178,ALT-000698,ANL-003,Discretionary,2026-09-01 08:39:00,Lead Analyst,INC-2026179,Escalated
ESC-0179,ALT-000701,ANL-020,Yes,2026-07-29 08:41:00,Tier-2 CSIRT,INC-2026180,Escalated
ESC-0180,ALT-000705,ANL-015,Yes,2026-07-03 00:42:00,Tier-2 CSIRT,INC-2026181,Escalated
ESC-0181,ALT-000709,ANL-002,Yes,2026-07-19 08:16:00,Tier-2 CSIRT,INC-2026182,Escalated
ESC-0182,ALT-000715,ANL-022,Discretionary,2026-07-05 00:37:00,Lead Analyst,INC-2026183,Escalated
ESC-0183,ALT-000717,ANL-007,Yes,2026-07-23 21:55:00,Tier-2 CSIRT,INC-2026184,Escalated
ESC-0184,ALT-000732,ANL-014,Yes,2026-09-04 06:36:00,Tier-2 CSIRT,INC-2026185,Escalated
ESC-0185,ALT-000734,ANL-001,Yes,2026-06-25 22:48:00,Tier-2 CSIRT,INC-2026186,Escalated
ESC-0186,ALT-000735,ANL-017,Discretionary,2026-06-19 11:25:00,Lead Analyst,INC-2026187,Escalated
ESC-0187,ALT-000746,ANL-004,Discretionary,2026-08-25 22:26:00,Lead Analyst,INC-2026188,Escalated
ESC-0188,ALT-000747,ANL-011,Yes,2026-06-12 14:52:00,Tier-2 CSIRT,INC-2026189,Escalated
ESC-0189,ALT-000762,ANL-003,Yes,2026-08-04 23:14:00,Tier-2 CSIRT,INC-2026190,Escalated
ESC-0190,ALT-000763,ANL-022,Yes,2026-07-24 17:32:00,Tier-2 CSIRT,INC-2026191,Escalated
ESC-0191,ALT-000770,ANL-017,Discretionary,2026-08-15 16:33:00,Lead Analyst,INC-2026192,Escalated
ESC-0192,ALT-000771,ANL-012,Yes,2026-06-29 06:24:00,Tier-2 CSIRT,INC-2026193,Escalated
ESC-0193,ALT-000780,ANL-010,Yes,2026-07-27 12:44:00,Tier-2 CSIRT,INC-2026194,Escalated
ESC-0194,ALT-000784,ANL-011,Discretionary,2026-07-01 05:29:00,Lead Analyst,INC-2026195,Escalated
ESC-0195,ALT-000797,ANL-003,Discretionary,2026-08-10 15:22:00,Lead Analyst,INC-2026196,Escalated
ESC-0196,ALT-000806,ANL-004,Yes,2026-06-24 04:20:00,Tier-2 CSIRT,INC-2026197,Escalated
ESC-0197,ALT-000811,ANL-003,Discretionary,2026-07-11 06:25:00,Lead Analyst,INC-2026198,Escalated
ESC-0198,ALT-000813,ANL-009,Yes,2026-08-10 19:31:00,Tier-2 CSIRT,INC-2026199,Escalated
ESC-0199,ALT-000814,ANL-003,Yes,2026-09-02 00:11:00,Tier-2 CSIRT,INC-2026200,Escalated
ESC-0200,ALT-000817,ANL-012,Yes,2026-07-19 18:56:00,Tier-2 CSIRT,INC-2026201,Escalated
ESC-0201,ALT-000827,ANL-019,Discretionary,2026-06-17 20:44:00,Lead Analyst,INC-2026202,Escalated
ESC-0202,ALT-000830,ANL-002,Discretionary,2026-08-27 17:24:00,Lead Analyst,INC-2026203,Escalated
ESC-0203,ALT-000831,ANL-003,Yes,2026-06-28 23:12:00,Tier-2 CSIRT,INC-2026204,Escalated
ESC-0204,ALT-000835,ANL-022,Yes,2026-08-04 20:50:00,Tier-2 CSIRT,INC-2026205,Escalated
ESC-0205,ALT-000846,ANL-011,Discretionary,2026-08-21 08:39:00,Lead Analyst,INC-2026206,Escalated
ESC-0206,ALT-000851,ANL-014,Discretionary,2026-07-20 13:43:00,Lead Analyst,INC-2026207,Escalated
ESC-0207,ALT-000857,ANL-018,Discretionary,2026-08-12 10:47:00,Lead Analyst,INC-2026208,Escalated
ESC-0208,ALT-000858,ANL-003,Discretionary,2026-07-03 06:30:00,Lead Analyst,INC-2026209,Escalated
ESC-0209,ALT-000860,ANL-020,Yes,2026-07-13 00:36:00,Tier-2 CSIRT,INC-2026210,Escalated
ESC-0210,ALT-000861,ANL-017,Discretionary,2026-07-25 19:13:00,Lead Analyst,INC-2026211,Escalated
ESC-0211,ALT-000862,ANL-010,Discretionary,2026-07-29 00:52:00,Lead Analyst,INC-2026212,Escalated
ESC-0212,ALT-000870,ANL-014,Discretionary,2026-09-10 08:22:00,Lead Analyst,INC-2026213,Escalated
ESC-0213,ALT-000879,ANL-009,Yes,2026-06-30 15:17:00,Tier-2 CSIRT,INC-2026214,Escalated
ESC-0214,ALT-000883,ANL-008,Yes,2026-07-01 06:30:00,Tier-2 CSIRT,INC-2026215,Escalated
ESC-0215,ALT-000886,ANL-002,Yes,2026-09-01 05:02:00,Tier-2 CSIRT,INC-2026216,Escalated
ESC-0216,ALT-000888,ANL-005,Discretionary,2026-09-02 23:21:00,Lead Analyst,INC-2026217,Escalated
ESC-0217,ALT-000891,ANL-011,Discretionary,2026-08-22 13:33:00,Lead Analyst,INC-2026218,Escalated
ESC-0218,ALT-000893,ANL-019,Discretionary,2026-06-23 09:20:00,Lead Analyst,INC-2026219,Escalated
ESC-0219,ALT-000895,ANL-021,Yes,2026-07-31 23:41:00,Tier-2 CSIRT,INC-2026220,Escalated
ESC-0220,ALT-000897,ANL-004,Discretionary,2026-08-30 00:54:00,Lead Analyst,INC-2026221,Escalated
ESC-0221,ALT-000904,ANL-022,Discretionary,2026-07-13 18:21:00,Lead Analyst,INC-2026222,Escalated
ESC-0222,ALT-000907,ANL-019,Discretionary,2026-07-07 14:27:00,Lead Analyst,INC-2026223,Escalated
ESC-0223,ALT-000909,ANL-019,Yes,2026-08-18 00:06:00,Tier-2 CSIRT,INC-2026224,Escalated
ESC-0224,ALT-000911,ANL-020,Discretionary,2026-07-04 10:57:00,Lead Analyst,INC-2026225,Escalated
ESC-0225,ALT-000913,ANL-011,Discretionary,2026-08-26 17:11:00,Lead Analyst,INC-2026226,Escalated
ESC-0226,ALT-000915,ANL-021,Discretionary,2026-06-24 14:39:00,Lead Analyst,INC-2026227,Escalated
ESC-0227,ALT-000916,ANL-004,Yes,2026-06-24 10:47:00,Tier-2 CSIRT,INC-2026228,Escalated
ESC-0228,ALT-000917,ANL-003,Discretionary,2026-08-17 23:58:00,Lead Analyst,INC-2026229,Escalated
ESC-0229,ALT-000924,ANL-007,Yes,2026-07-02 01:44:00,Tier-2 CSIRT,INC-2026230,Escalated
ESC-0230,ALT-000925,ANL-003,Yes,2026-06-20 04:20:00,Tier-2 CSIRT,INC-2026231,Escalated
ESC-0231,ALT-000932,ANL-012,Yes,2026-08-24 22:05:00,Tier-2 CSIRT,INC-2026232,Escalated
ESC-0232,ALT-000933,ANL-015,Yes,2026-06-22 02:20:00,Tier-2 CSIRT,INC-2026233,Escalated
ESC-0233,ALT-000939,ANL-008,Yes,2026-08-11 00:35:00,Tier-2 CSIRT,INC-2026234,Escalated
ESC-0234,ALT-000947,ANL-001,Yes,2026-08-31 12:56:00,Tier-2 CSIRT,INC-2026235,Escalated
ESC-0235,ALT-000951,ANL-022,Discretionary,2026-09-07 06:30:00,Lead Analyst,INC-2026236,Escalated
ESC-0236,ALT-000956,ANL-015,Discretionary,2026-06-16 17:44:00,Lead Analyst,INC-2026237,Escalated
ESC-0237,ALT-000966,ANL-011,Discretionary,2026-07-10 19:05:00,Lead Analyst,INC-2026238,Escalated
ESC-0238,ALT-000967,ANL-006,Yes,2026-06-23 04:02:00,Tier-2 CSIRT,INC-2026239,Escalated
ESC-0239,ALT-000968,ANL-017,Yes,2026-07-24 18:24:00,Tier-2 CSIRT,INC-2026240,Escalated
ESC-0240,ALT-000970,ANL-001,Yes,2026-07-28 10:27:00,Tier-2 CSIRT,INC-2026241,Escalated
ESC-0241,ALT-000971,ANL-009,Discretionary,2026-08-04 15:03:00,Lead Analyst,INC-2026242,Escalated
ESC-0242,ALT-000974,ANL-021,Discretionary,2026-08-19 04:01:00,Lead Analyst,INC-2026243,Escalated
ESC-0243,ALT-000976,ANL-018,Yes,2026-08-20 18:27:00,Tier-2 CSIRT,INC-2026244,Escalated
ESC-0244,ALT-000977,ANL-004,Discretionary,2026-06-25 13:52:00,Lead Analyst,INC-2026245,Escalated
ESC-0245,ALT-000978,ANL-022,Yes,2026-08-22 16:44:00,Tier-2 CSIRT,INC-2026246,Escalated
ESC-0246,ALT-000981,ANL-003,Yes,2026-08-29 14:53:00,Tier-2 CSIRT,INC-2026247,Escalated
ESC-0247,ALT-000983,ANL-009,Discretionary,2026-06-25 13:50:00,Lead Analyst,INC-2026248,Escalated
ESC-0248,ALT-000986,ANL-013,Discretionary,2026-08-31 20:40:00,Lead Analyst,INC-2026249,Escalated
ESC-0249,ALT-000988,ANL-022,Yes,2026-08-10 18:35:00,Tier-2 CSIRT,INC-2026250,Escalated
ESC-0250,ALT-000989,ANL-009,Yes,2026-09-10 02:18:00,Tier-2 CSIRT,INC-2026251,Escalated
ESC-0251,ALT-000994,ANL-017,Discretionary,2026-07-27 20:40:00,Lead Analyst,INC-2026252,Escalated
ESC-0252,ALT-001003,ANL-014,Yes,2026-08-06 09:08:00,Tier-2 CSIRT,INC-2026253,Escalated
ESC-0253,ALT-001004,ANL-019,Yes,2026-07-14 03:23:00,Tier-2 CSIRT,INC-2026254,Escalated
ESC-0254,ALT-001012,ANL-008,Yes,2026-08-18 13:48:00,Tier-2 CSIRT,INC-2026255,Escalated
ESC-0255,ALT-001024,ANL-021,Yes,2026-08-23 10:41:00,Tier-2 CSIRT,INC-2026256,Escalated
ESC-0256,ALT-001027,ANL-014,Discretionary,2026-07-13 07:06:00,Lead Analyst,INC-2026257,Escalated
ESC-0257,ALT-001031,ANL-021,Yes,2026-07-25 23:42:00,Tier-2 CSIRT,INC-2026258,Escalated
ESC-0258,ALT-001038,ANL-021,Discretionary,2026-08-30 13:09:00,Lead Analyst,INC-2026259,Escalated
ESC-0259,ALT-001039,ANL-016,Discretionary,2026-08-21 02:23:00,Lead Analyst,INC-2026260,Escalated
ESC-0260,ALT-001041,ANL-008,Yes,2026-09-05 16:55:00,Tier-2 CSIRT,INC-2026261,Escalated
ESC-0261,ALT-001051,ANL-006,Discretionary,2026-08-04 23:58:00,Lead Analyst,INC-2026262,Escalated
ESC-0262,ALT-001056,ANL-018,Yes,2026-07-15 20:58:00,Tier-2 CSIRT,INC-2026263,Escalated
ESC-0263,ALT-001057,ANL-021,Discretionary,2026-08-29 04:30:00,Lead Analyst,INC-2026264,Escalated
ESC-0264,ALT-001060,ANL-010,Yes,2026-07-15 09:13:00,Tier-2 CSIRT,INC-2026265,Escalated
ESC-0265,ALT-001062,ANL-011,Discretionary,2026-08-14 14:30:00,Lead Analyst,INC-2026266,Escalated
ESC-0266,ALT-001065,ANL-012,Yes,2026-08-15 08:20:00,Tier-2 CSIRT,INC-2026267,Escalated
ESC-0267,ALT-001066,ANL-019,Discretionary,2026-08-02 09:05:00,Lead Analyst,INC-2026268,Escalated
ESC-0268,ALT-001067,ANL-009,Discretionary,2026-08-06 03:58:00,Lead Analyst,INC-2026269,Escalated
ESC-0269,ALT-001068,ANL-011,Yes,2026-09-07 18:45:00,Tier-2 CSIRT,INC-2026270,Escalated
ESC-0270,ALT-001070,ANL-015,Yes,2026-07-14 22:17:00,Tier-2 CSIRT,INC-2026271,Escalated
ESC-0271,ALT-001071,ANL-001,Discretionary,2026-08-19 20:58:00,Lead Analyst,INC-2026272,Escalated
ESC-0272,ALT-001074,ANL-003,Discretionary,2026-08-26 04:52:00,Lead Analyst,INC-2026273,Escalated
ESC-0273,ALT-001079,ANL-022,Discretionary,2026-07-09 05:35:00,Lead Analyst,INC-2026274,Escalated
ESC-0274,ALT-001080,ANL-002,Yes,2026-06-16 17:47:00,Tier-2 CSIRT,INC-2026275,Escalated
ESC-0275,ALT-001081,ANL-015,Yes,2026-08-22 23:34:00,Tier-2 CSIRT,INC-2026276,Escalated
ESC-0276,ALT-001083,ANL-022,Discretionary,2026-07-15 19:24:00,Lead Analyst,INC-2026277,Escalated
ESC-0277,ALT-001086,ANL-013,Discretionary,2026-07-13 10:32:00,Lead Analyst,INC-2026278,Escalated
ESC-0278,ALT-001088,ANL-004,Discretionary,2026-06-23 03:16:00,Lead Analyst,INC-2026279,Escalated
ESC-0279,ALT-001090,ANL-020,Yes,2026-07-20 05:18:00,Tier-2 CSIRT,INC-2026280,Escalated
ESC-0280,ALT-001099,ANL-020,Discretionary,2026-09-03 12:10:00,Lead Analyst,INC-2026281,Escalated
ESC-0281,ALT-001111,ANL-013,Discretionary,2026-08-20 10:15:00,Lead Analyst,INC-2026282,Escalated
ESC-0282,ALT-001113,ANL-001,Discretionary,2026-07-24 05:10:00,Lead Analyst,INC-2026283,Escalated
ESC-0283,ALT-001121,ANL-004,Yes,2026-08-05 01:05:00,Tier-2 CSIRT,INC-2026284,Escalated
ESC-0284,ALT-001123,ANL-016,Yes,2026-08-09 22:26:00,Tier-2 CSIRT,INC-2026285,Escalated
ESC-0285,ALT-001124,ANL-022,Yes,2026-09-09 17:36:00,Tier-2 CSIRT,INC-2026286,Escalated
ESC-0286,ALT-001125,ANL-016,Yes,2026-08-15 08:08:00,Tier-2 CSIRT,INC-2026287,Escalated
ESC-0287,ALT-001127,ANL-010,Yes,2026-06-17 13:14:00,Tier-2 CSIRT,INC-2026288,Escalated
ESC-0288,ALT-001133,ANL-007,Yes,2026-08-04 21:10:00,Tier-2 CSIRT,INC-2026289,Escalated
ESC-0289,ALT-001135,ANL-006,Discretionary,2026-07-02 05:18:00,Lead Analyst,INC-2026290,Escalated
ESC-0290,ALT-001138,ANL-004,Discretionary,2026-07-30 22:49:00,Lead Analyst,INC-2026291,Escalated
ESC-0291,ALT-001140,ANL-017,Discretionary,2026-08-26 03:06:00,Lead Analyst,INC-2026292,Escalated
ESC-0292,ALT-001150,ANL-014,Discretionary,2026-07-21 01:48:00,Lead Analyst,INC-2026293,Escalated
ESC-0293,ALT-001153,ANL-013,Discretionary,2026-06-21 00:37:00,Lead Analyst,INC-2026294,Escalated
ESC-0294,ALT-001155,ANL-002,Yes,2026-06-18 09:00:00,Tier-2 CSIRT,INC-2026295,Escalated
ESC-0295,ALT-001168,ANL-004,Yes,2026-09-07 05:08:00,Tier-2 CSIRT,INC-2026296,Escalated
ESC-0296,ALT-001175,ANL-010,Yes,2026-07-23 10:42:00,Tier-2 CSIRT,INC-2026297,Escalated
ESC-0297,ALT-001184,ANL-018,Discretionary,2026-07-28 13:34:00,Lead Analyst,INC-2026298,Escalated
ESC-0298,ALT-001187,ANL-012,Discretionary,2026-08-24 13:52:00,Lead Analyst,INC-2026299,Escalated
ESC-0299,ALT-001189,ANL-019,Discretionary,2026-08-07 21:03:00,Lead Analyst,INC-2026300,Escalated
ESC-0300,ALT-001190,ANL-009,Discretionary,2026-07-07 15:57:00,Lead Analyst,INC-2026301,Escalated
ESC-0301,ALT-001199,ANL-012,Yes,2026-07-06 05:27:00,Tier-2 CSIRT,INC-2026302,Escalated
ESC-0302,ALT-001200,ANL-008,Discretionary,2026-06-27 15:22:00,Lead Analyst,INC-2026303,Escalated
ESC-0303,ALT-001204,ANL-011,Discretionary,2026-07-09 15:12:00,Lead Analyst,INC-2026304,Escalated
ESC-0304,ALT-001207,ANL-011,Discretionary,2026-07-13 06:16:00,Lead Analyst,INC-2026305,Escalated
ESC-0305,ALT-001208,ANL-002,Yes,2026-06-25 14:58:00,Tier-2 CSIRT,INC-2026306,Escalated
ESC-0306,ALT-001209,ANL-009,Discretionary,2026-07-19 01:47:00,Lead Analyst,INC-2026307,Escalated
ESC-0307,ALT-001210,ANL-019,Yes,2026-09-01 15:31:00,Tier-2 CSIRT,INC-2026308,Escalated
ESC-0308,ALT-001218,ANL-008,Yes,2026-06-30 01:58:00,Tier-2 CSIRT,INC-2026309,Escalated
ESC-0309,ALT-001220,ANL-013,Yes,2026-07-07 00:11:00,Tier-2 CSIRT,INC-2026310,Escalated
ESC-0310,ALT-001226,ANL-015,Yes,2026-08-21 09:21:00,Tier-2 CSIRT,INC-2026311,Escalated
ESC-0311,ALT-001228,ANL-006,Yes,2026-09-03 07:23:00,Tier-2 CSIRT,INC-2026312,Escalated
ESC-0312,ALT-001230,ANL-003,Yes,2026-08-22 18:58:00,Tier-2 CSIRT,INC-2026313,Escalated
ESC-0313,ALT-001231,ANL-018,Discretionary,2026-07-14 05:54:00,Lead Analyst,INC-2026314,Escalated
ESC-0314,ALT-001240,ANL-017,Discretionary,2026-07-05 18:47:00,Lead Analyst,INC-2026315,Escalated
ESC-0315,ALT-001246,ANL-005,Yes,2026-09-03 21:59:00,Tier-2 CSIRT,INC-2026316,Escalated
ESC-0316,ALT-001247,ANL-002,Yes,2026-07-04 02:20:00,Tier-2 CSIRT,INC-2026317,Escalated
ESC-0317,ALT-001248,ANL-012,Discretionary,2026-07-23 09:24:00,Lead Analyst,INC-2026318,Escalated
ESC-0318,ALT-001253,ANL-022,Discretionary,2026-08-26 19:56:00,Lead Analyst,INC-2026319,Escalated
ESC-0319,ALT-001257,ANL-008,Discretionary,2026-08-28 15:22:00,Lead Analyst,INC-2026320,Escalated
ESC-0320,ALT-001260,ANL-001,Discretionary,2026-08-14 08:04:00,Lead Analyst,INC-2026321,Escalated
ESC-0321,ALT-001263,ANL-016,Discretionary,2026-08-20 11:55:00,Lead Analyst,INC-2026322,Escalated
ESC-0322,ALT-001264,ANL-021,Discretionary,2026-08-05 00:58:00,Lead Analyst,INC-2026323,Escalated
ESC-0323,ALT-001273,ANL-013,Discretionary,2026-07-27 22:24:00,Lead Analyst,INC-2026324,Escalated
ESC-0324,ALT-001277,ANL-013,Discretionary,2026-09-02 19:42:00,Lead Analyst,INC-2026325,Escalated
ESC-0325,ALT-001281,ANL-018,Yes,2026-06-26 11:16:00,Tier-2 CSIRT,INC-2026326,Escalated
ESC-0326,ALT-001287,ANL-008,Discretionary,2026-09-07 04:34:00,Lead Analyst,INC-2026327,Escalated
ESC-0327,ALT-001288,ANL-003,Yes,2026-07-02 10:32:00,Tier-2 CSIRT,INC-2026328,Escalated
ESC-0328,ALT-001292,ANL-011,Discretionary,2026-06-13 22:10:00,Lead Analyst,INC-2026329,Escalated
ESC-0329,ALT-001296,ANL-008,Discretionary,2026-07-20 08:52:00,Lead Analyst,INC-2026330,Escalated
ESC-0330,ALT-001303,ANL-018,Yes,2026-07-28 10:26:00,Tier-2 CSIRT,INC-2026331,Escalated
ESC-0331,ALT-001305,ANL-018,Discretionary,2026-06-27 01:33:00,Lead Analyst,INC-2026332,Escalated
ESC-0332,ALT-001308,ANL-012,Discretionary,2026-06-18 13:56:00,Lead Analyst,INC-2026333,Escalated
ESC-0333,ALT-001313,ANL-018,Discretionary,2026-07-21 20:15:00,Lead Analyst,INC-2026334,Escalated
ESC-0334,ALT-001318,ANL-010,Discretionary,2026-08-01 06:53:00,Lead Analyst,INC-2026335,Escalated
ESC-0335,ALT-001323,ANL-002,Yes,2026-07-29 01:38:00,Tier-2 CSIRT,INC-2026336,Escalated
ESC-0336,ALT-001330,ANL-009,Discretionary,2026-06-30 21:17:00,Lead Analyst,INC-2026337,Escalated
ESC-0337,ALT-001331,ANL-011,Discretionary,2026-06-20 04:13:00,Lead Analyst,INC-2026338,Escalated
ESC-0338,ALT-001334,ANL-018,Yes,2026-07-22 17:52:00,Tier-2 CSIRT,INC-2026339,Escalated
ESC-0339,ALT-001339,ANL-006,Discretionary,2026-07-09 11:51:00,Lead Analyst,INC-2026340,Escalated
ESC-0340,ALT-001343,ANL-008,Discretionary,2026-06-21 08:59:00,Lead Analyst,INC-2026341,Escalated
ESC-0341,ALT-001346,ANL-022,Yes,2026-08-08 23:37:00,Tier-2 CSIRT,INC-2026342,Escalated
ESC-0342,ALT-001348,ANL-004,Discretionary,2026-06-16 18:16:00,Lead Analyst,INC-2026343,Escalated
ESC-0343,ALT-001349,ANL-002,Discretionary,2026-06-25 09:33:00,Lead Analyst,INC-2026344,Escalated
ESC-0344,ALT-001351,ANL-019,Discretionary,2026-07-21 05:36:00,Lead Analyst,INC-2026345,Escalated
ESC-0345,ALT-001356,ANL-005,Discretionary,2026-08-03 20:01:00,Lead Analyst,INC-2026346,Escalated
ESC-0346,ALT-001359,ANL-022,Discretionary,2026-07-14 05:37:00,Lead Analyst,INC-2026347,Escalated
ESC-0347,ALT-001361,ANL-012,Discretionary,2026-06-22 04:17:00,Lead Analyst,INC-2026348,Escalated
ESC-0348,ALT-001363,ANL-005,Yes,2026-07-23 12:01:00,Tier-2 CSIRT,INC-2026349,Escalated
ESC-0349,ALT-001365,ANL-001,Yes,2026-09-09 21:19:00,Tier-2 CSIRT,INC-2026350,Escalated
ESC-0350,ALT-001367,ANL-012,Yes,2026-08-22 06:24:00,Tier-2 CSIRT,INC-2026351,Escalated
ESC-0351,ALT-001369,ANL-014,Yes,2026-09-06 15:28:00,Tier-2 CSIRT,INC-2026352,Escalated
ESC-0352,ALT-001381,ANL-017,Discretionary,2026-07-24 16:36:00,Lead Analyst,INC-2026353,Escalated
ESC-0353,ALT-001382,ANL-018,Discretionary,2026-08-01 14:02:00,Lead Analyst,INC-2026354,Escalated
ESC-0354,ALT-001386,ANL-004,Yes,2026-07-30 23:22:00,Tier-2 CSIRT,INC-2026355,Escalated
ESC-0355,ALT-001390,ANL-008,Yes,2026-06-19 07:27:00,Tier-2 CSIRT,INC-2026356,Escalated
ESC-0356,ALT-001391,ANL-001,Yes,2026-09-06 07:29:00,Tier-2 CSIRT,INC-2026357,Escalated
ESC-0357,ALT-001394,ANL-013,Discretionary,2026-07-30 09:46:00,Lead Analyst,INC-2026358,Escalated
ESC-0358,ALT-001397,ANL-011,Discretionary,2026-08-16 03:36:00,Lead Analyst,INC-2026359,Escalated
ESC-0359,ALT-001398,ANL-011,Discretionary,2026-08-01 23:40:00,Lead Analyst,INC-2026360,Escalated
ESC-0360,ALT-001399,ANL-015,Yes,2026-07-25 01:21:00,Tier-2 CSIRT,INC-2026361,Escalated
ESC-0361,ALT-001403,ANL-001,Yes,2026-08-05 17:01:00,Tier-2 CSIRT,INC-2026362,Escalated
ESC-0362,ALT-001408,ANL-019,Yes,2026-07-08 00:14:00,Tier-2 CSIRT,INC-2026363,Escalated
ESC-0363,ALT-001416,ANL-017,Yes,2026-09-04 16:19:00,Tier-2 CSIRT,INC-2026364,Escalated
ESC-0364,ALT-001428,ANL-021,Yes,2026-08-05 11:26:00,Tier-2 CSIRT,INC-2026365,Escalated
ESC-0365,ALT-001434,ANL-008,Discretionary,2026-08-14 21:52:00,Lead Analyst,INC-2026366,Escalated
ESC-0366,ALT-001442,ANL-015,Yes,2026-07-23 12:15:00,Tier-2 CSIRT,INC-2026367,Escalated
ESC-0367,ALT-001445,ANL-006,Discretionary,2026-06-25 04:58:00,Lead Analyst,INC-2026368,Escalated
ESC-0368,ALT-001450,ANL-012,Discretionary,2026-09-08 21:52:00,Lead Analyst,INC-2026369,Escalated
ESC-0369,ALT-001453,ANL-021,Yes,2026-06-19 05:45:00,Tier-2 CSIRT,INC-2026370,Escalated
ESC-0370,ALT-001455,ANL-021,Yes,2026-08-10 19:13:00,Tier-2 CSIRT,INC-2026371,Escalated
ESC-0371,ALT-001463,ANL-005,Yes,2026-09-05 02:11:00,Tier-2 CSIRT,INC-2026372,Escalated
ESC-0372,ALT-001466,ANL-011,Discretionary,2026-07-21 06:19:00,Lead Analyst,INC-2026373,Escalated
ESC-0373,ALT-001469,ANL-009,Discretionary,2026-08-10 17:33:00,Lead Analyst,INC-2026374,Escalated
ESC-0374,ALT-001470,ANL-018,Yes,2026-06-18 22:41:00,Tier-2 CSIRT,INC-2026375,Escalated
ESC-0375,ALT-001471,ANL-004,Yes,2026-06-14 13:47:00,Tier-2 CSIRT,INC-2026376,Escalated
ESC-0376,ALT-001473,ANL-014,Yes,2026-08-19 16:37:00,Tier-2 CSIRT,INC-2026377,Escalated
ESC-0377,ALT-001474,ANL-013,Yes,2026-07-02 21:56:00,Tier-2 CSIRT,INC-2026378,Escalated
ESC-0378,ALT-001485,ANL-018,Yes,2026-07-07 09:29:00,Tier-2 CSIRT,INC-2026379,Escalated
ESC-0379,ALT-001487,ANL-002,Discretionary,2026-08-26 11:49:00,Lead Analyst,INC-2026380,Escalated
ESC-0380,ALT-001488,ANL-021,Yes,2026-08-16 05:53:00,Tier-2 CSIRT,INC-2026381,Escalated
ESC-0381,ALT-001495,ANL-004,Yes,2026-08-04 15:28:00,Tier-2 CSIRT,INC-2026382,Escalated
ESC-0382,ALT-001499,ANL-008,Discretionary,2026-06-23 03:36:00,Lead Analyst,INC-2026383,Escalated
ESC-0383,ALT-001500,ANL-018,Discretionary,2026-06-12 09:40:00,Lead Analyst,INC-2026384,Escalated
ESC-0384,ALT-001509,ANL-002,Discretionary,2026-07-26 16:52:00,Lead Analyst,INC-2026385,Escalated
ESC-0385,ALT-001515,ANL-009,Yes,2026-08-05 06:55:00,Tier-2 CSIRT,INC-2026386,Escalated
ESC-0386,ALT-001518,ANL-013,Discretionary,2026-09-02 00:45:00,Lead Analyst,INC-2026387,Escalated
ESC-0387,ALT-001526,ANL-018,Yes,2026-08-13 02:18:00,Tier-2 CSIRT,INC-2026388,Escalated
ESC-0388,ALT-001528,ANL-002,Discretionary,2026-09-08 04:11:00,Lead Analyst,INC-2026389,Escalated
ESC-0389,ALT-001538,ANL-013,Yes,2026-07-20 16:45:00,Tier-2 CSIRT,INC-2026390,Escalated
ESC-0390,ALT-001547,ANL-016,Discretionary,2026-08-30 00:52:00,Lead Analyst,INC-2026391,Escalated
ESC-0391,ALT-001549,ANL-012,Yes,2026-09-07 18:55:00,Tier-2 CSIRT,INC-2026392,Escalated
ESC-0392,ALT-001553,ANL-021,Yes,2026-06-13 09:39:00,Tier-2 CSIRT,INC-2026393,Escalated
ESC-0393,ALT-001560,ANL-003,Discretionary,2026-07-16 21:11:00,Lead Analyst,INC-2026394,Escalated
ESC-0394,ALT-001564,ANL-010,Discretionary,2026-07-25 06:18:00,Lead Analyst,INC-2026395,Escalated
ESC-0395,ALT-001566,ANL-019,Yes,2026-08-08 14:32:00,Tier-2 CSIRT,INC-2026396,Escalated
ESC-0396,ALT-001569,ANL-003,Discretionary,2026-08-14 16:06:00,Lead Analyst,INC-2026397,Escalated
ESC-0397,ALT-001573,ANL-014,Discretionary,2026-07-02 13:33:00,Lead Analyst,INC-2026398,Escalated
ESC-0398,ALT-001575,ANL-003,Yes,2026-06-14 14:11:00,Tier-2 CSIRT,INC-2026399,Escalated
ESC-0399,ALT-001577,ANL-016,Discretionary,2026-06-13 16:33:00,Lead Analyst,INC-2026400,Escalated
ESC-0400,ALT-001582,ANL-022,Discretionary,2026-08-23 14:37:00,Lead Analyst,INC-2026401,Escalated
ESC-0401,ALT-001584,ANL-017,Discretionary,2026-07-11 12:33:00,Lead Analyst,INC-2026402,Escalated
ESC-0402,ALT-001595,ANL-009,Yes,2026-07-04 15:45:00,Tier-2 CSIRT,INC-2026403,Escalated
ESC-0403,ALT-001602,ANL-019,Discretionary,2026-06-19 06:42:00,Lead Analyst,INC-2026404,Escalated
ESC-0404,ALT-001605,ANL-002,Discretionary,2026-07-27 20:05:00,Lead Analyst,INC-2026405,Escalated
ESC-0405,ALT-001606,ANL-010,Discretionary,2026-08-16 05:30:00,Lead Analyst,INC-2026406,Escalated
ESC-0406,ALT-001609,ANL-016,Discretionary,2026-08-08 14:27:00,Lead Analyst,INC-2026407,Escalated
ESC-0407,ALT-001614,ANL-019,Discretionary,2026-08-05 10:28:00,Lead Analyst,INC-2026408,Escalated
ESC-0408,ALT-001616,ANL-006,Discretionary,2026-07-30 06:50:00,Lead Analyst,INC-2026409,Escalated
ESC-0409,ALT-001617,ANL-015,Discretionary,2026-08-21 12:04:00,Lead Analyst,INC-2026410,Escalated
ESC-0410,ALT-001620,ANL-005,Yes,2026-06-20 02:22:00,Tier-2 CSIRT,INC-2026411,Escalated
ESC-0411,ALT-001623,ANL-007,Discretionary,2026-07-04 04:01:00,Lead Analyst,INC-2026412,Escalated
ESC-0412,ALT-001625,ANL-017,Discretionary,2026-06-20 02:52:00,Lead Analyst,INC-2026413,Escalated
ESC-0413,ALT-001630,ANL-021,Discretionary,2026-08-08 22:38:00,Lead Analyst,INC-2026414,Escalated
ESC-0414,ALT-001632,ANL-008,Yes,2026-08-19 20:18:00,Tier-2 CSIRT,INC-2026415,Escalated
ESC-0415,ALT-001633,ANL-022,Discretionary,2026-06-20 00:35:00,Lead Analyst,INC-2026416,Escalated
ESC-0416,ALT-001635,ANL-001,Discretionary,2026-07-05 17:30:00,Lead Analyst,INC-2026417,Escalated
ESC-0417,ALT-001638,ANL-015,Yes,2026-09-02 21:47:00,Tier-2 CSIRT,INC-2026418,Escalated
ESC-0418,ALT-001640,ANL-010,Yes,2026-08-04 00:36:00,Tier-2 CSIRT,INC-2026419,Escalated
ESC-0419,ALT-001641,ANL-016,Yes,2026-07-02 23:53:00,Tier-2 CSIRT,INC-2026420,Escalated
ESC-0420,ALT-001644,ANL-002,Discretionary,2026-08-20 17:42:00,Lead Analyst,INC-2026421,Escalated
ESC-0421,ALT-001646,ANL-017,Yes,2026-08-30 21:14:00,Tier-2 CSIRT,INC-2026422,Escalated
ESC-0422,ALT-001650,ANL-019,Discretionary,2026-09-05 18:49:00,Lead Analyst,INC-2026423,Escalated
ESC-0423,ALT-001652,ANL-011,Discretionary,2026-09-08 20:50:00,Lead Analyst,INC-2026424,Escalated
ESC-0424,ALT-001653,ANL-002,Yes,2026-08-16 11:15:00,Tier-2 CSIRT,INC-2026425,Escalated
ESC-0425,ALT-001656,ANL-011,Discretionary,2026-07-26 22:01:00,Lead Analyst,INC-2026426,Escalated
ESC-0426,ALT-001663,ANL-006,Discretionary,2026-08-23 09:41:00,Lead Analyst,INC-2026427,Escalated
ESC-0427,ALT-001667,ANL-005,Yes,2026-07-11 10:37:00,Tier-2 CSIRT,INC-2026428,Escalated
ESC-0428,ALT-001670,ANL-005,Discretionary,2026-08-31 09:50:00,Lead Analyst,INC-2026429,Escalated
ESC-0429,ALT-001674,ANL-009,Discretionary,2026-07-20 19:53:00,Lead Analyst,INC-2026430,Escalated
ESC-0430,ALT-001679,ANL-011,Discretionary,2026-08-05 08:46:00,Lead Analyst,INC-2026431,Escalated
ESC-0431,ALT-001686,ANL-013,Discretionary,2026-08-03 12:16:00,Lead Analyst,INC-2026432,Escalated
ESC-0432,ALT-001689,ANL-003,Yes,2026-07-07 01:31:00,Tier-2 CSIRT,INC-2026433,Escalated
ESC-0433,ALT-001692,ANL-006,Yes,2026-07-11 01:02:00,Tier-2 CSIRT,INC-2026434,Escalated
ESC-0434,ALT-001705,ANL-021,Discretionary,2026-07-10 01:50:00,Lead Analyst,INC-2026435,Escalated
ESC-0435,ALT-001707,ANL-022,Yes,2026-06-16 00:52:00,Tier-2 CSIRT,INC-2026436,Escalated
ESC-0436,ALT-001708,ANL-015,Discretionary,2026-09-06 09:29:00,Lead Analyst,INC-2026437,Escalated
ESC-0437,ALT-001720,ANL-010,Discretionary,2026-07-26 11:50:00,Lead Analyst,INC-2026438,Escalated
ESC-0438,ALT-001727,ANL-007,Discretionary,2026-08-30 01:40:00,Lead Analyst,INC-2026439,Escalated
ESC-0439,ALT-001728,ANL-008,Yes,2026-07-19 11:56:00,Tier-2 CSIRT,INC-2026440,Escalated
ESC-0440,ALT-001734,ANL-020,Discretionary,2026-06-23 11:37:00,Lead Analyst,INC-2026441,Escalated
ESC-0441,ALT-001735,ANL-008,Yes,2026-06-18 15:36:00,Tier-2 CSIRT,INC-2026442,Escalated
ESC-0442,ALT-001744,ANL-011,Yes,2026-07-10 20:12:00,Tier-2 CSIRT,INC-2026443,Escalated
ESC-0443,ALT-001745,ANL-005,Yes,2026-08-30 15:56:00,Tier-2 CSIRT,INC-2026444,Escalated
ESC-0444,ALT-001749,ANL-007,Discretionary,2026-09-05 00:43:00,Lead Analyst,INC-2026445,Escalated
ESC-0445,ALT-001751,ANL-008,Discretionary,2026-08-28 05:14:00,Lead Analyst,INC-2026446,Escalated
ESC-0446,ALT-001753,ANL-017,Yes,2026-08-15 21:45:00,Tier-2 CSIRT,INC-2026447,Escalated
ESC-0447,ALT-001755,ANL-014,Yes,2026-09-04 00:44:00,Tier-2 CSIRT,INC-2026448,Escalated
ESC-0448,ALT-001763,ANL-015,Yes,2026-07-22 01:04:00,Tier-2 CSIRT,INC-2026449,Escalated
ESC-0449,ALT-001767,ANL-002,Yes,2026-07-11 18:44:00,Tier-2 CSIRT,INC-2026450,Escalated
ESC-0450,ALT-001773,ANL-009,Yes,2026-07-14 00:16:00,Tier-2 CSIRT,INC-2026451,Escalated
ESC-0451,ALT-001774,ANL-010,Discretionary,2026-08-28 22:35:00,Lead Analyst,INC-2026452,Escalated
ESC-0452,ALT-001775,ANL-001,Yes,2026-07-28 10:09:00,Tier-2 CSIRT,INC-2026453,Escalated
ESC-0453,ALT-001776,ANL-003,Yes,2026-08-11 14:50:00,Tier-2 CSIRT,INC-2026454,Escalated
ESC-0454,ALT-001777,ANL-004,Yes,2026-07-01 10:51:00,Tier-2 CSIRT,INC-2026455,Escalated
ESC-0455,ALT-001780,ANL-007,Yes,2026-08-02 15:39:00,Tier-2 CSIRT,INC-2026456,Escalated
ESC-0456,ALT-001782,ANL-005,Discretionary,2026-06-23 14:35:00,Lead Analyst,INC-2026457,Escalated
ESC-0457,ALT-001785,ANL-019,Discretionary,2026-07-08 08:23:00,Lead Analyst,INC-2026458,Escalated
ESC-0458,ALT-001787,ANL-009,Yes,2026-06-26 20:35:00,Tier-2 CSIRT,INC-2026459,Escalated
ESC-0459,ALT-001796,ANL-005,Yes,2026-07-06 20:00:00,Tier-2 CSIRT,INC-2026460,Escalated
ESC-0460,ALT-001799,ANL-010,Discretionary,2026-06-27 08:36:00,Lead Analyst,INC-2026461,Escalated
ESC-0461,ALT-001804,ANL-001,Discretionary,2026-06-26 01:56:00,Lead Analyst,INC-2026462,Escalated
ESC-0462,ALT-001811,ANL-001,Discretionary,2026-08-19 20:16:00,Lead Analyst,INC-2026463,Escalated
ESC-0463,ALT-001814,ANL-015,Yes,2026-07-02 06:47:00,Tier-2 CSIRT,INC-2026464,Escalated
ESC-0464,ALT-001820,ANL-013,Discretionary,2026-07-04 12:18:00,Lead Analyst,INC-2026465,Escalated
ESC-0465,ALT-001825,ANL-010,Discretionary,2026-07-06 13:26:00,Lead Analyst,INC-2026466,Escalated
ESC-0466,ALT-001827,ANL-014,Discretionary,2026-09-06 05:17:00,Lead Analyst,INC-2026467,Escalated
ESC-0467,ALT-001828,ANL-022,Discretionary,2026-08-17 14:10:00,Lead Analyst,INC-2026468,Escalated
ESC-0468,ALT-001831,ANL-011,Discretionary,2026-07-22 07:51:00,Lead Analyst,INC-2026469,Escalated
ESC-0469,ALT-001836,ANL-009,Discretionary,2026-09-08 11:21:00,Lead Analyst,INC-2026470,Escalated
ESC-0470,ALT-001839,ANL-019,Discretionary,2026-06-17 12:10:00,Lead Analyst,INC-2026471,Escalated
ESC-0471,ALT-001844,ANL-020,Yes,2026-07-02 22:49:00,Tier-2 CSIRT,INC-2026472,Escalated
ESC-0472,ALT-001845,ANL-001,Yes,2026-08-23 21:10:00,Tier-2 CSIRT,INC-2026473,Escalated
ESC-0473,ALT-001846,ANL-015,Yes,2026-09-04 21:59:00,Tier-2 CSIRT,INC-2026474,Escalated
ESC-0474,ALT-001856,ANL-010,Discretionary,2026-06-20 06:25:00,Lead Analyst,INC-2026475,Escalated
ESC-0475,ALT-001862,ANL-020,Discretionary,2026-08-14 18:37:00,Lead Analyst,INC-2026476,Escalated
ESC-0476,ALT-001876,ANL-013,Yes,2026-06-13 20:03:00,Tier-2 CSIRT,INC-2026477,Escalated
ESC-0477,ALT-001889,ANL-018,Discretionary,2026-07-14 13:29:00,Lead Analyst,INC-2026478,Escalated
ESC-0478,ALT-001892,ANL-008,Yes,2026-06-23 03:01:00,Tier-2 CSIRT,INC-2026479,Escalated
ESC-0479,ALT-001899,ANL-017,Discretionary,2026-07-21 05:53:00,Lead Analyst,INC-2026480,Escalated
ESC-0480,ALT-001902,ANL-005,Yes,2026-08-06 10:10:00,Tier-2 CSIRT,INC-2026481,Escalated
ESC-0481,ALT-001907,ANL-010,Yes,2026-07-22 09:31:00,Tier-2 CSIRT,INC-2026482,Escalated
ESC-0482,ALT-001908,ANL-020,Yes,2026-08-22 18:55:00,Tier-2 CSIRT,INC-2026483,Escalated
ESC-0483,ALT-001913,ANL-002,Discretionary,2026-09-07 13:20:00,Lead Analyst,INC-2026484,Escalated
ESC-0484,ALT-001917,ANL-022,Yes,2026-07-29 08:30:00,Tier-2 CSIRT,INC-2026485,Escalated
ESC-0485,ALT-001918,ANL-015,Discretionary,2026-06-17 23:46:00,Lead Analyst,INC-2026486,Escalated
ESC-0486,ALT-001920,ANL-015,Yes,2026-08-20 22:51:00,Tier-2 CSIRT,INC-2026487,Escalated
ESC-0487,ALT-001933,ANL-005,Discretionary,2026-07-02 12:30:00,Lead Analyst,INC-2026488,Escalated
ESC-0488,ALT-001940,ANL-003,Discretionary,2026-07-07 09:10:00,Lead Analyst,INC-2026489,Escalated
ESC-0489,ALT-001952,ANL-013,Discretionary,2026-07-30 12:12:00,Lead Analyst,INC-2026490,Escalated
ESC-0490,ALT-001954,ANL-001,Yes,2026-07-09 10:25:00,Tier-2 CSIRT,INC-2026491,Escalated
ESC-0491,ALT-001956,ANL-014,Discretionary,2026-08-09 05:07:00,Lead Analyst,INC-2026492,Escalated
ESC-0492,ALT-001958,ANL-011,Discretionary,2026-08-27 20:09:00,Lead Analyst,INC-2026493,Escalated
ESC-0493,ALT-001960,ANL-006,Discretionary,2026-06-17 06:38:00,Lead Analyst,INC-2026494,Escalated
ESC-0494,ALT-001961,ANL-010,Discretionary,2026-08-24 18:19:00,Lead Analyst,INC-2026495,Escalated
ESC-0495,ALT-001964,ANL-014,Discretionary,2026-09-04 19:28:00,Lead Analyst,INC-2026496,Escalated
ESC-0496,ALT-001965,ANL-017,Discretionary,2026-08-20 15:10:00,Lead Analyst,INC-2026497,Escalated
ESC-0497,ALT-001976,ANL-019,Discretionary,2026-08-09 02:13:00,Lead Analyst,INC-2026498,Escalated
ESC-0498,ALT-001979,ANL-008,Yes,2026-07-20 01:24:00,Tier-2 CSIRT,INC-2026499,Escalated
ESC-0499,ALT-001981,ANL-011,Discretionary,2026-08-13 00:25:00,Lead Analyst,INC-2026500,Escalated
ESC-0500,ALT-001993,ANL-022,Yes,2026-07-28 14:46:00,Tier-2 CSIRT,INC-2026501,Escalated
ESC-0501,ALT-001997,ANL-012,Discretionary,2026-09-09 13:44:00,Lead Analyst,INC-2026502,Escalated
ESC-0502,ALT-002002,ANL-007,Yes,2026-08-21 00:40:00,Tier-2 CSIRT,INC-2026503,Escalated
ESC-0503,ALT-002007,ANL-009,Discretionary,2026-06-14 18:56:00,Lead Analyst,INC-2026504,Escalated
ESC-0504,ALT-002011,ANL-006,Discretionary,2026-08-23 23:17:00,Lead Analyst,INC-2026505,Escalated
ESC-0505,ALT-002017,ANL-021,Discretionary,2026-08-05 08:26:00,Lead Analyst,INC-2026506,Escalated
ESC-0506,ALT-002018,ANL-020,Discretionary,2026-08-04 21:48:00,Lead Analyst,INC-2026507,Escalated
ESC-0507,ALT-002020,ANL-017,Discretionary,2026-07-18 04:43:00,Lead Analyst,INC-2026508,Escalated
ESC-0508,ALT-002026,ANL-015,Discretionary,2026-07-20 18:26:00,Lead Analyst,INC-2026509,Escalated
ESC-0509,ALT-002027,ANL-008,Yes,2026-07-04 01:10:00,Tier-2 CSIRT,INC-2026510,Escalated
ESC-0510,ALT-002028,ANL-021,Yes,2026-06-25 08:36:00,Tier-2 CSIRT,INC-2026511,Escalated
ESC-0511,ALT-002035,ANL-018,Yes,2026-07-17 22:18:00,Tier-2 CSIRT,INC-2026512,Escalated
ESC-0512,ALT-002036,ANL-019,Discretionary,2026-06-24 02:57:00,Lead Analyst,INC-2026513,Escalated
ESC-0513,ALT-002043,ANL-001,Discretionary,2026-06-17 06:18:00,Lead Analyst,INC-2026514,Escalated
ESC-0514,ALT-002047,ANL-009,Discretionary,2026-06-24 15:49:00,Lead Analyst,INC-2026515,Escalated
ESC-0515,ALT-002051,ANL-016,Discretionary,2026-07-28 15:16:00,Lead Analyst,INC-2026516,Escalated
ESC-0516,ALT-002052,ANL-022,Discretionary,2026-08-12 23:48:00,Lead Analyst,INC-2026517,Escalated
ESC-0517,ALT-002053,ANL-001,Yes,2026-08-05 09:28:00,Tier-2 CSIRT,INC-2026518,Escalated
ESC-0518,ALT-002054,ANL-008,Yes,2026-08-15 03:52:00,Tier-2 CSIRT,INC-2026519,Escalated
ESC-0519,ALT-002056,ANL-005,Yes,2026-08-28 21:20:00,Tier-2 CSIRT,INC-2026520,Escalated
ESC-0520,ALT-002057,ANL-017,Yes,2026-06-14 10:42:00,Tier-2 CSIRT,INC-2026521,Escalated
ESC-0521,ALT-002058,ANL-004,Discretionary,2026-07-31 17:06:00,Lead Analyst,INC-2026522,Escalated
ESC-0522,ALT-002060,ANL-010,Yes,2026-06-20 06:19:00,Tier-2 CSIRT,INC-2026523,Escalated
ESC-0523,ALT-002061,ANL-022,Discretionary,2026-07-18 23:26:00,Lead Analyst,INC-2026524,Escalated
ESC-0524,ALT-002062,ANL-009,Discretionary,2026-06-13 04:20:00,Lead Analyst,INC-2026525,Escalated
ESC-0525,ALT-002063,ANL-006,Discretionary,2026-08-31 21:19:00,Lead Analyst,INC-2026526,Escalated
ESC-0526,ALT-002067,ANL-016,Discretionary,2026-07-08 15:36:00,Lead Analyst,INC-2026527,Escalated
ESC-0527,ALT-002068,ANL-018,Discretionary,2026-07-20 15:53:00,Lead Analyst,INC-2026528,Escalated
ESC-0528,ALT-002075,ANL-015,Discretionary,2026-08-16 17:52:00,Lead Analyst,INC-2026529,Escalated
ESC-0529,ALT-002080,ANL-002,Yes,2026-06-26 13:21:00,Tier-2 CSIRT,INC-2026530,Escalated
ESC-0530,ALT-002081,ANL-017,Discretionary,2026-06-19 02:38:00,Lead Analyst,INC-2026531,Escalated
ESC-0531,ALT-002088,ANL-011,Discretionary,2026-07-02 15:31:00,Lead Analyst,INC-2026532,Escalated
ESC-0532,ALT-002094,ANL-004,Yes,2026-07-13 01:29:00,Tier-2 CSIRT,INC-2026533,Escalated
ESC-0533,ALT-002095,ANL-017,Discretionary,2026-07-05 11:45:00,Lead Analyst,INC-2026534,Escalated
ESC-0534,ALT-002097,ANL-015,Yes,2026-08-02 01:16:00,Tier-2 CSIRT,INC-2026535,Escalated
ESC-0535,ALT-002101,ANL-017,Discretionary,2026-08-07 13:24:00,Lead Analyst,INC-2026536,Escalated
ESC-0536,ALT-002108,ANL-003,Yes,2026-08-27 03:55:00,Tier-2 CSIRT,INC-2026537,Escalated
ESC-0537,ALT-002113,ANL-021,Discretionary,2026-08-01 00:38:00,Lead Analyst,INC-2026538,Escalated
ESC-0538,ALT-002117,ANL-006,Yes,2026-07-09 02:58:00,Tier-2 CSIRT,INC-2026539,Escalated
ESC-0539,ALT-002119,ANL-022,Yes,2026-08-09 15:57:00,Tier-2 CSIRT,INC-2026540,Escalated
ESC-0540,ALT-002120,ANL-007,Yes,2026-07-06 16:33:00,Tier-2 CSIRT,INC-2026541,Escalated
ESC-0541,ALT-002122,ANL-022,Discretionary,2026-08-01 20:15:00,Lead Analyst,INC-2026542,Escalated
ESC-0542,ALT-002123,ANL-021,Yes,2026-06-23 18:32:00,Tier-2 CSIRT,INC-2026543,Escalated
ESC-0543,ALT-002127,ANL-011,Yes,2026-08-04 12:28:00,Tier-2 CSIRT,INC-2026544,Escalated
ESC-0544,ALT-002135,ANL-021,Discretionary,2026-07-31 11:51:00,Lead Analyst,INC-2026545,Escalated
ESC-0545,ALT-002136,ANL-016,Discretionary,2026-08-23 08:04:00,Lead Analyst,INC-2026546,Escalated
ESC-0546,ALT-002139,ANL-005,Yes,2026-06-21 04:51:00,Tier-2 CSIRT,INC-2026547,Escalated
ESC-0547,ALT-002147,ANL-016,Yes,2026-06-12 11:30:00,Tier-2 CSIRT,INC-2026548,Escalated
ESC-0548,ALT-002148,ANL-003,Yes,2026-07-25 22:02:00,Tier-2 CSIRT,INC-2026549,Escalated
ESC-0549,ALT-002149,ANL-017,Discretionary,2026-09-08 05:55:00,Lead Analyst,INC-2026550,Escalated
ESC-0550,ALT-002155,ANL-012,Discretionary,2026-08-15 07:34:00,Lead Analyst,INC-2026551,Escalated
ESC-0551,ALT-002162,ANL-017,Discretionary,2026-08-01 06:22:00,Lead Analyst,INC-2026552,Escalated
ESC-0552,ALT-002166,ANL-020,Yes,2026-07-04 01:14:00,Tier-2 CSIRT,INC-2026553,Escalated
ESC-0553,ALT-002168,ANL-007,Yes,2026-06-17 14:00:00,Tier-2 CSIRT,INC-2026554,Escalated
ESC-0554,ALT-002170,ANL-017,Yes,2026-08-31 22:09:00,Tier-2 CSIRT,INC-2026555,Escalated
ESC-0555,ALT-002172,ANL-001,Yes,2026-07-31 20:36:00,Tier-2 CSIRT,INC-2026556,Escalated
ESC-0556,ALT-002175,ANL-002,Yes,2026-08-27 01:08:00,Tier-2 CSIRT,INC-2026557,Escalated
ESC-0557,ALT-002188,ANL-018,Discretionary,2026-06-12 10:49:00,Lead Analyst,INC-2026558,Escalated
ESC-0558,ALT-002194,ANL-005,Discretionary,2026-06-15 05:04:00,Lead Analyst,INC-2026559,Escalated
ESC-0559,ALT-002196,ANL-006,Discretionary,2026-09-05 10:06:00,Lead Analyst,INC-2026560,Escalated
ESC-0560,ALT-002204,ANL-001,Discretionary,2026-06-17 18:59:00,Lead Analyst,INC-2026561,Escalated
ESC-0561,ALT-002207,ANL-010,Yes,2026-07-01 02:35:00,Tier-2 CSIRT,INC-2026562,Escalated
ESC-0562,ALT-002209,ANL-004,Yes,2026-08-07 18:46:00,Tier-2 CSIRT,INC-2026563,Escalated
ESC-0563,ALT-002214,ANL-014,Yes,2026-07-06 08:27:00,Tier-2 CSIRT,INC-2026564,Escalated
ESC-0564,ALT-002220,ANL-009,Discretionary,2026-07-07 01:01:00,Lead Analyst,INC-2026565,Escalated
ESC-0565,ALT-002222,ANL-014,Yes,2026-09-02 21:57:00,Tier-2 CSIRT,INC-2026566,Escalated
ESC-0566,ALT-002223,ANL-002,Yes,2026-07-09 23:02:00,Tier-2 CSIRT,INC-2026567,Escalated
ESC-0567,ALT-002224,ANL-016,Discretionary,2026-06-25 06:05:00,Lead Analyst,INC-2026568,Escalated
ESC-0568,ALT-002226,ANL-002,Discretionary,2026-06-18 05:21:00,Lead Analyst,INC-2026569,Escalated
ESC-0569,ALT-002229,ANL-008,Discretionary,2026-07-04 21:48:00,Lead Analyst,INC-2026570,Escalated
ESC-0570,ALT-002230,ANL-007,Discretionary,2026-08-13 02:06:00,Lead Analyst,INC-2026571,Escalated
ESC-0571,ALT-002234,ANL-020,Yes,2026-06-26 04:20:00,Tier-2 CSIRT,INC-2026572,Escalated
ESC-0572,ALT-002246,ANL-020,Discretionary,2026-06-25 19:18:00,Lead Analyst,INC-2026573,Escalated
ESC-0573,ALT-002249,ANL-020,Discretionary,2026-09-09 05:12:00,Lead Analyst,INC-2026574,Escalated
ESC-0574,ALT-002250,ANL-018,Discretionary,2026-08-08 15:33:00,Lead Analyst,INC-2026575,Escalated
ESC-0575,ALT-002258,ANL-006,Discretionary,2026-08-23 05:16:00,Lead Analyst,INC-2026576,Escalated
ESC-0576,ALT-002260,ANL-020,Discretionary,2026-06-21 08:05:00,Lead Analyst,INC-2026577,Escalated
ESC-0577,ALT-002261,ANL-021,Yes,2026-07-12 08:58:00,Tier-2 CSIRT,INC-2026578,Escalated
ESC-0578,ALT-002264,ANL-021,Discretionary,2026-08-25 09:40:00,Lead Analyst,INC-2026579,Escalated
ESC-0579,ALT-002268,ANL-005,Discretionary,2026-06-23 11:16:00,Lead Analyst,INC-2026580,Escalated
ESC-0580,ALT-002269,ANL-006,Discretionary,2026-08-05 15:44:00,Lead Analyst,INC-2026581,Escalated
ESC-0581,ALT-002272,ANL-022,Discretionary,2026-09-07 19:18:00,Lead Analyst,INC-2026582,Escalated
ESC-0582,ALT-002273,ANL-006,Yes,2026-07-25 19:22:00,Tier-2 CSIRT,INC-2026583,Escalated
ESC-0583,ALT-002276,ANL-011,Yes,2026-09-09 14:41:00,Tier-2 CSIRT,INC-2026584,Escalated
ESC-0584,ALT-002279,ANL-003,Yes,2026-08-25 06:54:00,Tier-2 CSIRT,INC-2026585,Escalated
ESC-0585,ALT-002284,ANL-005,Discretionary,2026-07-11 00:30:00,Lead Analyst,INC-2026586,Escalated
ESC-0586,ALT-002286,ANL-003,Discretionary,2026-08-17 02:20:00,Lead Analyst,INC-2026587,Escalated
ESC-0587,ALT-002288,ANL-007,Discretionary,2026-09-03 21:57:00,Lead Analyst,INC-2026588,Escalated
ESC-0588,ALT-002292,ANL-020,Discretionary,2026-08-27 05:03:00,Lead Analyst,INC-2026589,Escalated
ESC-0589,ALT-002300,ANL-022,Yes,2026-06-25 18:28:00,Tier-2 CSIRT,INC-2026590,Escalated
ESC-0590,ALT-002307,ANL-016,Yes,2026-07-19 06:16:00,Tier-2 CSIRT,INC-2026591,Escalated
ESC-0591,ALT-002313,ANL-015,Discretionary,2026-08-15 08:46:00,Lead Analyst,INC-2026592,Escalated
ESC-0592,ALT-002321,ANL-004,Yes,2026-08-09 13:20:00,Tier-2 CSIRT,INC-2026593,Escalated
ESC-0593,ALT-002326,ANL-004,Discretionary,2026-09-04 13:10:00,Lead Analyst,INC-2026594,Escalated
ESC-0594,ALT-002333,ANL-015,Discretionary,2026-06-13 22:16:00,Lead Analyst,INC-2026595,Escalated
ESC-0595,ALT-002335,ANL-014,Discretionary,2026-07-04 05:09:00,Lead Analyst,INC-2026596,Escalated
ESC-0596,ALT-002341,ANL-022,Discretionary,2026-08-12 08:00:00,Lead Analyst,INC-2026597,Escalated
ESC-0597,ALT-002342,ANL-022,Yes,2026-06-27 05:00:00,Tier-2 CSIRT,INC-2026598,Escalated
ESC-0598,ALT-002343,ANL-003,Discretionary,2026-07-26 05:47:00,Lead Analyst,INC-2026599,Escalated
ESC-0599,ALT-002346,ANL-021,Yes,2026-08-21 08:43:00,Tier-2 CSIRT,INC-2026600,Escalated
ESC-0600,ALT-002353,ANL-011,Discretionary,2026-07-19 11:05:00,Lead Analyst,INC-2026601,Escalated
ESC-0601,ALT-002355,ANL-004,Discretionary,2026-09-02 19:51:00,Lead Analyst,INC-2026602,Escalated
ESC-0602,ALT-002367,ANL-021,Yes,2026-06-15 10:51:00,Tier-2 CSIRT,INC-2026603,Escalated
ESC-0603,ALT-002368,ANL-007,Discretionary,2026-08-10 23:00:00,Lead Analyst,INC-2026604,Escalated
ESC-0604,ALT-002369,ANL-004,Discretionary,2026-06-25 14:38:00,Lead Analyst,INC-2026605,Escalated
ESC-0605,ALT-002375,ANL-015,Yes,2026-07-15 11:01:00,Tier-2 CSIRT,INC-2026606,Escalated
ESC-0606,ALT-002382,ANL-011,Yes,2026-07-31 06:20:00,Tier-2 CSIRT,INC-2026607,Escalated
ESC-0607,ALT-002389,ANL-010,Discretionary,2026-07-20 06:25:00,Lead Analyst,INC-2026608,Escalated
ESC-0608,ALT-002391,ANL-004,Yes,2026-09-03 09:14:00,Tier-2 CSIRT,INC-2026609,Escalated
ESC-0609,ALT-002395,ANL-008,Yes,2026-07-29 11:49:00,Tier-2 CSIRT,INC-2026610,Escalated
ESC-0610,ALT-002397,ANL-018,Yes,2026-06-26 05:27:00,Tier-2 CSIRT,INC-2026611,Escalated
ESC-0611,ALT-002401,ANL-021,Yes,2026-06-13 03:53:00,Tier-2 CSIRT,INC-2026612,Escalated
ESC-0612,ALT-002404,ANL-010,Discretionary,2026-08-02 21:59:00,Lead Analyst,INC-2026613,Escalated
ESC-0613,ALT-002407,ANL-012,Discretionary,2026-09-01 00:45:00,Lead Analyst,INC-2026614,Escalated
ESC-0614,ALT-002408,ANL-012,Yes,2026-07-17 00:51:00,Tier-2 CSIRT,INC-2026615,Escalated
ESC-0615,ALT-002411,ANL-015,Discretionary,2026-08-20 16:19:00,Lead Analyst,INC-2026616,Escalated
ESC-0616,ALT-002413,ANL-019,Yes,2026-07-30 02:46:00,Tier-2 CSIRT,INC-2026617,Escalated
ESC-0617,ALT-002416,ANL-005,Yes,2026-09-09 04:03:00,Tier-2 CSIRT,INC-2026618,Escalated
ESC-0618,ALT-002422,ANL-006,Discretionary,2026-07-25 07:02:00,Lead Analyst,INC-2026619,Escalated
ESC-0619,ALT-002431,ANL-015,Discretionary,2026-08-11 13:23:00,Lead Analyst,INC-2026620,Escalated
ESC-0620,ALT-002435,ANL-015,Yes,2026-07-22 22:14:00,Tier-2 CSIRT,INC-2026621,Escalated
ESC-0621,ALT-002439,ANL-021,Discretionary,2026-08-01 23:22:00,Lead Analyst,INC-2026622,Escalated
ESC-0622,ALT-002443,ANL-020,Yes,2026-06-14 13:16:00,Tier-2 CSIRT,INC-2026623,Escalated
ESC-0623,ALT-002447,ANL-019,Yes,2026-08-20 01:31:00,Tier-2 CSIRT,INC-2026624,Escalated
ESC-0624,ALT-002454,ANL-021,Discretionary,2026-07-12 20:32:00,Lead Analyst,INC-2026625,Escalated
ESC-0625,ALT-002455,ANL-016,Discretionary,2026-06-20 13:27:00,Lead Analyst,INC-2026626,Escalated
ESC-0626,ALT-002462,ANL-014,Yes,2026-08-21 05:23:00,Tier-2 CSIRT,INC-2026627,Escalated
ESC-0627,ALT-002465,ANL-004,Yes,2026-06-30 23:32:00,Tier-2 CSIRT,INC-2026628,Escalated
ESC-0628,ALT-002466,ANL-004,Discretionary,2026-07-17 16:16:00,Lead Analyst,INC-2026629,Escalated
ESC-0629,ALT-002474,ANL-016,Discretionary,2026-08-22 15:40:00,Lead Analyst,INC-2026630,Escalated
ESC-0630,ALT-002479,ANL-002,Discretionary,2026-06-22 04:53:00,Lead Analyst,INC-2026631,Escalated
ESC-0631,ALT-002480,ANL-007,Discretionary,2026-09-01 23:26:00,Lead Analyst,INC-2026632,Escalated
ESC-0632,ALT-002485,ANL-008,Yes,2026-08-20 07:20:00,Tier-2 CSIRT,INC-2026633,Escalated
ESC-0633,ALT-002487,ANL-007,Yes,2026-08-20 00:56:00,Tier-2 CSIRT,INC-2026634,Escalated
ESC-0634,ALT-002488,ANL-013,Discretionary,2026-08-16 12:16:00,Lead Analyst,INC-2026635,Escalated
ESC-0635,ALT-002495,ANL-004,Yes,2026-07-19 22:42:00,Tier-2 CSIRT,INC-2026636,Escalated
ESC-0636,ALT-002497,ANL-017,Yes,2026-08-17 06:37:00,Tier-2 CSIRT,INC-2026637,Escalated
ESC-0637,ALT-002501,ANL-014,Yes,2026-08-02 14:30:00,Tier-2 CSIRT,INC-2026638,Escalated
ESC-0638,ALT-002505,ANL-008,Discretionary,2026-07-28 16:44:00,Lead Analyst,INC-2026639,Escalated
ESC-0639,ALT-002508,ANL-006,Yes,2026-08-23 14:11:00,Tier-2 CSIRT,INC-2026640,Escalated
ESC-0640,ALT-002509,ANL-019,Discretionary,2026-07-21 03:45:00,Lead Analyst,INC-2026641,Escalated
ESC-0641,ALT-002522,ANL-017,Discretionary,2026-07-15 04:49:00,Lead Analyst,INC-2026642,Escalated
ESC-0642,ALT-002529,ANL-019,Discretionary,2026-07-23 22:42:00,Lead Analyst,INC-2026643,Escalated
ESC-0643,ALT-002533,ANL-022,Yes,2026-09-05 15:07:00,Tier-2 CSIRT,INC-2026644,Escalated
ESC-0644,ALT-002536,ANL-010,Yes,2026-08-18 20:01:00,Tier-2 CSIRT,INC-2026645,Escalated
ESC-0645,ALT-002541,ANL-015,Discretionary,2026-07-10 16:54:00,Lead Analyst,INC-2026646,Escalated
ESC-0646,ALT-002545,ANL-002,Discretionary,2026-07-26 01:12:00,Lead Analyst,INC-2026647,Escalated
ESC-0647,ALT-002550,ANL-009,Discretionary,2026-08-03 11:16:00,Lead Analyst,INC-2026648,Escalated
ESC-0648,ALT-002565,ANL-017,Yes,2026-07-10 23:31:00,Tier-2 CSIRT,INC-2026649,Escalated
ESC-0649,ALT-002570,ANL-001,Discretionary,2026-08-18 22:09:00,Lead Analyst,INC-2026650,Escalated
ESC-0650,ALT-002571,ANL-019,Yes,2026-08-04 04:35:00,Tier-2 CSIRT,INC-2026651,Escalated
ESC-0651,ALT-002572,ANL-011,Yes,2026-08-11 21:03:00,Tier-2 CSIRT,INC-2026652,Escalated
ESC-0652,ALT-002573,ANL-016,Discretionary,2026-09-06 18:24:00,Lead Analyst,INC-2026653,Escalated
ESC-0653,ALT-002576,ANL-010,Discretionary,2026-08-17 12:51:00,Lead Analyst,INC-2026654,Escalated
ESC-0654,ALT-002578,ANL-005,Discretionary,2026-08-28 05:35:00,Lead Analyst,INC-2026655,Escalated
ESC-0655,ALT-002583,ANL-016,Discretionary,2026-07-03 20:58:00,Lead Analyst,INC-2026656,Escalated
ESC-0656,ALT-002587,ANL-014,Yes,2026-08-08 22:06:00,Tier-2 CSIRT,INC-2026657,Escalated
ESC-0657,ALT-002590,ANL-009,Discretionary,2026-07-03 20:05:00,Lead Analyst,INC-2026658,Escalated
ESC-0658,ALT-002594,ANL-001,Discretionary,2026-08-30 20:14:00,Lead Analyst,INC-2026659,Escalated
ESC-0659,ALT-002602,ANL-017,Yes,2026-09-09 11:56:00,Tier-2 CSIRT,INC-2026660,Escalated
ESC-0660,ALT-002605,ANL-006,Yes,2026-06-21 01:00:00,Tier-2 CSIRT,INC-2026661,Escalated
ESC-0661,ALT-002607,ANL-005,Discretionary,2026-08-28 09:17:00,Lead Analyst,INC-2026662,Escalated
ESC-0662,ALT-002608,ANL-003,Yes,2026-08-26 13:36:00,Tier-2 CSIRT,INC-2026663,Escalated
ESC-0663,ALT-002619,ANL-016,Discretionary,2026-08-17 07:19:00,Lead Analyst,INC-2026664,Escalated
ESC-0664,ALT-002620,ANL-014,Discretionary,2026-06-20 11:15:00,Lead Analyst,INC-2026665,Escalated
ESC-0665,ALT-002622,ANL-015,Discretionary,2026-06-12 21:54:00,Lead Analyst,INC-2026666,Escalated
ESC-0666,ALT-002624,ANL-018,Yes,2026-08-10 23:44:00,Tier-2 CSIRT,INC-2026667,Escalated
ESC-0667,ALT-002625,ANL-005,Discretionary,2026-06-17 12:17:00,Lead Analyst,INC-2026668,Escalated
ESC-0668,ALT-002627,ANL-021,Discretionary,2026-08-11 10:50:00,Lead Analyst,INC-2026669,Escalated
ESC-0669,ALT-002631,ANL-018,Discretionary,2026-09-10 03:15:00,Lead Analyst,INC-2026670,Escalated
ESC-0670,ALT-002634,ANL-008,Discretionary,2026-07-14 02:58:00,Lead Analyst,INC-2026671,Escalated
ESC-0671,ALT-002639,ANL-018,Yes,2026-08-29 12:55:00,Tier-2 CSIRT,INC-2026672,Escalated
ESC-0672,ALT-002645,ANL-007,Discretionary,2026-06-15 05:33:00,Lead Analyst,INC-2026673,Escalated
ESC-0673,ALT-002649,ANL-018,Yes,2026-06-26 11:53:00,Tier-2 CSIRT,INC-2026674,Escalated
ESC-0674,ALT-002651,ANL-021,Yes,2026-08-05 21:34:00,Tier-2 CSIRT,INC-2026675,Escalated
ESC-0675,ALT-002656,ANL-006,Yes,2026-08-13 22:51:00,Tier-2 CSIRT,INC-2026676,Escalated
ESC-0676,ALT-002657,ANL-003,Yes,2026-07-02 04:21:00,Tier-2 CSIRT,INC-2026677,Escalated
ESC-0677,ALT-002659,ANL-007,Discretionary,2026-06-24 08:09:00,Lead Analyst,INC-2026678,Escalated
ESC-0678,ALT-002666,ANL-015,Yes,2026-09-06 07:52:00,Tier-2 CSIRT,INC-2026679,Escalated
ESC-0679,ALT-002669,ANL-009,Yes,2026-09-09 14:21:00,Tier-2 CSIRT,INC-2026680,Escalated
ESC-0680,ALT-002671,ANL-015,Discretionary,2026-09-10 04:06:00,Lead Analyst,INC-2026681,Escalated
ESC-0681,ALT-002677,ANL-016,Discretionary,2026-06-30 08:45:00,Lead Analyst,INC-2026682,Escalated
ESC-0682,ALT-002678,ANL-013,Yes,2026-07-12 18:48:00,Tier-2 CSIRT,INC-2026683,Escalated
ESC-0683,ALT-002695,ANL-003,Yes,2026-06-28 17:13:00,Tier-2 CSIRT,INC-2026684,Escalated
ESC-0684,ALT-002696,ANL-009,Yes,2026-07-02 03:57:00,Tier-2 CSIRT,INC-2026685,Escalated
ESC-0685,ALT-002718,ANL-010,Yes,2026-08-17 04:10:00,Tier-2 CSIRT,INC-2026686,Escalated
ESC-0686,ALT-002723,ANL-021,Discretionary,2026-06-17 10:41:00,Lead Analyst,INC-2026687,Escalated
ESC-0687,ALT-002724,ANL-008,Discretionary,2026-06-28 08:25:00,Lead Analyst,INC-2026688,Escalated
ESC-0688,ALT-002725,ANL-022,Yes,2026-07-11 03:30:00,Tier-2 CSIRT,INC-2026689,Escalated
ESC-0689,ALT-002726,ANL-010,Discretionary,2026-07-31 15:19:00,Lead Analyst,INC-2026690,Escalated
ESC-0690,ALT-002730,ANL-017,Discretionary,2026-06-28 18:10:00,Lead Analyst,INC-2026691,Escalated
ESC-0691,ALT-002737,ANL-007,Discretionary,2026-06-17 11:00:00,Lead Analyst,INC-2026692,Escalated
ESC-0692,ALT-002738,ANL-020,Yes,2026-07-27 09:38:00,Tier-2 CSIRT,INC-2026693,Escalated
ESC-0693,ALT-002740,ANL-001,Yes,2026-08-12 00:35:00,Tier-2 CSIRT,INC-2026694,Escalated
ESC-0694,ALT-002745,ANL-011,Yes,2026-08-05 05:15:00,Tier-2 CSIRT,INC-2026695,Escalated
ESC-0695,ALT-002746,ANL-021,Yes,2026-06-28 12:04:00,Tier-2 CSIRT,INC-2026696,Escalated
ESC-0696,ALT-002754,ANL-018,Yes,2026-07-11 00:18:00,Tier-2 CSIRT,INC-2026697,Escalated
ESC-0697,ALT-002757,ANL-002,Yes,2026-08-17 09:00:00,Tier-2 CSIRT,INC-2026698,Escalated
ESC-0698,ALT-002764,ANL-002,Yes,2026-08-17 23:59:00,Tier-2 CSIRT,INC-2026699,Escalated
ESC-0699,ALT-002766,ANL-018,Yes,2026-08-27 10:37:00,Tier-2 CSIRT,INC-2026700,Escalated
ESC-0700,ALT-002768,ANL-005,Discretionary,2026-08-01 17:36:00,Lead Analyst,INC-2026701,Escalated
ESC-0701,ALT-002775,ANL-017,Yes,2026-07-07 11:25:00,Tier-2 CSIRT,INC-2026702,Escalated
ESC-0702,ALT-002777,ANL-012,Discretionary,2026-07-19 10:07:00,Lead Analyst,INC-2026703,Escalated
ESC-0703,ALT-002779,ANL-017,Discretionary,2026-07-25 07:40:00,Lead Analyst,INC-2026704,Escalated
ESC-0704,ALT-002784,ANL-010,Discretionary,2026-07-31 04:43:00,Lead Analyst,INC-2026705,Escalated
ESC-0705,ALT-002785,ANL-015,Discretionary,2026-08-13 04:37:00,Lead Analyst,INC-2026706,Escalated
ESC-0706,ALT-002787,ANL-016,Yes,2026-08-21 21:54:00,Tier-2 CSIRT,INC-2026707,Escalated
ESC-0707,ALT-002789,ANL-008,Discretionary,2026-06-20 01:22:00,Lead Analyst,INC-2026708,Escalated
ESC-0708,ALT-002792,ANL-005,Yes,2026-08-11 14:56:00,Tier-2 CSIRT,INC-2026709,Escalated
ESC-0709,ALT-002798,ANL-007,Discretionary,2026-06-24 21:06:00,Lead Analyst,INC-2026710,Escalated
ESC-0710,ALT-002802,ANL-016,Discretionary,2026-06-12 08:34:00,Lead Analyst,INC-2026711,Escalated
ESC-0711,ALT-002812,ANL-020,Discretionary,2026-07-27 09:14:00,Lead Analyst,INC-2026712,Escalated
ESC-0712,ALT-002818,ANL-012,Discretionary,2026-06-17 07:51:00,Lead Analyst,INC-2026713,Escalated
ESC-0713,ALT-002821,ANL-003,Discretionary,2026-08-08 14:55:00,Lead Analyst,INC-2026714,Escalated
ESC-0714,ALT-002825,ANL-013,Yes,2026-07-13 15:48:00,Tier-2 CSIRT,INC-2026715,Escalated
ESC-0715,ALT-002826,ANL-007,Discretionary,2026-07-09 15:51:00,Lead Analyst,INC-2026716,Escalated
ESC-0716,ALT-002830,ANL-007,Yes,2026-07-15 20:15:00,Tier-2 CSIRT,INC-2026717,Escalated
ESC-0717,ALT-002831,ANL-017,Yes,2026-06-22 05:15:00,Tier-2 CSIRT,INC-2026718,Escalated
ESC-0718,ALT-002832,ANL-018,Discretionary,2026-09-06 03:17:00,Lead Analyst,INC-2026719,Escalated
ESC-0719,ALT-002835,ANL-008,Discretionary,2026-08-19 23:47:00,Lead Analyst,INC-2026720,Escalated
ESC-0720,ALT-002837,ANL-007,Discretionary,2026-06-16 17:29:00,Lead Analyst,INC-2026721,Escalated
ESC-0721,ALT-002840,ANL-022,Discretionary,2026-09-10 01:15:00,Lead Analyst,INC-2026722,Escalated
ESC-0722,ALT-002842,ANL-004,Discretionary,2026-08-08 19:26:00,Lead Analyst,INC-2026723,Escalated
ESC-0723,ALT-002846,ANL-005,Yes,2026-06-25 15:12:00,Tier-2 CSIRT,INC-2026724,Escalated
ESC-0724,ALT-002850,ANL-001,Discretionary,2026-09-03 17:29:00,Lead Analyst,INC-2026725,Escalated
ESC-0725,ALT-002854,ANL-014,Discretionary,2026-07-18 23:28:00,Lead Analyst,INC-2026726,Escalated
ESC-0726,ALT-002857,ANL-020,Discretionary,2026-08-29 07:50:00,Lead Analyst,INC-2026727,Escalated
ESC-0727,ALT-002858,ANL-020,Discretionary,2026-06-27 08:20:00,Lead Analyst,INC-2026728,Escalated
ESC-0728,ALT-002860,ANL-008,Yes,2026-09-05 16:06:00,Tier-2 CSIRT,INC-2026729,Escalated
ESC-0729,ALT-002867,ANL-020,Yes,2026-08-27 11:12:00,Tier-2 CSIRT,INC-2026730,Escalated
ESC-0730,ALT-002870,ANL-018,Yes,2026-07-14 01:12:00,Tier-2 CSIRT,INC-2026731,Escalated
ESC-0731,ALT-002874,ANL-006,Discretionary,2026-07-25 22:55:00,Lead Analyst,INC-2026732,Escalated
ESC-0732,ALT-002875,ANL-009,Yes,2026-08-01 03:19:00,Tier-2 CSIRT,INC-2026733,Escalated
ESC-0733,ALT-002878,ANL-003,Yes,2026-07-17 06:01:00,Tier-2 CSIRT,INC-2026734,Escalated
ESC-0734,ALT-002884,ANL-010,Discretionary,2026-07-08 18:16:00,Lead Analyst,INC-2026735,Escalated
ESC-0735,ALT-002886,ANL-005,Discretionary,2026-07-25 03:02:00,Lead Analyst,INC-2026736,Escalated
ESC-0736,ALT-002891,ANL-017,Discretionary,2026-07-21 02:29:00,Lead Analyst,INC-2026737,Escalated
ESC-0737,ALT-002892,ANL-002,Discretionary,2026-08-06 11:02:00,Lead Analyst,INC-2026738,Escalated
ESC-0738,ALT-002902,ANL-001,Yes,2026-08-14 05:49:00,Tier-2 CSIRT,INC-2026739,Escalated
ESC-0739,ALT-002904,ANL-019,Yes,2026-08-25 18:22:00,Tier-2 CSIRT,INC-2026740,Escalated
ESC-0740,ALT-002905,ANL-022,Yes,2026-07-11 01:00:00,Tier-2 CSIRT,INC-2026741,Escalated
ESC-0741,ALT-002908,ANL-022,Discretionary,2026-07-02 20:35:00,Lead Analyst,INC-2026742,Escalated
ESC-0742,ALT-002912,ANL-020,Discretionary,2026-07-03 12:40:00,Lead Analyst,INC-2026743,Escalated
ESC-0743,ALT-002915,ANL-019,Discretionary,2026-09-02 06:59:00,Lead Analyst,INC-2026744,Escalated
ESC-0744,ALT-002918,ANL-011,Discretionary,2026-07-17 13:32:00,Lead Analyst,INC-2026745,Escalated
ESC-0745,ALT-002920,ANL-015,Discretionary,2026-07-26 02:38:00,Lead Analyst,INC-2026746,Escalated
ESC-0746,ALT-002921,ANL-010,Yes,2026-07-27 18:12:00,Tier-2 CSIRT,INC-2026747,Escalated
ESC-0747,ALT-002927,ANL-009,Yes,2026-08-16 17:05:00,Tier-2 CSIRT,INC-2026748,Escalated
ESC-0748,ALT-002929,ANL-020,Discretionary,2026-06-30 13:51:00,Lead Analyst,INC-2026749,Escalated
ESC-0749,ALT-002932,ANL-002,Discretionary,2026-06-29 06:02:00,Lead Analyst,INC-2026750,Escalated
ESC-0750,ALT-002933,ANL-003,Yes,2026-07-28 11:58:00,Tier-2 CSIRT,INC-2026751,Escalated
ESC-0751,ALT-002936,ANL-022,Discretionary,2026-07-07 10:01:00,Lead Analyst,INC-2026752,Escalated
ESC-0752,ALT-002937,ANL-004,Discretionary,2026-07-14 23:59:00,Lead Analyst,INC-2026753,Escalated
ESC-0753,ALT-002939,ANL-009,Discretionary,2026-06-14 01:40:00,Lead Analyst,INC-2026754,Escalated
ESC-0754,ALT-002945,ANL-019,Yes,2026-07-31 18:23:00,Tier-2 CSIRT,INC-2026755,Escalated
ESC-0755,ALT-002950,ANL-022,Discretionary,2026-08-14 00:48:00,Lead Analyst,INC-2026756,Escalated
ESC-0756,ALT-002955,ANL-010,Yes,2026-07-14 14:09:00,Tier-2 CSIRT,INC-2026757,Escalated
ESC-0757,ALT-002956,ANL-008,Discretionary,2026-06-30 16:02:00,Lead Analyst,INC-2026758,Escalated
ESC-0758,ALT-002957,ANL-015,Discretionary,2026-07-06 08:30:00,Lead Analyst,INC-2026759,Escalated
ESC-0759,ALT-002958,ANL-021,Yes,2026-06-26 00:42:00,Tier-2 CSIRT,INC-2026760,Escalated
ESC-0760,ALT-002960,ANL-004,Yes,2026-07-19 10:32:00,Tier-2 CSIRT,INC-2026761,Escalated
ESC-0761,ALT-002964,ANL-001,Yes,2026-07-13 17:02:00,Tier-2 CSIRT,INC-2026762,Escalated
ESC-0762,ALT-002965,ANL-001,Yes,2026-08-03 11:29:00,Tier-2 CSIRT,INC-2026763,Escalated
ESC-0763,ALT-002967,ANL-017,Yes,2026-07-04 15:14:00,Tier-2 CSIRT,INC-2026764,Escalated
ESC-0764,ALT-002968,ANL-015,Discretionary,2026-08-26 02:16:00,Lead Analyst,INC-2026765,Escalated
ESC-0765,ALT-002969,ANL-011,Yes,2026-09-01 15:44:00,Tier-2 CSIRT,INC-2026766,Escalated
ESC-0766,ALT-002974,ANL-014,Yes,2026-08-05 07:29:00,Tier-2 CSIRT,INC-2026767,Escalated
ESC-0767,ALT-002975,ANL-021,Yes,2026-07-29 23:34:00,Tier-2 CSIRT,INC-2026768,Escalated
ESC-0768,ALT-002980,ANL-009,Discretionary,2026-07-07 18:49:00,Lead Analyst,INC-2026769,Escalated
ESC-0769,ALT-002987,ANL-022,Discretionary,2026-08-29 21:24:00,Lead Analyst,INC-2026770,Escalated
ESC-0770,ALT-002988,ANL-021,Yes,2026-08-08 18:34:00,Tier-2 CSIRT,INC-2026771,Escalated
ESC-0771,ALT-002992,ANL-018,Discretionary,2026-08-07 13:47:00,Lead Analyst,INC-2026772,Escalated
ESC-0772,ALT-002996,ANL-016,Discretionary,2026-08-01 16:17:00,Lead Analyst,INC-2026773,Escalated
ESC-0773,ALT-003008,ANL-022,Yes,2026-07-30 03:18:00,Tier-2 CSIRT,INC-2026774,Escalated
ESC-0774,ALT-003014,ANL-015,Yes,2026-08-10 03:18:00,Tier-2 CSIRT,INC-2026775,Escalated
ESC-0775,ALT-003015,ANL-001,Discretionary,2026-09-05 02:15:00,Lead Analyst,INC-2026776,Escalated
ESC-0776,ALT-003021,ANL-008,Discretionary,2026-08-08 17:12:00,Lead Analyst,INC-2026777,Escalated
ESC-0777,ALT-003023,ANL-008,Yes,2026-08-03 03:47:00,Tier-2 CSIRT,INC-2026778,Escalated
ESC-0778,ALT-003031,ANL-007,Yes,2026-07-28 11:39:00,Tier-2 CSIRT,INC-2026779,Escalated
ESC-0779,ALT-003041,ANL-016,Yes,2026-07-14 04:03:00,Tier-2 CSIRT,INC-2026780,Escalated
ESC-0780,ALT-003048,ANL-015,Yes,2026-07-21 17:01:00,Tier-2 CSIRT,INC-2026781,Escalated
ESC-0781,ALT-003049,ANL-022,Yes,2026-09-02 08:43:00,Tier-2 CSIRT,INC-2026782,Escalated
ESC-0782,ALT-003050,ANL-017,Discretionary,2026-06-24 09:41:00,Lead Analyst,INC-2026783,Escalated
ESC-0783,ALT-003054,ANL-017,Discretionary,2026-06-15 23:45:00,Lead Analyst,INC-2026784,Escalated
ESC-0784,ALT-003057,ANL-020,Discretionary,2026-06-27 13:02:00,Lead Analyst,INC-2026785,Escalated
ESC-0785,ALT-003065,ANL-009,Discretionary,2026-07-29 03:13:00,Lead Analyst,INC-2026786,Escalated
ESC-0786,ALT-003066,ANL-005,Discretionary,2026-06-18 14:09:00,Lead Analyst,INC-2026787,Escalated
ESC-0787,ALT-003067,ANL-005,Discretionary,2026-09-10 07:17:00,Lead Analyst,INC-2026788,Escalated
ESC-0788,ALT-003072,ANL-015,Discretionary,2026-07-20 18:34:00,Lead Analyst,INC-2026789,Escalated
ESC-0789,ALT-003076,ANL-015,Discretionary,2026-08-10 11:52:00,Lead Analyst,INC-2026790,Escalated
ESC-0790,ALT-003077,ANL-007,Yes,2026-08-06 20:56:00,Tier-2 CSIRT,INC-2026791,Escalated
ESC-0791,ALT-003078,ANL-002,Discretionary,2026-06-28 04:34:00,Lead Analyst,INC-2026792,Escalated
ESC-0792,ALT-003081,ANL-004,Discretionary,2026-08-27 11:21:00,Lead Analyst,INC-2026793,Escalated
ESC-0793,ALT-003082,ANL-010,Discretionary,2026-07-31 08:01:00,Lead Analyst,INC-2026794,Escalated
ESC-0794,ALT-003083,ANL-019,Yes,2026-09-08 04:43:00,Tier-2 CSIRT,INC-2026795,Escalated
ESC-0795,ALT-003086,ANL-019,Yes,2026-07-04 03:50:00,Tier-2 CSIRT,INC-2026796,Escalated
ESC-0796,ALT-003088,ANL-019,Yes,2026-06-20 05:52:00,Tier-2 CSIRT,INC-2026797,Escalated
ESC-0797,ALT-003101,ANL-007,Discretionary,2026-06-29 15:56:00,Lead Analyst,INC-2026798,Escalated
ESC-0798,ALT-003103,ANL-013,Discretionary,2026-06-29 07:57:00,Lead Analyst,INC-2026799,Escalated
ESC-0799,ALT-003106,ANL-016,Discretionary,2026-08-01 13:10:00,Lead Analyst,INC-2026800,Escalated
ESC-0800,ALT-003107,ANL-009,Discretionary,2026-08-28 12:27:00,Lead Analyst,INC-2026801,Escalated
ESC-0801,ALT-003108,ANL-012,Yes,2026-07-17 07:40:00,Tier-2 CSIRT,INC-2026802,Escalated
ESC-0802,ALT-003109,ANL-003,Discretionary,2026-08-28 06:33:00,Lead Analyst,INC-2026803,Escalated
ESC-0803,ALT-003119,ANL-012,Yes,2026-08-16 18:53:00,Tier-2 CSIRT,INC-2026804,Escalated
ESC-0804,ALT-003120,ANL-013,Yes,2026-09-01 09:09:00,Tier-2 CSIRT,INC-2026805,Escalated
ESC-0805,ALT-003134,ANL-005,Discretionary,2026-07-15 12:41:00,Lead Analyst,INC-2026806,Escalated
ESC-0806,ALT-003137,ANL-018,Discretionary,2026-09-01 22:57:00,Lead Analyst,INC-2026807,Escalated
ESC-0807,ALT-003141,ANL-008,Discretionary,2026-07-02 16:41:00,Lead Analyst,INC-2026808,Escalated
ESC-0808,ALT-003142,ANL-005,Discretionary,2026-08-06 17:05:00,Lead Analyst,INC-2026809,Escalated
ESC-0809,ALT-003145,ANL-017,Yes,2026-08-04 04:10:00,Tier-2 CSIRT,INC-2026810,Escalated
ESC-0810,ALT-003154,ANL-020,Discretionary,2026-06-17 05:42:00,Lead Analyst,INC-2026811,Escalated
ESC-0811,ALT-003159,ANL-012,Yes,2026-06-30 01:42:00,Tier-2 CSIRT,INC-2026812,Escalated
ESC-0812,ALT-003162,ANL-018,Discretionary,2026-08-07 16:25:00,Lead Analyst,INC-2026813,Escalated
ESC-0813,ALT-003165,ANL-009,Yes,2026-06-21 08:19:00,Tier-2 CSIRT,INC-2026814,Escalated
ESC-0814,ALT-003168,ANL-005,Discretionary,2026-07-24 14:54:00,Lead Analyst,INC-2026815,Escalated
ESC-0815,ALT-003169,ANL-007,Yes,2026-08-20 21:30:00,Tier-2 CSIRT,INC-2026816,Escalated
ESC-0816,ALT-003171,ANL-008,Discretionary,2026-06-20 13:34:00,Lead Analyst,INC-2026817,Escalated
ESC-0817,ALT-003174,ANL-002,Discretionary,2026-08-29 04:52:00,Lead Analyst,INC-2026818,Escalated
ESC-0818,ALT-003175,ANL-020,Discretionary,2026-07-17 04:51:00,Lead Analyst,INC-2026819,Escalated
ESC-0819,ALT-003179,ANL-012,Discretionary,2026-07-11 03:42:00,Lead Analyst,INC-2026820,Escalated
ESC-0820,ALT-003182,ANL-003,Discretionary,2026-08-06 04:24:00,Lead Analyst,INC-2026821,Escalated
ESC-0821,ALT-003183,ANL-016,Yes,2026-09-04 15:22:00,Tier-2 CSIRT,INC-2026822,Escalated
ESC-0822,ALT-003185,ANL-003,Yes,2026-09-06 07:15:00,Tier-2 CSIRT,INC-2026823,Escalated
ESC-0823,ALT-003186,ANL-016,Yes,2026-06-30 09:43:00,Tier-2 CSIRT,INC-2026824,Escalated
ESC-0824,ALT-003190,ANL-003,Discretionary,2026-07-01 02:09:00,Lead Analyst,INC-2026825,Escalated
ESC-0825,ALT-003205,ANL-003,Yes,2026-07-06 00:54:00,Tier-2 CSIRT,INC-2026826,Escalated
ESC-0826,ALT-003208,ANL-002,Discretionary,2026-09-08 07:47:00,Lead Analyst,INC-2026827,Escalated
ESC-0827,ALT-003209,ANL-011,Discretionary,2026-07-08 20:54:00,Lead Analyst,INC-2026828,Escalated
ESC-0828,ALT-003210,ANL-011,Yes,2026-08-29 05:18:00,Tier-2 CSIRT,INC-2026829,Escalated
ESC-0829,ALT-003218,ANL-015,Yes,2026-07-21 13:53:00,Tier-2 CSIRT,INC-2026830,Escalated
ESC-0830,ALT-003221,ANL-008,Discretionary,2026-06-18 03:34:00,Lead Analyst,INC-2026831,Escalated
ESC-0831,ALT-003224,ANL-013,Discretionary,2026-09-08 08:19:00,Lead Analyst,INC-2026832,Escalated
ESC-0832,ALT-003225,ANL-013,Discretionary,2026-06-18 07:56:00,Lead Analyst,INC-2026833,Escalated
ESC-0833,ALT-003226,ANL-013,Discretionary,2026-07-29 11:30:00,Lead Analyst,INC-2026834,Escalated
ESC-0834,ALT-003227,ANL-002,Yes,2026-08-12 12:58:00,Tier-2 CSIRT,INC-2026835,Escalated
ESC-0835,ALT-003232,ANL-017,Yes,2026-08-27 17:54:00,Tier-2 CSIRT,INC-2026836,Escalated
ESC-0836,ALT-003234,ANL-015,Yes,2026-07-05 09:14:00,Tier-2 CSIRT,INC-2026837,Escalated
ESC-0837,ALT-003237,ANL-016,Discretionary,2026-08-30 18:36:00,Lead Analyst,INC-2026838,Escalated
ESC-0838,ALT-003241,ANL-015,Discretionary,2026-07-24 23:19:00,Lead Analyst,INC-2026839,Escalated
ESC-0839,ALT-003245,ANL-006,Discretionary,2026-07-05 03:00:00,Lead Analyst,INC-2026840,Escalated
ESC-0840,ALT-003251,ANL-013,Discretionary,2026-07-23 03:26:00,Lead Analyst,INC-2026841,Escalated
ESC-0841,ALT-003254,ANL-013,Discretionary,2026-08-04 21:53:00,Lead Analyst,INC-2026842,Escalated
ESC-0842,ALT-003261,ANL-002,Yes,2026-09-10 06:41:00,Tier-2 CSIRT,INC-2026843,Escalated
ESC-0843,ALT-003264,ANL-009,Yes,2026-07-07 13:11:00,Tier-2 CSIRT,INC-2026844,Escalated
ESC-0844,ALT-003266,ANL-004,Discretionary,2026-07-25 10:46:00,Lead Analyst,INC-2026845,Escalated
ESC-0845,ALT-003267,ANL-018,Yes,2026-07-12 16:36:00,Tier-2 CSIRT,INC-2026846,Escalated
ESC-0846,ALT-003268,ANL-002,Discretionary,2026-07-02 21:08:00,Lead Analyst,INC-2026847,Escalated
ESC-0847,ALT-003269,ANL-006,Yes,2026-08-01 17:52:00,Tier-2 CSIRT,INC-2026848,Escalated
ESC-0848,ALT-003270,ANL-008,Yes,2026-07-30 09:44:00,Tier-2 CSIRT,INC-2026849,Escalated
ESC-0849,ALT-003273,ANL-016,Discretionary,2026-06-17 02:01:00,Lead Analyst,INC-2026850,Escalated
ESC-0850,ALT-003276,ANL-020,Yes,2026-06-13 12:04:00,Tier-2 CSIRT,INC-2026851,Escalated
ESC-0851,ALT-003287,ANL-008,Discretionary,2026-06-29 13:38:00,Lead Analyst,INC-2026852,Escalated
ESC-0852,ALT-003293,ANL-015,Yes,2026-08-03 11:16:00,Tier-2 CSIRT,INC-2026853,Escalated
ESC-0853,ALT-003299,ANL-021,Discretionary,2026-07-02 21:54:00,Lead Analyst,INC-2026854,Escalated
ESC-0854,ALT-003313,ANL-019,Yes,2026-07-27 21:48:00,Tier-2 CSIRT,INC-2026855,Escalated
ESC-0855,ALT-003316,ANL-006,Yes,2026-06-15 18:01:00,Tier-2 CSIRT,INC-2026856,Escalated
ESC-0856,ALT-003319,ANL-019,Yes,2026-06-28 12:12:00,Tier-2 CSIRT,INC-2026857,Escalated
ESC-0857,ALT-003321,ANL-020,Discretionary,2026-07-02 18:20:00,Lead Analyst,INC-2026858,Escalated
ESC-0858,ALT-003325,ANL-014,Discretionary,2026-06-16 03:21:00,Lead Analyst,INC-2026859,Escalated
ESC-0859,ALT-003342,ANL-002,Yes,2026-07-05 13:12:00,Tier-2 CSIRT,INC-2026860,Escalated
ESC-0860,ALT-003344,ANL-015,Discretionary,2026-07-04 11:36:00,Lead Analyst,INC-2026861,Escalated
ESC-0861,ALT-003345,ANL-010,Yes,2026-08-10 02:25:00,Tier-2 CSIRT,INC-2026862,Escalated
ESC-0862,ALT-003351,ANL-010,Discretionary,2026-06-25 18:16:00,Lead Analyst,INC-2026863,Escalated
ESC-0863,ALT-003353,ANL-012,Discretionary,2026-08-19 19:07:00,Lead Analyst,INC-2026864,Escalated
ESC-0864,ALT-003359,ANL-013,Discretionary,2026-08-27 03:38:00,Lead Analyst,INC-2026865,Escalated
ESC-0865,ALT-003360,ANL-021,Yes,2026-08-26 01:10:00,Tier-2 CSIRT,INC-2026866,Escalated
ESC-0866,ALT-003370,ANL-004,Yes,2026-09-01 22:13:00,Tier-2 CSIRT,INC-2026867,Escalated
ESC-0867,ALT-003376,ANL-006,Yes,2026-08-25 22:30:00,Tier-2 CSIRT,INC-2026868,Escalated
ESC-0868,ALT-003380,ANL-004,Yes,2026-08-09 03:07:00,Tier-2 CSIRT,INC-2026869,Escalated
ESC-0869,ALT-003387,ANL-014,Discretionary,2026-08-26 07:18:00,Lead Analyst,INC-2026870,Escalated
ESC-0870,ALT-003388,ANL-018,Yes,2026-08-13 03:44:00,Tier-2 CSIRT,INC-2026871,Escalated
ESC-0871,ALT-003389,ANL-015,Discretionary,2026-08-09 04:47:00,Lead Analyst,INC-2026872,Escalated
ESC-0872,ALT-003390,ANL-005,Discretionary,2026-09-08 22:56:00,Lead Analyst,INC-2026873,Escalated
ESC-0873,ALT-003391,ANL-011,Discretionary,2026-08-26 02:29:00,Lead Analyst,INC-2026874,Escalated
ESC-0874,ALT-003394,ANL-021,Yes,2026-08-20 05:19:00,Tier-2 CSIRT,INC-2026875,Escalated
ESC-0875,ALT-003398,ANL-010,Discretionary,2026-07-09 08:58:00,Lead Analyst,INC-2026876,Escalated
ESC-0876,ALT-003400,ANL-001,Yes,2026-08-29 22:16:00,Tier-2 CSIRT,INC-2026877,Escalated
ESC-0877,ALT-003407,ANL-017,Discretionary,2026-08-14 19:58:00,Lead Analyst,INC-2026878,Escalated
ESC-0878,ALT-003412,ANL-012,Discretionary,2026-06-15 23:35:00,Lead Analyst,INC-2026879,Escalated
ESC-0879,ALT-003413,ANL-003,Discretionary,2026-07-01 21:25:00,Lead Analyst,INC-2026880,Escalated
ESC-0880,ALT-003416,ANL-021,Discretionary,2026-08-03 20:53:00,Lead Analyst,INC-2026881,Escalated
ESC-0881,ALT-003430,ANL-014,Discretionary,2026-06-18 16:20:00,Lead Analyst,INC-2026882,Escalated
ESC-0882,ALT-003435,ANL-005,Yes,2026-08-12 18:56:00,Tier-2 CSIRT,INC-2026883,Escalated
ESC-0883,ALT-003436,ANL-006,Yes,2026-09-06 06:00:00,Tier-2 CSIRT,INC-2026884,Escalated
ESC-0884,ALT-003439,ANL-009,Discretionary,2026-08-29 12:06:00,Lead Analyst,INC-2026885,Escalated
ESC-0885,ALT-003442,ANL-007,Yes,2026-07-23 20:49:00,Tier-2 CSIRT,INC-2026886,Escalated
ESC-0886,ALT-003453,ANL-015,Discretionary,2026-07-30 22:04:00,Lead Analyst,INC-2026887,Escalated
ESC-0887,ALT-003455,ANL-022,Discretionary,2026-07-12 04:08:00,Lead Analyst,INC-2026888,Escalated
ESC-0888,ALT-003461,ANL-012,Discretionary,2026-09-05 17:33:00,Lead Analyst,INC-2026889,Escalated
ESC-0889,ALT-003473,ANL-015,Discretionary,2026-08-22 10:02:00,Lead Analyst,INC-2026890,Escalated
ESC-0890,ALT-003477,ANL-021,Yes,2026-08-23 08:36:00,Tier-2 CSIRT,INC-2026891,Escalated
ESC-0891,ALT-003490,ANL-002,Yes,2026-07-11 04:59:00,Tier-2 CSIRT,INC-2026892,Escalated
ESC-0892,ALT-003497,ANL-014,Discretionary,2026-09-08 23:16:00,Lead Analyst,INC-2026893,Escalated
ESC-0893,ALT-003499,ANL-021,Discretionary,2026-08-26 07:51:00,Lead Analyst,INC-2026894,Escalated
ESC-0894,ALT-003507,ANL-015,Yes,2026-06-21 13:51:00,Tier-2 CSIRT,INC-2026895,Escalated
ESC-0895,ALT-003508,ANL-015,Yes,2026-07-24 09:51:00,Tier-2 CSIRT,INC-2026896,Escalated
ESC-0896,ALT-003513,ANL-002,Discretionary,2026-08-24 01:58:00,Lead Analyst,INC-2026897,Escalated
ESC-0897,ALT-003521,ANL-018,Discretionary,2026-06-16 05:20:00,Lead Analyst,INC-2026898,Escalated
ESC-0898,ALT-003522,ANL-002,Discretionary,2026-08-27 15:44:00,Lead Analyst,INC-2026899,Escalated
ESC-0899,ALT-003527,ANL-002,Yes,2026-09-08 22:48:00,Tier-2 CSIRT,INC-2026900,Escalated
ESC-0900,ALT-003528,ANL-019,Discretionary,2026-08-26 13:37:00,Lead Analyst,INC-2026901,Escalated
ESC-0901,ALT-003530,ANL-011,Discretionary,2026-08-14 04:03:00,Lead Analyst,INC-2026902,Escalated
ESC-0902,ALT-003531,ANL-021,Discretionary,2026-08-17 11:09:00,Lead Analyst,INC-2026903,Escalated
ESC-0903,ALT-003533,ANL-006,Discretionary,2026-07-25 06:00:00,Lead Analyst,INC-2026904,Escalated
ESC-0904,ALT-003537,ANL-019,Discretionary,2026-06-20 01:50:00,Lead Analyst,INC-2026905,Escalated
ESC-0905,ALT-003542,ANL-016,Yes,2026-08-22 06:41:00,Tier-2 CSIRT,INC-2026906,Escalated
ESC-0906,ALT-003553,ANL-006,Discretionary,2026-08-24 10:56:00,Lead Analyst,INC-2026907,Escalated
ESC-0907,ALT-003563,ANL-015,Discretionary,2026-06-21 12:02:00,Lead Analyst,INC-2026908,Escalated
ESC-0908,ALT-003568,ANL-011,Discretionary,2026-08-16 08:35:00,Lead Analyst,INC-2026909,Escalated
ESC-0909,ALT-003569,ANL-008,Yes,2026-06-29 18:52:00,Tier-2 CSIRT,INC-2026910,Escalated
ESC-0910,ALT-003570,ANL-022,Yes,2026-08-05 13:17:00,Tier-2 CSIRT,INC-2026911,Escalated
ESC-0911,ALT-003571,ANL-015,Yes,2026-06-22 03:58:00,Tier-2 CSIRT,INC-2026912,Escalated
ESC-0912,ALT-003575,ANL-018,Yes,2026-08-04 19:13:00,Tier-2 CSIRT,INC-2026913,Escalated
ESC-0913,ALT-003582,ANL-002,Yes,2026-07-01 00:18:00,Tier-2 CSIRT,INC-2026914,Escalated
ESC-0914,ALT-003584,ANL-010,Yes,2026-08-07 00:15:00,Tier-2 CSIRT,INC-2026915,Escalated
ESC-0915,ALT-003585,ANL-017,Discretionary,2026-06-19 18:24:00,Lead Analyst,INC-2026916,Escalated
ESC-0916,ALT-003586,ANL-015,Discretionary,2026-09-06 12:37:00,Lead Analyst,INC-2026917,Escalated
ESC-0917,ALT-003596,ANL-002,Yes,2026-06-18 22:13:00,Tier-2 CSIRT,INC-2026918,Escalated
ESC-0918,ALT-003603,ANL-019,Discretionary,2026-08-25 22:39:00,Lead Analyst,INC-2026919,Escalated
ESC-0919,ALT-003604,ANL-012,Yes,2026-09-05 02:02:00,Tier-2 CSIRT,INC-2026920,Escalated
ESC-0920,ALT-003605,ANL-001,Yes,2026-07-27 04:55:00,Tier-2 CSIRT,INC-2026921,Escalated
ESC-0921,ALT-003607,ANL-017,Discretionary,2026-07-13 01:42:00,Lead Analyst,INC-2026922,Escalated
ESC-0922,ALT-003610,ANL-004,Yes,2026-06-27 08:01:00,Tier-2 CSIRT,INC-2026923,Escalated
ESC-0923,ALT-003613,ANL-014,Discretionary,2026-07-12 18:10:00,Lead Analyst,INC-2026924,Escalated
ESC-0924,ALT-003619,ANL-018,Yes,2026-07-08 12:55:00,Tier-2 CSIRT,INC-2026925,Escalated
ESC-0925,ALT-003622,ANL-006,Yes,2026-08-29 21:24:00,Tier-2 CSIRT,INC-2026926,Escalated
ESC-0926,ALT-003628,ANL-020,Discretionary,2026-07-09 02:59:00,Lead Analyst,INC-2026927,Escalated
ESC-0927,ALT-003630,ANL-013,Discretionary,2026-08-05 15:52:00,Lead Analyst,INC-2026928,Escalated
ESC-0928,ALT-003637,ANL-013,Yes,2026-06-14 16:15:00,Tier-2 CSIRT,INC-2026929,Escalated
ESC-0929,ALT-003638,ANL-011,Discretionary,2026-08-05 07:18:00,Lead Analyst,INC-2026930,Escalated
ESC-0930,ALT-003641,ANL-009,Yes,2026-08-24 20:21:00,Tier-2 CSIRT,INC-2026931,Escalated
ESC-0931,ALT-003652,ANL-018,Discretionary,2026-07-09 02:54:00,Lead Analyst,INC-2026932,Escalated
ESC-0932,ALT-003658,ANL-010,Yes,2026-06-25 01:27:00,Tier-2 CSIRT,INC-2026933,Escalated
ESC-0933,ALT-003659,ANL-016,Discretionary,2026-07-04 07:46:00,Lead Analyst,INC-2026934,Escalated
ESC-0934,ALT-003661,ANL-008,Discretionary,2026-08-11 05:14:00,Lead Analyst,INC-2026935,Escalated
ESC-0935,ALT-003663,ANL-004,Discretionary,2026-07-28 08:10:00,Lead Analyst,INC-2026936,Escalated
ESC-0936,ALT-003667,ANL-014,Discretionary,2026-07-12 23:17:00,Lead Analyst,INC-2026937,Escalated
ESC-0937,ALT-003669,ANL-022,Discretionary,2026-08-02 15:45:00,Lead Analyst,INC-2026938,Escalated
ESC-0938,ALT-003683,ANL-009,Yes,2026-08-15 14:02:00,Tier-2 CSIRT,INC-2026939,Escalated
ESC-0939,ALT-003686,ANL-015,Yes,2026-08-22 17:07:00,Tier-2 CSIRT,INC-2026940,Escalated
ESC-0940,ALT-003688,ANL-014,Discretionary,2026-08-15 19:26:00,Lead Analyst,INC-2026941,Escalated
ESC-0941,ALT-003691,ANL-003,Yes,2026-08-17 11:01:00,Tier-2 CSIRT,INC-2026942,Escalated
ESC-0942,ALT-003693,ANL-013,Discretionary,2026-07-26 01:15:00,Lead Analyst,INC-2026943,Escalated
ESC-0943,ALT-003697,ANL-013,Yes,2026-06-23 00:33:00,Tier-2 CSIRT,INC-2026944,Escalated
ESC-0944,ALT-003699,ANL-003,Discretionary,2026-07-20 09:07:00,Lead Analyst,INC-2026945,Escalated
ESC-0945,ALT-003707,ANL-008,Yes,2026-06-18 19:35:00,Tier-2 CSIRT,INC-2026946,Escalated
ESC-0946,ALT-003709,ANL-018,Discretionary,2026-08-12 20:56:00,Lead Analyst,INC-2026947,Escalated
ESC-0947,ALT-003715,ANL-017,Discretionary,2026-08-23 02:06:00,Lead Analyst,INC-2026948,Escalated
ESC-0948,ALT-003728,ANL-017,Yes,2026-08-09 08:31:00,Tier-2 CSIRT,INC-2026949,Escalated
ESC-0949,ALT-003729,ANL-002,Discretionary,2026-09-03 01:58:00,Lead Analyst,INC-2026950,Escalated
ESC-0950,ALT-003731,ANL-004,Yes,2026-08-16 20:25:00,Tier-2 CSIRT,INC-2026951,Escalated
ESC-0951,ALT-003737,ANL-001,Discretionary,2026-07-18 14:42:00,Lead Analyst,INC-2026952,Escalated
ESC-0952,ALT-003739,ANL-003,Discretionary,2026-06-14 00:03:00,Lead Analyst,INC-2026953,Escalated
ESC-0953,ALT-003744,ANL-005,Yes,2026-08-13 04:14:00,Tier-2 CSIRT,INC-2026954,Escalated
ESC-0954,ALT-003746,ANL-021,Yes,2026-09-01 20:46:00,Tier-2 CSIRT,INC-2026955,Escalated
ESC-0955,ALT-003747,ANL-011,Discretionary,2026-08-13 02:41:00,Lead Analyst,INC-2026956,Escalated
ESC-0956,ALT-003751,ANL-013,Yes,2026-08-15 09:53:00,Tier-2 CSIRT,INC-2026957,Escalated
ESC-0957,ALT-003753,ANL-010,Discretionary,2026-07-09 14:18:00,Lead Analyst,INC-2026958,Escalated
ESC-0958,ALT-003754,ANL-003,Discretionary,2026-07-10 10:15:00,Lead Analyst,INC-2026959,Escalated
ESC-0959,ALT-003758,ANL-006,Discretionary,2026-06-13 08:41:00,Lead Analyst,INC-2026960,Escalated
ESC-0960,ALT-003759,ANL-016,Yes,2026-07-14 05:09:00,Tier-2 CSIRT,INC-2026961,Escalated
ESC-0961,ALT-003760,ANL-007,Discretionary,2026-07-28 03:02:00,Lead Analyst,INC-2026962,Escalated
ESC-0962,ALT-003764,ANL-004,Discretionary,2026-07-02 18:27:00,Lead Analyst,INC-2026963,Escalated
ESC-0963,ALT-003779,ANL-013,Yes,2026-08-21 23:21:00,Tier-2 CSIRT,INC-2026964,Escalated
ESC-0964,ALT-003784,ANL-017,Discretionary,2026-07-04 11:40:00,Lead Analyst,INC-2026965,Escalated
ESC-0965,ALT-003786,ANL-008,Yes,2026-08-03 11:33:00,Tier-2 CSIRT,INC-2026966,Escalated
ESC-0966,ALT-003789,ANL-021,Discretionary,2026-07-12 04:36:00,Lead Analyst,INC-2026967,Escalated
ESC-0967,ALT-003790,ANL-017,Discretionary,2026-06-14 18:38:00,Lead Analyst,INC-2026968,Escalated
ESC-0968,ALT-003795,ANL-018,Discretionary,2026-06-18 17:15:00,Lead Analyst,INC-2026969,Escalated
ESC-0969,ALT-003797,ANL-015,Yes,2026-08-24 00:04:00,Tier-2 CSIRT,INC-2026970,Escalated
ESC-0970,ALT-003812,ANL-036,Yes,2026-06-13 12:16:00,Tier-2 CSIRT,INC-2026971,Escalated
ESC-0971,ALT-003819,ANL-040,Yes,2026-06-17 14:18:00,Tier-2 CSIRT,INC-2026972,Escalated
ESC-0972,ALT-003826,ANL-024,Yes,2026-08-06 13:56:00,Tier-2 CSIRT,INC-2026973,Escalated
ESC-0973,ALT-003833,ANL-040,Yes,2026-09-10 08:53:00,Tier-2 CSIRT,INC-2026974,Escalated
ESC-0974,ALT-003837,ANL-036,Yes,2026-08-17 02:49:00,Tier-2 CSIRT,INC-2026975,Escalated
ESC-0975,ALT-003874,ANL-037,Yes,2026-06-28 14:05:00,Tier-2 CSIRT,INC-2026976,Escalated
ESC-0976,ALT-003884,ANL-037,Yes,2026-09-08 11:28:00,Tier-2 CSIRT,INC-2026977,Escalated
ESC-0977,ALT-003885,ANL-040,Yes,2026-08-28 09:36:00,Tier-2 CSIRT,INC-2026978,Escalated
ESC-0978,ALT-003895,ANL-027,Yes,2026-07-31 20:36:00,Tier-2 CSIRT,INC-2026979,Escalated
ESC-0979,ALT-003897,ANL-035,Yes,2026-08-08 22:50:00,Tier-2 CSIRT,INC-2026980,Escalated
ESC-0980,ALT-003899,ANL-027,Yes,2026-09-01 16:43:00,Tier-2 CSIRT,INC-2026981,Escalated
ESC-0981,ALT-003903,ANL-026,Yes,2026-08-04 11:37:00,Tier-2 CSIRT,INC-2026982,Escalated
ESC-0982,ALT-003905,ANL-037,Yes,2026-06-13 18:20:00,Tier-2 CSIRT,INC-2026983,Escalated
ESC-0983,ALT-003911,ANL-036,Yes,2026-06-14 01:46:00,Tier-2 CSIRT,INC-2026984,Escalated
ESC-0984,ALT-003934,ANL-031,Yes,2026-06-20 00:20:00,Tier-2 CSIRT,INC-2026985,Escalated
ESC-0985,ALT-003936,ANL-026,Yes,2026-06-30 10:22:00,Tier-2 CSIRT,INC-2026986,Escalated
ESC-0986,ALT-003940,ANL-031,Yes,2026-07-08 20:01:00,Tier-2 CSIRT,INC-2026987,Escalated
ESC-0987,ALT-003950,ANL-030,Yes,2026-06-19 22:41:00,Tier-2 CSIRT,INC-2026988,Escalated
ESC-0988,ALT-003955,ANL-023,Yes,2026-08-20 14:18:00,Tier-2 CSIRT,INC-2026989,Escalated
ESC-0989,ALT-003961,ANL-030,Yes,2026-07-31 17:38:00,Tier-2 CSIRT,INC-2026990,Escalated
ESC-0990,ALT-003963,ANL-033,Yes,2026-07-02 22:29:00,Tier-2 CSIRT,INC-2026991,Escalated
ESC-0991,ALT-003964,ANL-028,Yes,2026-06-21 20:30:00,Tier-2 CSIRT,INC-2026992,Escalated
ESC-0992,ALT-003967,ANL-037,Yes,2026-08-15 11:35:00,Tier-2 CSIRT,INC-2026993,Escalated
ESC-0993,ALT-003974,ANL-027,Yes,2026-07-29 18:41:00,Tier-2 CSIRT,INC-2026994,Escalated
ESC-0994,ALT-003998,ANL-033,Yes,2026-07-15 05:30:00,Tier-2 CSIRT,INC-2026995,Escalated
ESC-0995,ALT-004001,ANL-031,Yes,2026-07-22 22:03:00,Tier-2 CSIRT,INC-2026996,Escalated
ESC-0996,ALT-004003,ANL-027,Yes,2026-08-03 13:04:00,Tier-2 CSIRT,INC-2026997,Escalated
ESC-0997,ALT-004015,ANL-024,Yes,2026-06-16 20:53:00,Tier-2 CSIRT,INC-2026998,Escalated
ESC-0998,ALT-004026,ANL-040,Yes,2026-07-05 16:01:00,Tier-2 CSIRT,INC-2026999,Escalated
ESC-0999,ALT-004039,ANL-039,Yes,2026-08-21 02:30:00,Tier-2 CSIRT,INC-2027000,Escalated
ESC-1000,ALT-004043,ANL-038,Yes,2026-07-20 10:27:00,Tier-2 CSIRT,INC-2027001,Escalated
ESC-1001,ALT-004050,ANL-030,Yes,2026-08-31 20:37:00,Tier-2 CSIRT,INC-2027002,Escalated
ESC-1002,ALT-004058,ANL-035,Yes,2026-07-27 02:03:00,Tier-2 CSIRT,INC-2027003,Escalated
ESC-1003,ALT-004073,ANL-029,Yes,2026-08-28 08:04:00,Tier-2 CSIRT,INC-2027004,Escalated
ESC-1004,ALT-004077,ANL-032,Yes,2026-07-14 04:22:00,Tier-2 CSIRT,INC-2027005,Escalated
ESC-1005,ALT-004079,ANL-027,Yes,2026-09-07 00:20:00,Tier-2 CSIRT,INC-2027006,Escalated
ESC-1006,ALT-004088,ANL-026,Yes,2026-07-04 13:08:00,Tier-2 CSIRT,INC-2027007,Escalated
ESC-1007,ALT-004098,ANL-039,Yes,2026-08-12 19:36:00,Tier-2 CSIRT,INC-2027008,Escalated
ESC-1008,ALT-004104,ANL-033,Yes,2026-09-06 18:16:00,Tier-2 CSIRT,INC-2027009,Escalated
ESC-1009,ALT-004105,ANL-037,Yes,2026-07-28 16:31:00,Tier-2 CSIRT,INC-2027010,Escalated
ESC-1010,ALT-004106,ANL-030,Yes,2026-08-24 22:36:00,Tier-2 CSIRT,INC-2027011,Escalated
ESC-1011,ALT-004108,ANL-023,Yes,2026-06-22 15:22:00,Tier-2 CSIRT,INC-2027012,Escalated
ESC-1012,ALT-004123,ANL-033,Yes,2026-06-19 04:45:00,Tier-2 CSIRT,INC-2027013,Escalated
ESC-1013,ALT-004142,ANL-024,Yes,2026-07-29 07:28:00,Tier-2 CSIRT,INC-2027014,Escalated
ESC-1014,ALT-004149,ANL-028,Yes,2026-08-11 16:37:00,Tier-2 CSIRT,INC-2027015,Escalated
ESC-1015,ALT-004155,ANL-028,Yes,2026-07-25 01:47:00,Tier-2 CSIRT,INC-2027016,Escalated
ESC-1016,ALT-004167,ANL-034,Yes,2026-07-23 01:17:00,Tier-2 CSIRT,INC-2027017,Escalated
ESC-1017,ALT-004174,ANL-028,Yes,2026-06-22 23:32:00,Tier-2 CSIRT,INC-2027018,Escalated
ESC-1018,ALT-004179,ANL-023,Yes,2026-06-28 06:49:00,Tier-2 CSIRT,INC-2027019,Escalated
ESC-1019,ALT-004180,ANL-039,Yes,2026-08-13 15:08:00,Tier-2 CSIRT,INC-2027020,Escalated
ESC-1020,ALT-004195,ANL-032,Yes,2026-07-23 05:18:00,Tier-2 CSIRT,INC-2027021,Escalated
ESC-1021,ALT-004211,ANL-026,Yes,2026-06-12 09:53:00,Tier-2 CSIRT,INC-2027022,Escalated
ESC-1022,ALT-004212,ANL-024,Yes,2026-08-13 06:19:00,Tier-2 CSIRT,INC-2027023,Escalated
ESC-1023,ALT-004221,ANL-033,Yes,2026-09-02 05:20:00,Tier-2 CSIRT,INC-2027024,Escalated
ESC-1024,ALT-004230,ANL-024,Yes,2026-07-05 07:24:00,Tier-2 CSIRT,INC-2027025,Escalated
ESC-1025,ALT-004231,ANL-038,Yes,2026-07-17 23:26:00,Tier-2 CSIRT,INC-2027026,Escalated
ESC-1026,ALT-004238,ANL-035,Yes,2026-06-13 02:58:00,Tier-2 CSIRT,INC-2027027,Escalated
ESC-1027,ALT-004244,ANL-033,Yes,2026-08-31 19:08:00,Tier-2 CSIRT,INC-2027028,Escalated
ESC-1028,ALT-004250,ANL-039,Yes,2026-07-11 00:13:00,Tier-2 CSIRT,INC-2027029,Escalated
ESC-1029,ALT-004256,ANL-031,Yes,2026-08-11 19:25:00,Tier-2 CSIRT,INC-2027030,Escalated
ESC-1030,ALT-004274,ANL-026,Yes,2026-07-26 05:56:00,Tier-2 CSIRT,INC-2027031,Escalated
ESC-1031,ALT-004279,ANL-030,Yes,2026-07-29 07:11:00,Tier-2 CSIRT,INC-2027032,Escalated
ESC-1032,ALT-004283,ANL-028,Yes,2026-07-03 06:25:00,Tier-2 CSIRT,INC-2027033,Escalated
ESC-1033,ALT-004285,ANL-029,Yes,2026-07-04 02:57:00,Tier-2 CSIRT,INC-2027034,Escalated
ESC-1034,ALT-004290,ANL-039,Yes,2026-07-18 06:14:00,Tier-2 CSIRT,INC-2027035,Escalated
ESC-1035,ALT-004292,ANL-036,Yes,2026-08-14 02:30:00,Tier-2 CSIRT,INC-2027036,Escalated
ESC-1036,ALT-004294,ANL-026,Yes,2026-08-13 19:41:00,Tier-2 CSIRT,INC-2027037,Escalated
ESC-1037,ALT-004305,ANL-037,Yes,2026-07-25 20:12:00,Tier-2 CSIRT,INC-2027038,Escalated
ESC-1038,ALT-004311,ANL-030,Yes,2026-07-26 23:41:00,Tier-2 CSIRT,INC-2027039,Escalated
ESC-1039,ALT-004320,ANL-025,Yes,2026-08-31 15:36:00,Tier-2 CSIRT,INC-2027040,Escalated
ESC-1040,ALT-004321,ANL-037,Yes,2026-06-13 19:46:00,Tier-2 CSIRT,INC-2027041,Escalated
ESC-1041,ALT-004327,ANL-028,Yes,2026-08-05 06:36:00,Tier-2 CSIRT,INC-2027042,Escalated
ESC-1042,ALT-004345,ANL-025,Yes,2026-09-02 13:24:00,Tier-2 CSIRT,INC-2027043,Escalated
ESC-1043,ALT-004350,ANL-036,Yes,2026-06-25 17:36:00,Tier-2 CSIRT,INC-2027044,Escalated
ESC-1044,ALT-004362,ANL-030,Yes,2026-07-03 13:49:00,Tier-2 CSIRT,INC-2027045,Escalated
ESC-1045,ALT-004368,ANL-035,Yes,2026-07-22 17:42:00,Tier-2 CSIRT,INC-2027046,Escalated
ESC-1046,ALT-004388,ANL-036,Yes,2026-08-14 11:30:00,Tier-2 CSIRT,INC-2027047,Escalated
ESC-1047,ALT-004390,ANL-039,Yes,2026-07-30 16:53:00,Tier-2 CSIRT,INC-2027048,Escalated
ESC-1048,ALT-004400,ANL-032,Yes,2026-06-21 09:50:00,Tier-2 CSIRT,INC-2027049,Escalated
ESC-1049,ALT-004410,ANL-032,Yes,2026-08-15 15:35:00,Tier-2 CSIRT,INC-2027050,Escalated
ESC-1050,ALT-004413,ANL-031,Yes,2026-06-19 14:49:00,Tier-2 CSIRT,INC-2027051,Escalated
ESC-1051,ALT-004415,ANL-032,Yes,2026-07-10 02:28:00,Tier-2 CSIRT,INC-2027052,Escalated
ESC-1052,ALT-004421,ANL-025,Yes,2026-07-03 07:42:00,Tier-2 CSIRT,INC-2027053,Escalated
ESC-1053,ALT-004426,ANL-034,Yes,2026-09-05 21:05:00,Tier-2 CSIRT,INC-2027054,Escalated
ESC-1054,ALT-004427,ANL-029,Yes,2026-08-06 16:36:00,Tier-2 CSIRT,INC-2027055,Escalated
ESC-1055,ALT-004443,ANL-024,Yes,2026-07-21 04:32:00,Tier-2 CSIRT,INC-2027056,Escalated
ESC-1056,ALT-004449,ANL-023,Yes,2026-08-04 19:09:00,Tier-2 CSIRT,INC-2027057,Escalated
ESC-1057,ALT-004457,ANL-029,Yes,2026-08-15 02:55:00,Tier-2 CSIRT,INC-2027058,Escalated
ESC-1058,ALT-004462,ANL-024,Yes,2026-08-12 21:29:00,Tier-2 CSIRT,INC-2027059,Escalated
ESC-1059,ALT-004470,ANL-034,Yes,2026-08-10 22:07:00,Tier-2 CSIRT,INC-2027060,Escalated
ESC-1060,ALT-004503,ANL-024,Yes,2026-06-20 10:55:00,Tier-2 CSIRT,INC-2027061,Escalated
ESC-1061,ALT-004514,ANL-033,Yes,2026-07-27 00:36:00,Tier-2 CSIRT,INC-2027062,Escalated
ESC-1062,ALT-004516,ANL-030,Yes,2026-07-31 04:35:00,Tier-2 CSIRT,INC-2027063,Escalated
ESC-1063,ALT-004517,ANL-027,Yes,2026-08-23 01:16:00,Tier-2 CSIRT,INC-2027064,Escalated
ESC-1064,ALT-004526,ANL-025,Yes,2026-07-14 11:25:00,Tier-2 CSIRT,INC-2027065,Escalated
ESC-1065,ALT-004534,ANL-035,Yes,2026-07-18 14:17:00,Tier-2 CSIRT,INC-2027066,Escalated
ESC-1066,ALT-004547,ANL-030,Yes,2026-08-05 15:46:00,Tier-2 CSIRT,INC-2027067,Escalated
ESC-1067,ALT-004556,ANL-029,Yes,2026-08-17 11:55:00,Tier-2 CSIRT,INC-2027068,Escalated
ESC-1068,ALT-004570,ANL-038,Yes,2026-06-30 09:13:00,Tier-2 CSIRT,INC-2027069,Escalated
ESC-1069,ALT-004579,ANL-032,Yes,2026-07-15 18:46:00,Tier-2 CSIRT,INC-2027070,Escalated
ESC-1070,ALT-004584,ANL-032,Yes,2026-08-14 01:51:00,Tier-2 CSIRT,INC-2027071,Escalated
ESC-1071,ALT-004593,ANL-030,Yes,2026-06-16 00:16:00,Tier-2 CSIRT,INC-2027072,Escalated
ESC-1072,ALT-004614,ANL-028,Yes,2026-09-01 10:25:00,Tier-2 CSIRT,INC-2027073,Escalated
ESC-1073,ALT-004628,ANL-024,Yes,2026-07-05 00:10:00,Tier-2 CSIRT,INC-2027074,Escalated
ESC-1074,ALT-004643,ANL-030,Yes,2026-08-10 09:32:00,Tier-2 CSIRT,INC-2027075,Escalated
ESC-1075,ALT-004646,ANL-034,Yes,2026-08-30 08:18:00,Tier-2 CSIRT,INC-2027076,Escalated
ESC-1076,ALT-004649,ANL-024,Yes,2026-06-22 13:36:00,Tier-2 CSIRT,INC-2027077,Escalated
ESC-1077,ALT-004660,ANL-038,Yes,2026-09-03 17:29:00,Tier-2 CSIRT,INC-2027078,Escalated
ESC-1078,ALT-004665,ANL-028,Yes,2026-08-28 06:13:00,Tier-2 CSIRT,INC-2027079,Escalated
ESC-1079,ALT-004669,ANL-027,Yes,2026-09-01 03:40:00,Tier-2 CSIRT,INC-2027080,Escalated
ESC-1080,ALT-004689,ANL-033,Yes,2026-06-20 11:52:00,Tier-2 CSIRT,INC-2027081,Escalated
ESC-1081,ALT-004690,ANL-031,Yes,2026-07-15 05:01:00,Tier-2 CSIRT,INC-2027082,Escalated
ESC-1082,ALT-004693,ANL-035,Yes,2026-09-03 11:58:00,Tier-2 CSIRT,INC-2027083,Escalated
ESC-1083,ALT-004695,ANL-034,Yes,2026-06-16 02:28:00,Tier-2 CSIRT,INC-2027084,Escalated
ESC-1084,ALT-004713,ANL-036,Yes,2026-08-28 16:08:00,Tier-2 CSIRT,INC-2027085,Escalated
ESC-1085,ALT-004715,ANL-036,Yes,2026-09-06 20:20:00,Tier-2 CSIRT,INC-2027086,Escalated
ESC-1086,ALT-004716,ANL-038,Yes,2026-07-30 14:06:00,Tier-2 CSIRT,INC-2027087,Escalated
ESC-1087,ALT-004718,ANL-039,Yes,2026-07-18 04:37:00,Tier-2 CSIRT,INC-2027088,Escalated
ESC-1088,ALT-004726,ANL-023,Yes,2026-09-01 16:03:00,Tier-2 CSIRT,INC-2027089,Escalated
ESC-1089,ALT-004732,ANL-031,Yes,2026-07-17 19:44:00,Tier-2 CSIRT,INC-2027090,Escalated
ESC-1090,ALT-004736,ANL-030,Yes,2026-06-15 06:55:00,Tier-2 CSIRT,INC-2027091,Escalated
ESC-1091,ALT-004746,ANL-038,Yes,2026-08-09 10:46:00,Tier-2 CSIRT,INC-2027092,Escalated
ESC-1092,ALT-004753,ANL-039,Yes,2026-07-05 03:17:00,Tier-2 CSIRT,INC-2027093,Escalated
ESC-1093,ALT-004756,ANL-028,Yes,2026-08-05 02:36:00,Tier-2 CSIRT,INC-2027094,Escalated
ESC-1094,ALT-004758,ANL-038,Yes,2026-09-01 04:07:00,Tier-2 CSIRT,INC-2027095,Escalated
ESC-1095,ALT-004759,ANL-028,Yes,2026-07-09 23:09:00,Tier-2 CSIRT,INC-2027096,Escalated
ESC-1096,ALT-004760,ANL-024,Yes,2026-07-30 06:22:00,Tier-2 CSIRT,INC-2027097,Escalated
ESC-1097,ALT-004761,ANL-039,Yes,2026-06-16 00:24:00,Tier-2 CSIRT,INC-2027098,Escalated
ESC-1098,ALT-004774,ANL-024,Yes,2026-08-17 00:24:00,Tier-2 CSIRT,INC-2027099,Escalated
ESC-1099,ALT-004775,ANL-035,Yes,2026-08-15 10:41:00,Tier-2 CSIRT,INC-2027100,Escalated
ESC-1100,ALT-004782,ANL-032,Yes,2026-08-13 06:17:00,Tier-2 CSIRT,INC-2027101,Escalated
ESC-1101,ALT-004793,ANL-039,Yes,2026-07-19 21:41:00,Tier-2 CSIRT,INC-2027102,Escalated
ESC-1102,ALT-004803,ANL-037,Yes,2026-06-23 12:17:00,Tier-2 CSIRT,INC-2027103,Escalated
ESC-1103,ALT-004806,ANL-029,Yes,2026-08-10 10:40:00,Tier-2 CSIRT,INC-2027104,Escalated
ESC-1104,ALT-004816,ANL-029,Yes,2026-08-30 00:07:00,Tier-2 CSIRT,INC-2027105,Escalated
ESC-1105,ALT-004822,ANL-029,Yes,2026-07-17 01:57:00,Tier-2 CSIRT,INC-2027106,Escalated
ESC-1106,ALT-004839,ANL-024,Yes,2026-07-05 04:58:00,Tier-2 CSIRT,INC-2027107,Escalated
ESC-1107,ALT-004841,ANL-039,Yes,2026-06-29 09:42:00,Tier-2 CSIRT,INC-2027108,Escalated
ESC-1108,ALT-004845,ANL-038,Yes,2026-07-05 22:42:00,Tier-2 CSIRT,INC-2027109,Escalated
ESC-1109,ALT-004846,ANL-029,Yes,2026-07-03 07:08:00,Tier-2 CSIRT,INC-2027110,Escalated
ESC-1110,ALT-004873,ANL-025,Yes,2026-07-08 03:22:00,Tier-2 CSIRT,INC-2027111,Escalated
ESC-1111,ALT-004874,ANL-031,Yes,2026-08-14 04:38:00,Tier-2 CSIRT,INC-2027112,Escalated
ESC-1112,ALT-004876,ANL-040,Yes,2026-06-12 16:16:00,Tier-2 CSIRT,INC-2027113,Escalated
ESC-1113,ALT-004882,ANL-037,Yes,2026-06-28 09:56:00,Tier-2 CSIRT,INC-2027114,Escalated
ESC-1114,ALT-004883,ANL-036,Yes,2026-08-18 09:45:00,Tier-2 CSIRT,INC-2027115,Escalated
ESC-1115,ALT-004891,ANL-027,Yes,2026-09-06 09:00:00,Tier-2 CSIRT,INC-2027116,Escalated
ESC-1116,ALT-004893,ANL-036,Yes,2026-07-22 17:24:00,Tier-2 CSIRT,INC-2027117,Escalated
ESC-1117,ALT-004899,ANL-023,Yes,2026-07-17 05:14:00,Tier-2 CSIRT,INC-2027118,Escalated
ESC-1118,ALT-004903,ANL-025,Yes,2026-07-04 23:31:00,Tier-2 CSIRT,INC-2027119,Escalated
ESC-1119,ALT-004928,ANL-027,Yes,2026-06-26 05:03:00,Tier-2 CSIRT,INC-2027120,Escalated
ESC-1120,ALT-004932,ANL-023,Yes,2026-06-18 07:56:00,Tier-2 CSIRT,INC-2027121,Escalated
ESC-1121,ALT-004937,ANL-035,Yes,2026-07-09 00:49:00,Tier-2 CSIRT,INC-2027122,Escalated
ESC-1122,ALT-004940,ANL-040,Yes,2026-07-27 14:52:00,Tier-2 CSIRT,INC-2027123,Escalated
ESC-1123,ALT-004959,ANL-035,Yes,2026-08-21 03:13:00,Tier-2 CSIRT,INC-2027124,Escalated
ESC-1124,ALT-004969,ANL-027,Yes,2026-09-10 09:28:00,Tier-2 CSIRT,INC-2027125,Escalated
ESC-1125,ALT-004973,ANL-027,Yes,2026-08-22 14:09:00,Tier-2 CSIRT,INC-2027126,Escalated
ESC-1126,ALT-004978,ANL-025,Yes,2026-06-25 19:17:00,Tier-2 CSIRT,INC-2027127,Escalated
ESC-1127,ALT-004985,ANL-036,Yes,2026-08-15 23:58:00,Tier-2 CSIRT,INC-2027128,Escalated
ESC-1128,ALT-004990,ANL-037,Yes,2026-07-20 01:42:00,Tier-2 CSIRT,INC-2027129,Escalated
ESC-1129,ALT-004991,ANL-038,Yes,2026-09-01 18:06:00,Tier-2 CSIRT,INC-2027130,Escalated
ESC-1130,ALT-004996,ANL-033,Yes,2026-08-03 05:53:00,Tier-2 CSIRT,INC-2027131,Escalated
ESC-1131,ALT-005004,ANL-035,Yes,2026-07-18 20:19:00,Tier-2 CSIRT,INC-2027132,Escalated
ESC-1132,ALT-005018,ANL-034,Yes,2026-08-26 20:15:00,Tier-2 CSIRT,INC-2027133,Escalated
ESC-1133,ALT-005025,ANL-033,Yes,2026-08-20 11:09:00,Tier-2 CSIRT,INC-2027134,Escalated
ESC-1134,ALT-005029,ANL-033,Yes,2026-08-20 04:11:00,Tier-2 CSIRT,INC-2027135,Escalated
ESC-1135,ALT-005031,ANL-028,Yes,2026-07-13 13:22:00,Tier-2 CSIRT,INC-2027136,Escalated
ESC-1136,ALT-005038,ANL-032,Yes,2026-07-01 08:00:00,Tier-2 CSIRT,INC-2027137,Escalated
ESC-1137,ALT-005041,ANL-031,Yes,2026-07-27 23:31:00,Tier-2 CSIRT,INC-2027138,Escalated
ESC-1138,ALT-005048,ANL-036,Yes,2026-07-12 21:33:00,Tier-2 CSIRT,INC-2027139,Escalated
ESC-1139,ALT-005056,ANL-033,Yes,2026-07-28 20:06:00,Tier-2 CSIRT,INC-2027140,Escalated
ESC-1140,ALT-005063,ANL-030,Yes,2026-08-23 06:01:00,Tier-2 CSIRT,INC-2027141,Escalated
ESC-1141,ALT-005066,ANL-031,Yes,2026-06-18 21:09:00,Tier-2 CSIRT,INC-2027142,Escalated
ESC-1142,ALT-005067,ANL-028,Yes,2026-07-21 09:38:00,Tier-2 CSIRT,INC-2027143,Escalated
ESC-1143,ALT-005073,ANL-038,Yes,2026-07-20 06:10:00,Tier-2 CSIRT,INC-2027144,Escalated
ESC-1144,ALT-005082,ANL-032,Yes,2026-08-01 22:02:00,Tier-2 CSIRT,INC-2027145,Escalated
ESC-1145,ALT-005091,ANL-024,Yes,2026-08-06 22:35:00,Tier-2 CSIRT,INC-2027146,Escalated
ESC-1146,ALT-005099,ANL-028,Yes,2026-08-19 18:29:00,Tier-2 CSIRT,INC-2027147,Escalated
ESC-1147,ALT-005123,ANL-039,Yes,2026-07-15 21:11:00,Tier-2 CSIRT,INC-2027148,Escalated
ESC-1148,ALT-005127,ANL-029,Yes,2026-09-05 14:42:00,Tier-2 CSIRT,INC-2027149,Escalated
ESC-1149,ALT-005129,ANL-027,Yes,2026-07-03 08:59:00,Tier-2 CSIRT,INC-2027150,Escalated
ESC-1150,ALT-005150,ANL-030,Yes,2026-09-06 05:16:00,Tier-2 CSIRT,INC-2027151,Escalated
ESC-1151,ALT-005172,ANL-032,Yes,2026-08-02 00:36:00,Tier-2 CSIRT,INC-2027152,Escalated
ESC-1152,ALT-005195,ANL-038,Yes,2026-08-16 09:21:00,Tier-2 CSIRT,INC-2027153,Escalated
ESC-1153,ALT-005196,ANL-032,Yes,2026-07-16 20:23:00,Tier-2 CSIRT,INC-2027154,Escalated
ESC-1154,ALT-005209,ANL-025,Yes,2026-08-23 09:01:00,Tier-2 CSIRT,INC-2027155,Escalated
ESC-1155,ALT-005224,ANL-026,Yes,2026-09-01 14:12:00,Tier-2 CSIRT,INC-2027156,Escalated
ESC-1156,ALT-005263,ANL-029,Yes,2026-09-03 20:29:00,Tier-2 CSIRT,INC-2027157,Escalated
ESC-1157,ALT-005271,ANL-029,Yes,2026-08-22 23:00:00,Tier-2 CSIRT,INC-2027158,Escalated
ESC-1158,ALT-005277,ANL-030,Yes,2026-07-22 16:54:00,Tier-2 CSIRT,INC-2027159,Escalated
ESC-1159,ALT-005288,ANL-032,Yes,2026-08-05 01:38:00,Tier-2 CSIRT,INC-2027160,Escalated
ESC-1160,ALT-005292,ANL-036,Yes,2026-07-23 02:37:00,Tier-2 CSIRT,INC-2027161,Escalated
ESC-1161,ALT-005307,ANL-034,Yes,2026-06-22 16:02:00,Tier-2 CSIRT,INC-2027162,Escalated
ESC-1162,ALT-005333,ANL-039,Yes,2026-06-25 22:49:00,Tier-2 CSIRT,INC-2027163,Escalated
ESC-1163,ALT-005339,ANL-032,Yes,2026-08-05 08:52:00,Tier-2 CSIRT,INC-2027164,Escalated
ESC-1164,ALT-005352,ANL-040,Yes,2026-09-08 05:32:00,Tier-2 CSIRT,INC-2027165,Escalated
ESC-1165,ALT-005353,ANL-038,Yes,2026-08-03 18:50:00,Tier-2 CSIRT,INC-2027166,Escalated
ESC-1166,ALT-005359,ANL-032,Yes,2026-07-13 03:57:00,Tier-2 CSIRT,INC-2027167,Escalated
ESC-1167,ALT-005376,ANL-029,Yes,2026-09-05 07:38:00,Tier-2 CSIRT,INC-2027168,Escalated
ESC-1168,ALT-005382,ANL-036,Yes,2026-07-02 23:09:00,Tier-2 CSIRT,INC-2027169,Escalated
ESC-1169,ALT-005383,ANL-035,Yes,2026-07-26 06:37:00,Tier-2 CSIRT,INC-2027170,Escalated
ESC-1170,ALT-005417,ANL-034,Yes,2026-07-17 12:21:00,Tier-2 CSIRT,INC-2027171,Escalated
ESC-1171,ALT-005420,ANL-036,Yes,2026-07-22 17:56:00,Tier-2 CSIRT,INC-2027172,Escalated
ESC-1172,ALT-005433,ANL-036,Yes,2026-08-06 03:42:00,Tier-2 CSIRT,INC-2027173,Escalated
ESC-1173,ALT-005438,ANL-034,Yes,2026-07-29 01:59:00,Tier-2 CSIRT,INC-2027174,Escalated
ESC-1174,ALT-005443,ANL-031,Yes,2026-07-01 12:22:00,Tier-2 CSIRT,INC-2027175,Escalated
ESC-1175,ALT-005454,ANL-037,Yes,2026-08-30 10:17:00,Tier-2 CSIRT,INC-2027176,Escalated
ESC-1176,ALT-005455,ANL-028,Yes,2026-08-18 07:50:00,Tier-2 CSIRT,INC-2027177,Escalated
ESC-1177,ALT-005470,ANL-024,Yes,2026-07-06 12:50:00,Tier-2 CSIRT,INC-2027178,Escalated
ESC-1178,ALT-005479,ANL-027,Yes,2026-07-04 14:45:00,Tier-2 CSIRT,INC-2027179,Escalated
ESC-1179,ALT-005483,ANL-032,Yes,2026-07-28 21:04:00,Tier-2 CSIRT,INC-2027180,Escalated
ESC-1180,ALT-005491,ANL-033,Yes,2026-09-06 19:11:00,Tier-2 CSIRT,INC-2027181,Escalated
ESC-1181,ALT-005493,ANL-024,Yes,2026-08-25 16:55:00,Tier-2 CSIRT,INC-2027182,Escalated
ESC-1182,ALT-005495,ANL-027,Yes,2026-07-07 02:50:00,Tier-2 CSIRT,INC-2027183,Escalated
ESC-1183,ALT-005521,ANL-040,Yes,2026-07-28 14:51:00,Tier-2 CSIRT,INC-2027184,Escalated
ESC-1184,ALT-005528,ANL-027,Yes,2026-07-23 21:01:00,Tier-2 CSIRT,INC-2027185,Escalated
ESC-1185,ALT-005534,ANL-036,Yes,2026-08-01 22:06:00,Tier-2 CSIRT,INC-2027186,Escalated
ESC-1186,ALT-005554,ANL-033,Yes,2026-06-28 20:27:00,Tier-2 CSIRT,INC-2027187,Escalated
ESC-1187,ALT-005557,ANL-027,Yes,2026-08-05 22:11:00,Tier-2 CSIRT,INC-2027188,Escalated
ESC-1188,ALT-005561,ANL-024,Yes,2026-07-18 01:35:00,Tier-2 CSIRT,INC-2027189,Escalated
ESC-1189,ALT-005572,ANL-036,Yes,2026-07-27 02:05:00,Tier-2 CSIRT,INC-2027190,Escalated
ESC-1190,ALT-005580,ANL-035,Yes,2026-09-04 15:32:00,Tier-2 CSIRT,INC-2027191,Escalated
ESC-1191,ALT-005582,ANL-038,Yes,2026-07-21 21:06:00,Tier-2 CSIRT,INC-2027192,Escalated
ESC-1192,ALT-005584,ANL-035,Yes,2026-08-31 12:17:00,Tier-2 CSIRT,INC-2027193,Escalated
ESC-1193,ALT-005598,ANL-027,Yes,2026-07-16 20:59:00,Tier-2 CSIRT,INC-2027194,Escalated
ESC-1194,ALT-005602,ANL-029,Yes,2026-06-22 14:12:00,Tier-2 CSIRT,INC-2027195,Escalated
ESC-1195,ALT-005606,ANL-035,Yes,2026-06-21 20:03:00,Tier-2 CSIRT,INC-2027196,Escalated
ESC-1196,ALT-005620,ANL-038,Yes,2026-08-23 16:20:00,Tier-2 CSIRT,INC-2027197,Escalated
ESC-1197,ALT-005635,ANL-037,Yes,2026-09-06 06:50:00,Tier-2 CSIRT,INC-2027198,Escalated
ESC-1198,ALT-005649,ANL-034,Yes,2026-06-23 19:16:00,Tier-2 CSIRT,INC-2027199,Escalated
ESC-1199,ALT-005654,ANL-031,Yes,2026-07-12 13:21:00,Tier-2 CSIRT,INC-2027200,Escalated
ESC-1200,ALT-005656,ANL-032,Yes,2026-07-17 09:01:00,Tier-2 CSIRT,INC-2027201,Escalated
ESC-1201,ALT-005658,ANL-028,Yes,2026-08-18 12:54:00,Tier-2 CSIRT,INC-2027202,Escalated
ESC-1202,ALT-005660,ANL-033,Yes,2026-06-15 09:39:00,Tier-2 CSIRT,INC-2027203,Escalated
ESC-1203,ALT-005682,ANL-040,Yes,2026-08-30 03:17:00,Tier-2 CSIRT,INC-2027204,Escalated
ESC-1204,ALT-005686,ANL-028,Yes,2026-07-15 22:21:00,Tier-2 CSIRT,INC-2027205,Escalated
ESC-1205,ALT-005693,ANL-031,Yes,2026-07-04 03:08:00,Tier-2 CSIRT,INC-2027206,Escalated
ESC-1206,ALT-005697,ANL-030,Yes,2026-07-24 08:50:00,Tier-2 CSIRT,INC-2027207,Escalated
ESC-1207,ALT-005702,ANL-038,Yes,2026-09-06 16:48:00,Tier-2 CSIRT,INC-2027208,Escalated
ESC-1208,ALT-005750,ANL-040,Yes,2026-07-02 00:26:00,Tier-2 CSIRT,INC-2027209,Escalated
ESC-1209,ALT-005752,ANL-024,Yes,2026-07-20 06:02:00,Tier-2 CSIRT,INC-2027210,Escalated
ESC-1210,ALT-005754,ANL-031,Yes,2026-06-15 09:56:00,Tier-2 CSIRT,INC-2027211,Escalated
ESC-1211,ALT-005756,ANL-032,Yes,2026-08-07 02:50:00,Tier-2 CSIRT,INC-2027212,Escalated
ESC-1212,ALT-005757,ANL-023,Yes,2026-08-28 03:06:00,Tier-2 CSIRT,INC-2027213,Escalated
ESC-1213,ALT-005774,ANL-026,Yes,2026-08-14 19:35:00,Tier-2 CSIRT,INC-2027214,Escalated
ESC-1214,ALT-005777,ANL-036,Yes,2026-08-23 05:45:00,Tier-2 CSIRT,INC-2027215,Escalated
ESC-1215,ALT-005796,ANL-036,Yes,2026-07-18 21:54:00,Tier-2 CSIRT,INC-2027216,Escalated
ESC-1216,ALT-005800,ANL-029,Yes,2026-08-02 21:21:00,Tier-2 CSIRT,INC-2027217,Escalated
ESC-1217,ALT-005816,ANL-033,Yes,2026-08-23 07:35:00,Tier-2 CSIRT,INC-2027218,Escalated
ESC-1218,ALT-005831,ANL-023,Yes,2026-07-25 10:03:00,Tier-2 CSIRT,INC-2027219,Escalated
ESC-1219,ALT-005840,ANL-027,Yes,2026-06-19 00:17:00,Tier-2 CSIRT,INC-2027220,Escalated
ESC-1220,ALT-005860,ANL-028,Yes,2026-09-01 03:15:00,Tier-2 CSIRT,INC-2027221,Escalated
ESC-1221,ALT-005865,ANL-023,Yes,2026-07-19 13:15:00,Tier-2 CSIRT,INC-2027222,Escalated
ESC-1222,ALT-005873,ANL-034,Yes,2026-08-27 05:33:00,Tier-2 CSIRT,INC-2027223,Escalated
ESC-1223,ALT-005876,ANL-039,Yes,2026-07-07 18:55:00,Tier-2 CSIRT,INC-2027224,Escalated
ESC-1224,ALT-005882,ANL-040,Yes,2026-08-30 03:35:00,Tier-2 CSIRT,INC-2027225,Escalated
ESC-1225,ALT-005893,ANL-028,Yes,2026-07-23 02:30:00,Tier-2 CSIRT,INC-2027226,Escalated
ESC-1226,ALT-005894,ANL-030,Yes,2026-06-25 22:10:00,Tier-2 CSIRT,INC-2027227,Escalated
ESC-1227,ALT-005900,ANL-033,Yes,2026-08-22 01:10:00,Tier-2 CSIRT,INC-2027228,Escalated
ESC-1228,ALT-005913,ANL-027,Yes,2026-08-13 12:58:00,Tier-2 CSIRT,INC-2027229,Escalated
ESC-1229,ALT-005919,ANL-032,Yes,2026-08-14 11:24:00,Tier-2 CSIRT,INC-2027230,Escalated
ESC-1230,ALT-005926,ANL-024,Yes,2026-08-01 23:09:00,Tier-2 CSIRT,INC-2027231,Escalated
ESC-1231,ALT-005931,ANL-027,Yes,2026-08-15 12:28:00,Tier-2 CSIRT,INC-2027232,Escalated
ESC-1232,ALT-005938,ANL-028,Yes,2026-06-27 09:04:00,Tier-2 CSIRT,INC-2027233,Escalated
ESC-1233,ALT-005965,ANL-026,Yes,2026-07-13 15:05:00,Tier-2 CSIRT,INC-2027234,Escalated
ESC-1234,ALT-005970,ANL-025,Yes,2026-06-19 10:32:00,Tier-2 CSIRT,INC-2027235,Escalated
ESC-1235,ALT-005972,ANL-029,Yes,2026-08-12 15:17:00,Tier-2 CSIRT,INC-2027236,Escalated
ESC-1236,ALT-005996,ANL-039,Yes,2026-07-15 06:21:00,Tier-2 CSIRT,INC-2027237,Escalated
ESC-1237,ALT-006004,ANL-035,Yes,2026-07-16 14:19:00,Tier-2 CSIRT,INC-2027238,Escalated
ESC-1238,ALT-006007,ANL-036,Yes,2026-07-30 23:01:00,Tier-2 CSIRT,INC-2027239,Escalated
ESC-1239,ALT-006008,ANL-032,Yes,2026-07-12 23:45:00,Tier-2 CSIRT,INC-2027240,Escalated
ESC-1240,ALT-006036,ANL-037,Yes,2026-07-22 07:09:00,Tier-2 CSIRT,INC-2027241,Escalated
ESC-1241,ALT-006039,ANL-027,Yes,2026-09-01 04:36:00,Tier-2 CSIRT,INC-2027242,Escalated
ESC-1242,ALT-006043,ANL-023,Yes,2026-07-25 10:01:00,Tier-2 CSIRT,INC-2027243,Escalated
ESC-1243,ALT-006044,ANL-027,Yes,2026-08-19 14:31:00,Tier-2 CSIRT,INC-2027244,Escalated
ESC-1244,ALT-006053,ANL-029,Yes,2026-08-30 13:22:00,Tier-2 CSIRT,INC-2027245,Escalated
ESC-1245,ALT-006062,ANL-025,Yes,2026-08-27 18:36:00,Tier-2 CSIRT,INC-2027246,Escalated
ESC-1246,ALT-006063,ANL-026,Yes,2026-06-24 15:10:00,Tier-2 CSIRT,INC-2027247,Escalated
ESC-1247,ALT-006067,ANL-032,Yes,2026-06-25 00:01:00,Tier-2 CSIRT,INC-2027248,Escalated
ESC-1248,ALT-006068,ANL-031,Yes,2026-06-23 15:08:00,Tier-2 CSIRT,INC-2027249,Escalated
ESC-1249,ALT-006079,ANL-040,Yes,2026-07-06 09:10:00,Tier-2 CSIRT,INC-2027250,Escalated
ESC-1250,ALT-006081,ANL-039,Yes,2026-08-12 14:50:00,Tier-2 CSIRT,INC-2027251,Escalated
ESC-1251,ALT-006106,ANL-031,Yes,2026-06-17 11:33:00,Tier-2 CSIRT,INC-2027252,Escalated
ESC-1252,ALT-006114,ANL-028,Yes,2026-08-17 20:28:00,Tier-2 CSIRT,INC-2027253,Escalated
ESC-1253,ALT-006135,ANL-024,Yes,2026-08-27 23:00:00,Tier-2 CSIRT,INC-2027254,Escalated
ESC-1254,ALT-006150,ANL-027,Yes,2026-09-01 16:25:00,Tier-2 CSIRT,INC-2027255,Escalated
ESC-1255,ALT-006158,ANL-035,Yes,2026-06-15 01:55:00,Tier-2 CSIRT,INC-2027256,Escalated
ESC-1256,ALT-006165,ANL-027,Yes,2026-09-03 08:00:00,Tier-2 CSIRT,INC-2027257,Escalated
ESC-1257,ALT-006170,ANL-033,Yes,2026-08-08 01:37:00,Tier-2 CSIRT,INC-2027258,Escalated
ESC-1258,ALT-006171,ANL-023,Yes,2026-07-06 19:42:00,Tier-2 CSIRT,INC-2027259,Escalated
ESC-1259,ALT-006178,ANL-040,Yes,2026-09-08 13:00:00,Tier-2 CSIRT,INC-2027260,Escalated
ESC-1260,ALT-006183,ANL-023,Yes,2026-08-29 14:12:00,Tier-2 CSIRT,INC-2027261,Escalated
ESC-1261,ALT-006187,ANL-034,Yes,2026-06-18 01:08:00,Tier-2 CSIRT,INC-2027262,Escalated
ESC-1262,ALT-006196,ANL-030,Yes,2026-09-05 13:54:00,Tier-2 CSIRT,INC-2027263,Escalated
ESC-1263,ALT-006199,ANL-027,Yes,2026-07-25 09:08:00,Tier-2 CSIRT,INC-2027264,Escalated
ESC-1264,ALT-006225,ANL-034,Yes,2026-09-09 00:17:00,Tier-2 CSIRT,INC-2027265,Escalated
ESC-1265,ALT-006230,ANL-036,Yes,2026-06-13 05:31:00,Tier-2 CSIRT,INC-2027266,Escalated
ESC-1266,ALT-006233,ANL-039,Yes,2026-07-23 04:41:00,Tier-2 CSIRT,INC-2027267,Escalated
ESC-1267,ALT-006235,ANL-038,Yes,2026-07-09 20:08:00,Tier-2 CSIRT,INC-2027268,Escalated
ESC-1268,ALT-006239,ANL-032,Yes,2026-07-22 19:59:00,Tier-2 CSIRT,INC-2027269,Escalated
ESC-1269,ALT-006247,ANL-034,Yes,2026-06-18 16:23:00,Tier-2 CSIRT,INC-2027270,Escalated
ESC-1270,ALT-006253,ANL-025,Yes,2026-07-01 01:45:00,Tier-2 CSIRT,INC-2027271,Escalated
ESC-1271,ALT-006256,ANL-028,Yes,2026-07-05 01:12:00,Tier-2 CSIRT,INC-2027272,Escalated
ESC-1272,ALT-006261,ANL-030,Yes,2026-07-18 19:53:00,Tier-2 CSIRT,INC-2027273,Escalated
ESC-1273,ALT-006263,ANL-026,Yes,2026-08-22 20:57:00,Tier-2 CSIRT,INC-2027274,Escalated
ESC-1274,ALT-006268,ANL-027,Yes,2026-07-24 09:12:00,Tier-2 CSIRT,INC-2027275,Escalated
ESC-1275,ALT-006273,ANL-029,Yes,2026-06-24 06:01:00,Tier-2 CSIRT,INC-2027276,Escalated
ESC-1276,ALT-006277,ANL-023,Yes,2026-09-08 16:06:00,Tier-2 CSIRT,INC-2027277,Escalated
ESC-1277,ALT-006292,ANL-025,Yes,2026-08-08 14:38:00,Tier-2 CSIRT,INC-2027278,Escalated
ESC-1278,ALT-006297,ANL-031,Yes,2026-07-14 00:53:00,Tier-2 CSIRT,INC-2027279,Escalated
ESC-1279,ALT-006307,ANL-039,Yes,2026-08-27 06:27:00,Tier-2 CSIRT,INC-2027280,Escalated
ESC-1280,ALT-006315,ANL-032,Yes,2026-06-18 10:56:00,Tier-2 CSIRT,INC-2027281,Escalated
ESC-1281,ALT-006319,ANL-032,Yes,2026-06-25 23:15:00,Tier-2 CSIRT,INC-2027282,Escalated
ESC-1282,ALT-006320,ANL-028,Yes,2026-07-11 09:01:00,Tier-2 CSIRT,INC-2027283,Escalated
ESC-1283,ALT-006323,ANL-035,Yes,2026-08-09 01:17:00,Tier-2 CSIRT,INC-2027284,Escalated
ESC-1284,ALT-006333,ANL-033,Yes,2026-06-27 03:24:00,Tier-2 CSIRT,INC-2027285,Escalated
ESC-1285,ALT-006340,ANL-037,Yes,2026-08-27 03:33:00,Tier-2 CSIRT,INC-2027286,Escalated
ESC-1286,ALT-006353,ANL-035,Yes,2026-09-05 21:36:00,Tier-2 CSIRT,INC-2027287,Escalated
ESC-1287,ALT-006363,ANL-033,Yes,2026-07-30 19:38:00,Tier-2 CSIRT,INC-2027288,Escalated
ESC-1288,ALT-006396,ANL-028,Yes,2026-08-21 21:26:00,Tier-2 CSIRT,INC-2027289,Escalated
ESC-1289,ALT-006408,ANL-039,Yes,2026-08-01 08:47:00,Tier-2 CSIRT,INC-2027290,Escalated
ESC-1290,ALT-006414,ANL-038,Yes,2026-08-10 13:58:00,Tier-2 CSIRT,INC-2027291,Escalated
ESC-1291,ALT-006416,ANL-031,Yes,2026-08-26 21:15:00,Tier-2 CSIRT,INC-2027292,Escalated
ESC-1292,ALT-006423,ANL-038,Yes,2026-08-30 09:02:00,Tier-2 CSIRT,INC-2027293,Escalated
ESC-1293,ALT-006448,ANL-027,Yes,2026-08-05 17:44:00,Tier-2 CSIRT,INC-2027294,Escalated
ESC-1294,ALT-006455,ANL-023,Yes,2026-08-22 03:11:00,Tier-2 CSIRT,INC-2027295,Escalated
ESC-1295,ALT-006463,ANL-027,Yes,2026-07-30 07:46:00,Tier-2 CSIRT,INC-2027296,Escalated
ESC-1296,ALT-006470,ANL-030,Yes,2026-06-13 22:56:00,Tier-2 CSIRT,INC-2027297,Escalated
ESC-1297,ALT-006471,ANL-031,Yes,2026-08-22 22:10:00,Tier-2 CSIRT,INC-2027298,Escalated
ESC-1298,ALT-006474,ANL-028,Yes,2026-07-08 22:05:00,Tier-2 CSIRT,INC-2027299,Escalated
ESC-1299,ALT-006488,ANL-039,Yes,2026-07-20 07:11:00,Tier-2 CSIRT,INC-2027300,Escalated
ESC-1300,ALT-006495,ANL-032,Yes,2026-06-14 11:29:00,Tier-2 CSIRT,INC-2027301,Escalated
ESC-1301,ALT-006500,ANL-033,Yes,2026-07-29 01:50:00,Tier-2 CSIRT,INC-2027302,Escalated
ESC-1302,ALT-006503,ANL-034,Yes,2026-07-16 10:06:00,Tier-2 CSIRT,INC-2027303,Escalated
ESC-1303,ALT-006505,ANL-030,Yes,2026-06-18 20:13:00,Tier-2 CSIRT,INC-2027304,Escalated
ESC-1304,ALT-006515,ANL-033,Yes,2026-08-15 04:10:00,Tier-2 CSIRT,INC-2027305,Escalated
ESC-1305,ALT-006516,ANL-034,Yes,2026-09-07 15:35:00,Tier-2 CSIRT,INC-2027306,Escalated
ESC-1306,ALT-006519,ANL-023,Yes,2026-06-16 03:17:00,Tier-2 CSIRT,INC-2027307,Escalated
ESC-1307,ALT-006525,ANL-039,Yes,2026-08-11 15:07:00,Tier-2 CSIRT,INC-2027308,Escalated
ESC-1308,ALT-006531,ANL-029,Yes,2026-08-21 14:48:00,Tier-2 CSIRT,INC-2027309,Escalated
ESC-1309,ALT-006538,ANL-035,Yes,2026-07-28 02:31:00,Tier-2 CSIRT,INC-2027310,Escalated
ESC-1310,ALT-006543,ANL-026,Yes,2026-08-23 13:21:00,Tier-2 CSIRT,INC-2027311,Escalated
ESC-1311,ALT-006552,ANL-024,Yes,2026-06-21 09:05:00,Tier-2 CSIRT,INC-2027312,Escalated
ESC-1312,ALT-006554,ANL-040,Yes,2026-08-03 13:38:00,Tier-2 CSIRT,INC-2027313,Escalated
ESC-1313,ALT-006555,ANL-032,Yes,2026-07-03 02:03:00,Tier-2 CSIRT,INC-2027314,Escalated
ESC-1314,ALT-006592,ANL-023,Yes,2026-07-24 12:49:00,Tier-2 CSIRT,INC-2027315,Escalated
ESC-1315,ALT-006601,ANL-032,Yes,2026-08-13 04:15:00,Tier-2 CSIRT,INC-2027316,Escalated
ESC-1316,ALT-006609,ANL-032,Yes,2026-08-30 15:20:00,Tier-2 CSIRT,INC-2027317,Escalated
ESC-1317,ALT-006614,ANL-034,Yes,2026-07-04 23:34:00,Tier-2 CSIRT,INC-2027318,Escalated
ESC-1318,ALT-006619,ANL-033,Yes,2026-06-30 01:29:00,Tier-2 CSIRT,INC-2027319,Escalated
ESC-1319,ALT-006621,ANL-032,Yes,2026-07-18 01:46:00,Tier-2 CSIRT,INC-2027320,Escalated
ESC-1320,ALT-006631,ANL-028,Yes,2026-06-13 08:19:00,Tier-2 CSIRT,INC-2027321,Escalated
ESC-1321,ALT-006634,ANL-034,Yes,2026-07-28 12:23:00,Tier-2 CSIRT,INC-2027322,Escalated
ESC-1322,ALT-006639,ANL-034,Yes,2026-08-08 00:42:00,Tier-2 CSIRT,INC-2027323,Escalated
ESC-1323,ALT-006647,ANL-027,Yes,2026-07-06 08:37:00,Tier-2 CSIRT,INC-2027324,Escalated
ESC-1324,ALT-006649,ANL-030,Yes,2026-08-17 14:06:00,Tier-2 CSIRT,INC-2027325,Escalated
ESC-1325,ALT-006665,ANL-039,Yes,2026-06-18 12:35:00,Tier-2 CSIRT,INC-2027326,Escalated
ESC-1326,ALT-006668,ANL-026,Yes,2026-07-14 19:11:00,Tier-2 CSIRT,INC-2027327,Escalated
ESC-1327,ALT-006671,ANL-027,Yes,2026-06-18 18:02:00,Tier-2 CSIRT,INC-2027328,Escalated
ESC-1328,ALT-006679,ANL-025,Yes,2026-07-26 10:05:00,Tier-2 CSIRT,INC-2027329,Escalated
ESC-1329,ALT-006699,ANL-039,Yes,2026-07-24 04:46:00,Tier-2 CSIRT,INC-2027330,Escalated
ESC-1330,ALT-006704,ANL-034,Yes,2026-07-30 23:35:00,Tier-2 CSIRT,INC-2027331,Escalated
ESC-1331,ALT-006709,ANL-032,Yes,2026-08-22 20:42:00,Tier-2 CSIRT,INC-2027332,Escalated
ESC-1332,ALT-006713,ANL-034,Yes,2026-08-05 19:06:00,Tier-2 CSIRT,INC-2027333,Escalated
ESC-1333,ALT-006722,ANL-036,Yes,2026-08-24 19:27:00,Tier-2 CSIRT,INC-2027334,Escalated
ESC-1334,ALT-006724,ANL-035,Yes,2026-07-07 15:34:00,Tier-2 CSIRT,INC-2027335,Escalated
ESC-1335,ALT-006732,ANL-027,Yes,2026-09-01 14:41:00,Tier-2 CSIRT,INC-2027336,Escalated
ESC-1336,ALT-006746,ANL-035,Yes,2026-07-17 18:16:00,Tier-2 CSIRT,INC-2027337,Escalated
ESC-1337,ALT-006748,ANL-023,Yes,2026-07-15 03:00:00,Tier-2 CSIRT,INC-2027338,Escalated
ESC-1338,ALT-006751,ANL-036,Yes,2026-09-09 05:16:00,Tier-2 CSIRT,INC-2027339,Escalated
ESC-1339,ALT-006760,ANL-029,Yes,2026-07-12 11:46:00,Tier-2 CSIRT,INC-2027340,Escalated
ESC-1340,ALT-006765,ANL-028,Yes,2026-06-30 08:47:00,Tier-2 CSIRT,INC-2027341,Escalated
ESC-1341,ALT-006778,ANL-033,Yes,2026-07-11 12:50:00,Tier-2 CSIRT,INC-2027342,Escalated
ESC-1342,ALT-006779,ANL-023,Yes,2026-07-12 03:33:00,Tier-2 CSIRT,INC-2027343,Escalated
ESC-1343,ALT-006782,ANL-031,Yes,2026-07-06 11:41:00,Tier-2 CSIRT,INC-2027344,Escalated
ESC-1344,ALT-006784,ANL-023,Yes,2026-07-11 06:53:00,Tier-2 CSIRT,INC-2027345,Escalated
ESC-1345,ALT-006795,ANL-023,Yes,2026-07-13 16:09:00,Tier-2 CSIRT,INC-2027346,Escalated
ESC-1346,ALT-006803,ANL-036,Yes,2026-08-25 09:57:00,Tier-2 CSIRT,INC-2027347,Escalated
ESC-1347,ALT-006808,ANL-027,Yes,2026-07-14 06:59:00,Tier-2 CSIRT,INC-2027348,Escalated
ESC-1348,ALT-006810,ANL-035,Yes,2026-07-13 10:57:00,Tier-2 CSIRT,INC-2027349,Escalated
ESC-1349,ALT-006818,ANL-026,Yes,2026-06-12 21:03:00,Tier-2 CSIRT,INC-2027350,Escalated
ESC-1350,ALT-006823,ANL-023,Yes,2026-08-29 03:19:00,Tier-2 CSIRT,INC-2027351,Escalated
ESC-1351,ALT-006827,ANL-030,Yes,2026-07-20 03:05:00,Tier-2 CSIRT,INC-2027352,Escalated
ESC-1352,ALT-006828,ANL-040,Yes,2026-07-16 22:46:00,Tier-2 CSIRT,INC-2027353,Escalated
ESC-1353,ALT-006830,ANL-025,Yes,2026-07-27 14:33:00,Tier-2 CSIRT,INC-2027354,Escalated
ESC-1354,ALT-006834,ANL-030,Yes,2026-07-16 00:38:00,Tier-2 CSIRT,INC-2027355,Escalated
ESC-1355,ALT-006849,ANL-024,Yes,2026-08-02 22:30:00,Tier-2 CSIRT,INC-2027356,Escalated
ESC-1356,ALT-006855,ANL-030,Yes,2026-08-13 09:56:00,Tier-2 CSIRT,INC-2027357,Escalated
ESC-1357,ALT-006861,ANL-026,Yes,2026-07-21 19:48:00,Tier-2 CSIRT,INC-2027358,Escalated
ESC-1358,ALT-006873,ANL-039,Yes,2026-07-03 05:24:00,Tier-2 CSIRT,INC-2027359,Escalated
ESC-1359,ALT-006884,ANL-025,Yes,2026-07-03 08:03:00,Tier-2 CSIRT,INC-2027360,Escalated
ESC-1360,ALT-006893,ANL-026,Yes,2026-06-30 20:12:00,Tier-2 CSIRT,INC-2027361,Escalated
ESC-1361,ALT-006899,ANL-040,Yes,2026-06-15 13:37:00,Tier-2 CSIRT,INC-2027362,Escalated
ESC-1362,ALT-006904,ANL-027,Yes,2026-07-31 15:50:00,Tier-2 CSIRT,INC-2027363,Escalated
ESC-1363,ALT-006905,ANL-032,Yes,2026-07-11 18:53:00,Tier-2 CSIRT,INC-2027364,Escalated
ESC-1364,ALT-006911,ANL-030,Yes,2026-07-12 17:03:00,Tier-2 CSIRT,INC-2027365,Escalated
ESC-1365,ALT-006912,ANL-028,Yes,2026-09-09 11:49:00,Tier-2 CSIRT,INC-2027366,Escalated
ESC-1366,ALT-006918,ANL-039,Yes,2026-08-10 14:33:00,Tier-2 CSIRT,INC-2027367,Escalated
ESC-1367,ALT-006921,ANL-025,Yes,2026-07-07 10:26:00,Tier-2 CSIRT,INC-2027368,Escalated
ESC-1368,ALT-006927,ANL-030,Yes,2026-06-21 01:16:00,Tier-2 CSIRT,INC-2027369,Escalated
ESC-1369,ALT-006933,ANL-031,Yes,2026-06-17 23:34:00,Tier-2 CSIRT,INC-2027370,Escalated
ESC-1370,ALT-006947,ANL-025,Yes,2026-07-03 07:19:00,Tier-2 CSIRT,INC-2027371,Escalated
ESC-1371,ALT-006952,ANL-039,Yes,2026-09-02 10:18:00,Tier-2 CSIRT,INC-2027372,Escalated
ESC-1372,ALT-006962,ANL-040,Yes,2026-06-27 19:21:00,Tier-2 CSIRT,INC-2027373,Escalated
ESC-1373,ALT-006972,ANL-028,Yes,2026-07-26 21:36:00,Tier-2 CSIRT,INC-2027374,Escalated
ESC-1374,ALT-006973,ANL-030,Yes,2026-08-11 19:30:00,Tier-2 CSIRT,INC-2027375,Escalated
ESC-1375,ALT-006978,ANL-037,Yes,2026-07-22 06:23:00,Tier-2 CSIRT,INC-2027376,Escalated
ESC-1376,ALT-006980,ANL-034,Yes,2026-06-17 00:27:00,Tier-2 CSIRT,INC-2027377,Escalated
ESC-1377,ALT-006982,ANL-035,Yes,2026-08-13 04:28:00,Tier-2 CSIRT,INC-2027378,Escalated
ESC-1378,ALT-006986,ANL-029,Yes,2026-07-09 22:42:00,Tier-2 CSIRT,INC-2027379,Escalated
ESC-1379,ALT-007015,ANL-026,Yes,2026-08-04 07:04:00,Tier-2 CSIRT,INC-2027380,Escalated
ESC-1380,ALT-007020,ANL-030,Yes,2026-07-17 14:25:00,Tier-2 CSIRT,INC-2027381,Escalated
ESC-1381,ALT-007029,ANL-023,Yes,2026-08-24 23:25:00,Tier-2 CSIRT,INC-2027382,Escalated
ESC-1382,ALT-007030,ANL-027,Yes,2026-08-21 12:08:00,Tier-2 CSIRT,INC-2027383,Escalated
ESC-1383,ALT-007034,ANL-026,Yes,2026-06-19 00:29:00,Tier-2 CSIRT,INC-2027384,Escalated
ESC-1384,ALT-007054,ANL-038,Yes,2026-07-28 20:14:00,Tier-2 CSIRT,INC-2027385,Escalated
ESC-1385,ALT-007058,ANL-026,Yes,2026-07-19 11:32:00,Tier-2 CSIRT,INC-2027386,Escalated
ESC-1386,ALT-007066,ANL-024,Yes,2026-09-06 11:38:00,Tier-2 CSIRT,INC-2027387,Escalated
ESC-1387,ALT-007067,ANL-023,Yes,2026-07-04 07:18:00,Tier-2 CSIRT,INC-2027388,Escalated
ESC-1388,ALT-007074,ANL-029,Yes,2026-07-05 19:13:00,Tier-2 CSIRT,INC-2027389,Escalated
ESC-1389,ALT-007102,ANL-036,Yes,2026-07-30 18:05:00,Tier-2 CSIRT,INC-2027390,Escalated
ESC-1390,ALT-007105,ANL-034,Yes,2026-06-13 03:12:00,Tier-2 CSIRT,INC-2027391,Escalated
ESC-1391,ALT-007117,ANL-040,Yes,2026-07-01 14:30:00,Tier-2 CSIRT,INC-2027392,Escalated
ESC-1392,ALT-007120,ANL-030,Yes,2026-08-31 22:56:00,Tier-2 CSIRT,INC-2027393,Escalated
ESC-1393,ALT-007121,ANL-038,Yes,2026-09-04 21:29:00,Tier-2 CSIRT,INC-2027394,Escalated
ESC-1394,ALT-007125,ANL-029,Yes,2026-07-31 23:49:00,Tier-2 CSIRT,INC-2027395,Escalated
ESC-1395,ALT-007126,ANL-031,Yes,2026-07-06 18:10:00,Tier-2 CSIRT,INC-2027396,Escalated
ESC-1396,ALT-007134,ANL-039,Yes,2026-09-02 09:56:00,Tier-2 CSIRT,INC-2027397,Escalated
ESC-1397,ALT-007136,ANL-039,Yes,2026-06-24 20:40:00,Tier-2 CSIRT,INC-2027398,Escalated
ESC-1398,ALT-007141,ANL-040,Yes,2026-07-03 17:31:00,Tier-2 CSIRT,INC-2027399,Escalated
ESC-1399,ALT-007144,ANL-031,Yes,2026-07-22 20:44:00,Tier-2 CSIRT,INC-2027400,Escalated
ESC-1400,ALT-007149,ANL-028,Yes,2026-09-04 09:31:00,Tier-2 CSIRT,INC-2027401,Escalated
ESC-1401,ALT-007156,ANL-029,Yes,2026-08-24 09:05:00,Tier-2 CSIRT,INC-2027402,Escalated
ESC-1402,ALT-007171,ANL-034,Yes,2026-07-27 16:12:00,Tier-2 CSIRT,INC-2027403,Escalated
ESC-1403,ALT-007172,ANL-036,Yes,2026-09-08 19:57:00,Tier-2 CSIRT,INC-2027404,Escalated
ESC-1404,ALT-007175,ANL-032,Yes,2026-08-19 14:17:00,Tier-2 CSIRT,INC-2027405,Escalated
ESC-1405,ALT-007181,ANL-030,Yes,2026-07-05 22:34:00,Tier-2 CSIRT,INC-2027406,Escalated
ESC-1406,ALT-007186,ANL-033,Yes,2026-07-12 16:56:00,Tier-2 CSIRT,INC-2027407,Escalated
ESC-1407,ALT-007193,ANL-027,Yes,2026-08-02 06:53:00,Tier-2 CSIRT,INC-2027408,Escalated
ESC-1408,ALT-007196,ANL-025,Yes,2026-08-14 08:16:00,Tier-2 CSIRT,INC-2027409,Escalated
ESC-1409,ALT-007199,ANL-023,Yes,2026-06-24 17:09:00,Tier-2 CSIRT,INC-2027410,Escalated
ESC-1410,ALT-007200,ANL-030,Yes,2026-09-04 15:49:00,Tier-2 CSIRT,INC-2027411,Escalated
ESC-1411,ALT-007225,ANL-047,Yes,2026-08-19 22:13:00,Tier-2 CSIRT,INC-2027412,Escalated
ESC-1412,ALT-007229,ANL-049,Yes,2026-09-02 12:45:00,Tier-2 CSIRT,INC-2027413,Escalated
ESC-1413,ALT-007230,ANL-053,Yes,2026-07-08 02:17:00,Tier-2 CSIRT,INC-2027414,Escalated
ESC-1414,ALT-007240,ANL-055,Yes,2026-06-15 15:13:00,Tier-2 CSIRT,INC-2027415,Escalated
ESC-1415,ALT-007247,ANL-047,Yes,2026-08-16 21:41:00,Tier-2 CSIRT,INC-2027416,Escalated
ESC-1416,ALT-007272,ANL-054,Yes,2026-07-22 14:49:00,Tier-2 CSIRT,INC-2027417,Escalated
ESC-1417,ALT-007277,ANL-055,Yes,2026-07-07 01:43:00,Tier-2 CSIRT,INC-2027418,Escalated
ESC-1418,ALT-007278,ANL-050,Yes,2026-06-28 01:52:00,Tier-2 CSIRT,INC-2027419,Escalated
ESC-1419,ALT-007286,ANL-048,Yes,2026-08-11 11:02:00,Tier-2 CSIRT,INC-2027420,Escalated
ESC-1420,ALT-007304,ANL-053,Yes,2026-06-24 08:36:00,Tier-2 CSIRT,INC-2027421,Escalated
ESC-1421,ALT-007308,ANL-051,Yes,2026-08-07 10:51:00,Tier-2 CSIRT,INC-2027422,Escalated
ESC-1422,ALT-007309,ANL-050,Yes,2026-09-03 01:08:00,Tier-2 CSIRT,INC-2027423,Escalated
ESC-1423,ALT-007315,ANL-041,Yes,2026-07-13 06:59:00,Tier-2 CSIRT,INC-2027424,Escalated
ESC-1424,ALT-007328,ANL-044,Yes,2026-07-05 19:39:00,Tier-2 CSIRT,INC-2027425,Escalated
ESC-1425,ALT-007332,ANL-046,Yes,2026-07-16 17:40:00,Tier-2 CSIRT,INC-2027426,Escalated
ESC-1426,ALT-007336,ANL-042,Yes,2026-08-13 21:38:00,Tier-2 CSIRT,INC-2027427,Escalated
ESC-1427,ALT-007339,ANL-044,Yes,2026-07-26 22:36:00,Tier-2 CSIRT,INC-2027428,Escalated
ESC-1428,ALT-007341,ANL-049,Yes,2026-06-26 17:40:00,Tier-2 CSIRT,INC-2027429,Escalated
ESC-1429,ALT-007342,ANL-053,Yes,2026-07-22 18:36:00,Tier-2 CSIRT,INC-2027430,Escalated
ESC-1430,ALT-007351,ANL-050,Yes,2026-08-28 02:35:00,Tier-2 CSIRT,INC-2027431,Escalated
ESC-1431,ALT-007353,ANL-049,Yes,2026-08-02 03:58:00,Tier-2 CSIRT,INC-2027432,Escalated
ESC-1432,ALT-007358,ANL-045,Yes,2026-06-13 12:17:00,Tier-2 CSIRT,INC-2027433,Escalated
ESC-1433,ALT-007367,ANL-044,Yes,2026-07-28 07:36:00,Tier-2 CSIRT,INC-2027434,Escalated
ESC-1434,ALT-007394,ANL-044,Yes,2026-09-01 16:31:00,Tier-2 CSIRT,INC-2027435,Escalated
ESC-1435,ALT-007395,ANL-049,Yes,2026-07-28 10:47:00,Tier-2 CSIRT,INC-2027436,Escalated
ESC-1436,ALT-007402,ANL-051,Yes,2026-06-29 13:04:00,Tier-2 CSIRT,INC-2027437,Escalated
ESC-1437,ALT-007417,ANL-047,Yes,2026-08-23 04:52:00,Tier-2 CSIRT,INC-2027438,Escalated
ESC-1438,ALT-007420,ANL-042,Yes,2026-08-22 03:03:00,Tier-2 CSIRT,INC-2027439,Escalated
ESC-1439,ALT-007433,ANL-044,Yes,2026-06-12 12:32:00,Tier-2 CSIRT,INC-2027440,Escalated
ESC-1440,ALT-007438,ANL-047,Yes,2026-08-19 03:13:00,Tier-2 CSIRT,INC-2027441,Escalated
ESC-1441,ALT-007488,ANL-048,Yes,2026-06-25 01:56:00,Tier-2 CSIRT,INC-2027442,Escalated
ESC-1442,ALT-007491,ANL-043,Yes,2026-07-09 17:37:00,Tier-2 CSIRT,INC-2027443,Escalated
ESC-1443,ALT-007503,ANL-050,Yes,2026-07-31 06:46:00,Tier-2 CSIRT,INC-2027444,Escalated
ESC-1444,ALT-007507,ANL-042,Yes,2026-06-17 14:22:00,Tier-2 CSIRT,INC-2027445,Escalated
ESC-1445,ALT-007514,ANL-046,Yes,2026-09-02 08:37:00,Tier-2 CSIRT,INC-2027446,Escalated
ESC-1446,ALT-007524,ANL-048,Yes,2026-07-05 18:44:00,Tier-2 CSIRT,INC-2027447,Escalated
ESC-1447,ALT-007525,ANL-053,Yes,2026-09-06 06:17:00,Tier-2 CSIRT,INC-2027448,Escalated
ESC-1448,ALT-007528,ANL-053,Yes,2026-08-18 10:44:00,Tier-2 CSIRT,INC-2027449,Escalated
ESC-1449,ALT-007541,ANL-053,Yes,2026-08-30 03:15:00,Tier-2 CSIRT,INC-2027450,Escalated
ESC-1450,ALT-007543,ANL-045,Yes,2026-07-14 00:08:00,Tier-2 CSIRT,INC-2027451,Escalated
ESC-1451,ALT-007544,ANL-042,Yes,2026-07-16 06:41:00,Tier-2 CSIRT,INC-2027452,Escalated
ESC-1452,ALT-007547,ANL-043,Yes,2026-07-06 02:11:00,Tier-2 CSIRT,INC-2027453,Escalated
ESC-1453,ALT-007565,ANL-048,Yes,2026-07-09 12:56:00,Tier-2 CSIRT,INC-2027454,Escalated
ESC-1454,ALT-007571,ANL-053,Yes,2026-09-02 15:24:00,Tier-2 CSIRT,INC-2027455,Escalated
ESC-1455,ALT-007575,ANL-048,Yes,2026-08-06 05:15:00,Tier-2 CSIRT,INC-2027456,Escalated
ESC-1456,ALT-007586,ANL-042,Yes,2026-06-20 21:59:00,Tier-2 CSIRT,INC-2027457,Escalated
ESC-1457,ALT-007592,ANL-052,Yes,2026-09-01 19:39:00,Tier-2 CSIRT,INC-2027458,Escalated
ESC-1458,ALT-007597,ANL-051,Yes,2026-08-27 02:26:00,Tier-2 CSIRT,INC-2027459,Escalated
ESC-1459,ALT-007602,ANL-051,Yes,2026-07-08 22:50:00,Tier-2 CSIRT,INC-2027460,Escalated
ESC-1460,ALT-007605,ANL-053,Yes,2026-06-28 14:52:00,Tier-2 CSIRT,INC-2027461,Escalated
ESC-1461,ALT-007608,ANL-041,Yes,2026-07-12 19:19:00,Tier-2 CSIRT,INC-2027462,Escalated
ESC-1462,ALT-007621,ANL-045,Yes,2026-06-22 15:48:00,Tier-2 CSIRT,INC-2027463,Escalated
ESC-1463,ALT-007622,ANL-047,Yes,2026-06-18 18:13:00,Tier-2 CSIRT,INC-2027464,Escalated
ESC-1464,ALT-007623,ANL-050,Yes,2026-07-04 01:49:00,Tier-2 CSIRT,INC-2027465,Escalated
ESC-1465,ALT-007625,ANL-041,Yes,2026-08-26 09:15:00,Tier-2 CSIRT,INC-2027466,Escalated
ESC-1466,ALT-007633,ANL-054,Yes,2026-09-04 21:36:00,Tier-2 CSIRT,INC-2027467,Escalated
ESC-1467,ALT-007648,ANL-046,Yes,2026-07-15 18:55:00,Tier-2 CSIRT,INC-2027468,Escalated
ESC-1468,ALT-007649,ANL-050,Yes,2026-07-28 23:54:00,Tier-2 CSIRT,INC-2027469,Escalated
ESC-1469,ALT-007665,ANL-049,Yes,2026-08-23 18:25:00,Tier-2 CSIRT,INC-2027470,Escalated
ESC-1470,ALT-007700,ANL-047,Yes,2026-06-20 22:33:00,Tier-2 CSIRT,INC-2027471,Escalated
ESC-1471,ALT-007704,ANL-047,Yes,2026-06-17 14:25:00,Tier-2 CSIRT,INC-2027472,Escalated
ESC-1472,ALT-007721,ANL-045,Yes,2026-08-22 21:20:00,Tier-2 CSIRT,INC-2027473,Escalated
ESC-1473,ALT-007736,ANL-044,Yes,2026-06-29 15:43:00,Tier-2 CSIRT,INC-2027474,Escalated
ESC-1474,ALT-007738,ANL-044,Yes,2026-09-03 13:55:00,Tier-2 CSIRT,INC-2027475,Escalated
ESC-1475,ALT-007739,ANL-043,Yes,2026-06-13 22:44:00,Tier-2 CSIRT,INC-2027476,Escalated
ESC-1476,ALT-007754,ANL-044,Yes,2026-08-14 06:23:00,Tier-2 CSIRT,INC-2027477,Escalated
ESC-1477,ALT-007766,ANL-043,Yes,2026-09-01 08:32:00,Tier-2 CSIRT,INC-2027478,Escalated
ESC-1478,ALT-007771,ANL-046,Yes,2026-08-16 07:52:00,Tier-2 CSIRT,INC-2027479,Escalated
ESC-1479,ALT-007781,ANL-042,Yes,2026-08-23 20:27:00,Tier-2 CSIRT,INC-2027480,Escalated
ESC-1480,ALT-007784,ANL-048,Yes,2026-08-07 01:46:00,Tier-2 CSIRT,INC-2027481,Escalated
ESC-1481,ALT-007787,ANL-051,Yes,2026-06-15 18:13:00,Tier-2 CSIRT,INC-2027482,Escalated
ESC-1482,ALT-007790,ANL-050,Yes,2026-09-09 15:13:00,Tier-2 CSIRT,INC-2027483,Escalated
ESC-1483,ALT-007796,ANL-047,Yes,2026-08-10 17:28:00,Tier-2 CSIRT,INC-2027484,Escalated
ESC-1484,ALT-007799,ANL-049,Yes,2026-07-08 15:06:00,Tier-2 CSIRT,INC-2027485,Escalated
ESC-1485,ALT-007800,ANL-052,Yes,2026-09-01 02:15:00,Tier-2 CSIRT,INC-2027486,Escalated
ESC-1486,ALT-007805,ANL-048,Yes,2026-07-25 19:18:00,Tier-2 CSIRT,INC-2027487,Escalated
ESC-1487,ALT-007807,ANL-053,Yes,2026-07-25 11:14:00,Tier-2 CSIRT,INC-2027488,Escalated
ESC-1488,ALT-007810,ANL-052,Yes,2026-07-14 10:18:00,Tier-2 CSIRT,INC-2027489,Escalated
ESC-1489,ALT-007820,ANL-052,Yes,2026-08-05 08:58:00,Tier-2 CSIRT,INC-2027490,Escalated
ESC-1490,ALT-007836,ANL-044,Yes,2026-07-12 05:20:00,Tier-2 CSIRT,INC-2027491,Escalated
ESC-1491,ALT-007839,ANL-054,Yes,2026-09-05 03:22:00,Tier-2 CSIRT,INC-2027492,Escalated
ESC-1492,ALT-007875,ANL-055,Yes,2026-06-13 10:26:00,Tier-2 CSIRT,INC-2027493,Escalated
ESC-1493,ALT-007909,ANL-044,Yes,2026-06-18 17:48:00,Tier-2 CSIRT,INC-2027494,Escalated
ESC-1494,ALT-007912,ANL-051,Yes,2026-08-21 20:39:00,Tier-2 CSIRT,INC-2027495,Escalated
ESC-1495,ALT-007913,ANL-043,Yes,2026-07-23 03:06:00,Tier-2 CSIRT,INC-2027496,Escalated
ESC-1496,ALT-007924,ANL-053,Yes,2026-08-07 00:37:00,Tier-2 CSIRT,INC-2027497,Escalated
ESC-1497,ALT-007926,ANL-050,Yes,2026-07-07 16:21:00,Tier-2 CSIRT,INC-2027498,Escalated
ESC-1498,ALT-007947,ANL-050,Yes,2026-06-29 23:29:00,Tier-2 CSIRT,INC-2027499,Escalated
ESC-1499,ALT-007949,ANL-046,Yes,2026-06-13 21:38:00,Tier-2 CSIRT,INC-2027500,Escalated
ESC-1500,ALT-007956,ANL-042,Yes,2026-09-02 17:21:00,Tier-2 CSIRT,INC-2027501,Escalated
ESC-1501,ALT-007957,ANL-052,Yes,2026-08-21 02:57:00,Tier-2 CSIRT,INC-2027502,Escalated
ESC-1502,ALT-007964,ANL-045,Yes,2026-06-30 04:02:00,Tier-2 CSIRT,INC-2027503,Escalated
ESC-1503,ALT-007973,ANL-050,Yes,2026-06-30 21:28:00,Tier-2 CSIRT,INC-2027504,Escalated
ESC-1504,ALT-007984,ANL-045,Yes,2026-06-21 13:53:00,Tier-2 CSIRT,INC-2027505,Escalated
ESC-1505,ALT-007986,ANL-048,Yes,2026-08-09 08:46:00,Tier-2 CSIRT,INC-2027506,Escalated
ESC-1506,ALT-008013,ANL-042,Yes,2026-06-21 10:07:00,Tier-2 CSIRT,INC-2027507,Escalated
ESC-1507,ALT-008034,ANL-054,Yes,2026-07-28 22:11:00,Tier-2 CSIRT,INC-2027508,Escalated
ESC-1508,ALT-008037,ANL-044,Yes,2026-08-17 08:45:00,Tier-2 CSIRT,INC-2027509,Escalated
ESC-1509,ALT-008050,ANL-051,Yes,2026-08-30 18:43:00,Tier-2 CSIRT,INC-2027510,Escalated
ESC-1510,ALT-008058,ANL-048,Yes,2026-06-16 14:50:00,Tier-2 CSIRT,INC-2027511,Escalated
ESC-1511,ALT-008061,ANL-045,Yes,2026-08-25 20:09:00,Tier-2 CSIRT,INC-2027512,Escalated
ESC-1512,ALT-008068,ANL-053,Yes,2026-08-27 10:50:00,Tier-2 CSIRT,INC-2027513,Escalated
ESC-1513,ALT-008071,ANL-048,Yes,2026-08-22 16:20:00,Tier-2 CSIRT,INC-2027514,Escalated
ESC-1514,ALT-008076,ANL-047,Yes,2026-07-12 11:40:00,Tier-2 CSIRT,INC-2027515,Escalated
ESC-1515,ALT-008077,ANL-047,Yes,2026-07-03 09:25:00,Tier-2 CSIRT,INC-2027516,Escalated
ESC-1516,ALT-008087,ANL-054,Yes,2026-08-05 08:56:00,Tier-2 CSIRT,INC-2027517,Escalated
ESC-1517,ALT-008091,ANL-043,Yes,2026-06-15 19:15:00,Tier-2 CSIRT,INC-2027518,Escalated
ESC-1518,ALT-008093,ANL-046,Yes,2026-06-27 12:18:00,Tier-2 CSIRT,INC-2027519,Escalated
ESC-1519,ALT-008102,ANL-050,Yes,2026-08-20 14:29:00,Tier-2 CSIRT,INC-2027520,Escalated
ESC-1520,ALT-008103,ANL-053,Yes,2026-08-14 00:37:00,Tier-2 CSIRT,INC-2027521,Escalated
ESC-1521,ALT-008106,ANL-043,Yes,2026-07-29 04:50:00,Tier-2 CSIRT,INC-2027522,Escalated
ESC-1522,ALT-008111,ANL-054,Yes,2026-08-09 23:41:00,Tier-2 CSIRT,INC-2027523,Escalated
ESC-1523,ALT-008126,ANL-052,Yes,2026-07-14 02:40:00,Tier-2 CSIRT,INC-2027524,Escalated
ESC-1524,ALT-008128,ANL-044,Yes,2026-08-16 08:49:00,Tier-2 CSIRT,INC-2027525,Escalated
ESC-1525,ALT-008132,ANL-043,Yes,2026-07-01 18:04:00,Tier-2 CSIRT,INC-2027526,Escalated
ESC-1526,ALT-008149,ANL-054,Yes,2026-06-19 14:24:00,Tier-2 CSIRT,INC-2027527,Escalated
ESC-1527,ALT-008150,ANL-049,Yes,2026-07-10 10:09:00,Tier-2 CSIRT,INC-2027528,Escalated
ESC-1528,ALT-008152,ANL-046,Yes,2026-07-22 17:44:00,Tier-2 CSIRT,INC-2027529,Escalated
ESC-1529,ALT-008157,ANL-050,Yes,2026-06-26 08:11:00,Tier-2 CSIRT,INC-2027530,Escalated
ESC-1530,ALT-008179,ANL-041,Yes,2026-08-03 15:11:00,Tier-2 CSIRT,INC-2027531,Escalated
ESC-1531,ALT-008183,ANL-044,Yes,2026-09-10 00:20:00,Tier-2 CSIRT,INC-2027532,Escalated
ESC-1532,ALT-008184,ANL-041,Yes,2026-07-23 22:21:00,Tier-2 CSIRT,INC-2027533,Escalated
ESC-1533,ALT-008186,ANL-048,Yes,2026-07-27 10:38:00,Tier-2 CSIRT,INC-2027534,Escalated
ESC-1534,ALT-008198,ANL-042,Yes,2026-09-01 12:43:00,Tier-2 CSIRT,INC-2027535,Escalated
ESC-1535,ALT-008202,ANL-045,Yes,2026-07-15 10:54:00,Tier-2 CSIRT,INC-2027536,Escalated
ESC-1536,ALT-008205,ANL-041,Yes,2026-08-30 09:50:00,Tier-2 CSIRT,INC-2027537,Escalated
ESC-1537,ALT-008206,ANL-047,Yes,2026-07-24 21:56:00,Tier-2 CSIRT,INC-2027538,Escalated
ESC-1538,ALT-008212,ANL-045,Yes,2026-08-19 03:59:00,Tier-2 CSIRT,INC-2027539,Escalated
ESC-1539,ALT-008240,ANL-054,Yes,2026-07-18 06:21:00,Tier-2 CSIRT,INC-2027540,Escalated
ESC-1540,ALT-008241,ANL-043,Yes,2026-08-08 20:19:00,Tier-2 CSIRT,INC-2027541,Escalated
ESC-1541,ALT-008244,ANL-047,Yes,2026-08-07 22:52:00,Tier-2 CSIRT,INC-2027542,Escalated
ESC-1542,ALT-008246,ANL-049,Yes,2026-06-22 19:00:00,Tier-2 CSIRT,INC-2027543,Escalated
ESC-1543,ALT-008267,ANL-045,Yes,2026-07-21 23:15:00,Tier-2 CSIRT,INC-2027544,Escalated
ESC-1544,ALT-008271,ANL-046,Yes,2026-08-16 10:27:00,Tier-2 CSIRT,INC-2027545,Escalated
ESC-1545,ALT-008280,ANL-052,Yes,2026-06-16 15:01:00,Tier-2 CSIRT,INC-2027546,Escalated
ESC-1546,ALT-008288,ANL-043,Yes,2026-06-17 00:54:00,Tier-2 CSIRT,INC-2027547,Escalated
ESC-1547,ALT-008299,ANL-047,Yes,2026-08-12 17:24:00,Tier-2 CSIRT,INC-2027548,Escalated
ESC-1548,ALT-008316,ANL-042,Yes,2026-07-26 02:10:00,Tier-2 CSIRT,INC-2027549,Escalated
ESC-1549,ALT-008332,ANL-055,Yes,2026-08-23 10:57:00,Tier-2 CSIRT,INC-2027550,Escalated
ESC-1550,ALT-008341,ANL-048,Yes,2026-06-14 14:36:00,Tier-2 CSIRT,INC-2027551,Escalated
ESC-1551,ALT-008343,ANL-050,Yes,2026-08-08 15:28:00,Tier-2 CSIRT,INC-2027552,Escalated
ESC-1552,ALT-008357,ANL-052,Yes,2026-07-24 11:45:00,Tier-2 CSIRT,INC-2027553,Escalated
ESC-1553,ALT-008361,ANL-053,Yes,2026-07-12 04:48:00,Tier-2 CSIRT,INC-2027554,Escalated
ESC-1554,ALT-008369,ANL-049,Yes,2026-06-29 17:26:00,Tier-2 CSIRT,INC-2027555,Escalated
ESC-1555,ALT-008374,ANL-052,Yes,2026-06-24 19:26:00,Tier-2 CSIRT,INC-2027556,Escalated
ESC-1556,ALT-008375,ANL-041,Yes,2026-06-25 20:54:00,Tier-2 CSIRT,INC-2027557,Escalated
ESC-1557,ALT-008376,ANL-049,Yes,2026-07-25 05:25:00,Tier-2 CSIRT,INC-2027558,Escalated
ESC-1558,ALT-008389,ANL-043,Yes,2026-07-16 07:07:00,Tier-2 CSIRT,INC-2027559,Escalated
ESC-1559,ALT-008400,ANL-046,Yes,2026-07-07 01:31:00,Tier-2 CSIRT,INC-2027560,Escalated
ESC-1560,ALT-008404,ANL-052,Yes,2026-07-14 09:45:00,Tier-2 CSIRT,INC-2027561,Escalated
ESC-1561,ALT-008406,ANL-051,Yes,2026-06-23 11:50:00,Tier-2 CSIRT,INC-2027562,Escalated
ESC-1562,ALT-008415,ANL-053,Yes,2026-07-23 09:43:00,Tier-2 CSIRT,INC-2027563,Escalated
ESC-1563,ALT-008430,ANL-044,Yes,2026-06-25 12:34:00,Tier-2 CSIRT,INC-2027564,Escalated
ESC-1564,ALT-008445,ANL-049,Yes,2026-07-23 20:02:00,Tier-2 CSIRT,INC-2027565,Escalated
ESC-1565,ALT-008452,ANL-052,Yes,2026-06-24 13:39:00,Tier-2 CSIRT,INC-2027566,Escalated
ESC-1566,ALT-008456,ANL-055,Yes,2026-07-10 11:13:00,Tier-2 CSIRT,INC-2027567,Escalated
ESC-1567,ALT-008461,ANL-044,Yes,2026-06-12 10:05:00,Tier-2 CSIRT,INC-2027568,Escalated
ESC-1568,ALT-008462,ANL-053,Yes,2026-08-08 17:35:00,Tier-2 CSIRT,INC-2027569,Escalated
ESC-1569,ALT-008463,ANL-043,Yes,2026-08-03 16:21:00,Tier-2 CSIRT,INC-2027570,Escalated
ESC-1570,ALT-008473,ANL-047,Yes,2026-07-12 19:43:00,Tier-2 CSIRT,INC-2027571,Escalated
ESC-1571,ALT-008474,ANL-043,Yes,2026-07-26 05:51:00,Tier-2 CSIRT,INC-2027572,Escalated
ESC-1572,ALT-008475,ANL-042,Yes,2026-06-30 20:59:00,Tier-2 CSIRT,INC-2027573,Escalated
ESC-1573,ALT-008497,ANL-051,Yes,2026-08-03 15:08:00,Tier-2 CSIRT,INC-2027574,Escalated
ESC-1574,ALT-008520,ANL-055,Yes,2026-09-07 19:15:00,Tier-2 CSIRT,INC-2027575,Escalated
ESC-1575,ALT-008524,ANL-041,Yes,2026-08-19 11:21:00,Tier-2 CSIRT,INC-2027576,Escalated
ESC-1576,ALT-008529,ANL-044,Yes,2026-07-03 16:10:00,Tier-2 CSIRT,INC-2027577,Escalated
ESC-1577,ALT-008538,ANL-046,Yes,2026-06-23 11:05:00,Tier-2 CSIRT,INC-2027578,Escalated
ESC-1578,ALT-008568,ANL-043,Yes,2026-07-23 03:16:00,Tier-2 CSIRT,INC-2027579,Escalated
ESC-1579,ALT-008580,ANL-053,Yes,2026-06-29 07:08:00,Tier-2 CSIRT,INC-2027580,Escalated
ESC-1580,ALT-008590,ANL-051,Yes,2026-07-24 04:13:00,Tier-2 CSIRT,INC-2027581,Escalated
ESC-1581,ALT-008596,ANL-044,Yes,2026-08-22 05:39:00,Tier-2 CSIRT,INC-2027582,Escalated
ESC-1582,ALT-008603,ANL-048,Yes,2026-09-09 12:17:00,Tier-2 CSIRT,INC-2027583,Escalated
ESC-1583,ALT-008606,ANL-049,Yes,2026-07-13 15:45:00,Tier-2 CSIRT,INC-2027584,Escalated
ESC-1584,ALT-008608,ANL-041,Yes,2026-08-13 18:24:00,Tier-2 CSIRT,INC-2027585,Escalated
ESC-1585,ALT-008611,ANL-053,Yes,2026-08-14 22:03:00,Tier-2 CSIRT,INC-2027586,Escalated
ESC-1586,ALT-008628,ANL-043,Yes,2026-09-07 08:01:00,Tier-2 CSIRT,INC-2027587,Escalated
ESC-1587,ALT-008673,ANL-049,Yes,2026-09-02 06:45:00,Tier-2 CSIRT,INC-2027588,Escalated
ESC-1588,ALT-008676,ANL-049,Yes,2026-06-26 21:11:00,Tier-2 CSIRT,INC-2027589,Escalated
ESC-1589,ALT-008694,ANL-041,Yes,2026-08-03 19:39:00,Tier-2 CSIRT,INC-2027590,Escalated
ESC-1590,ALT-008707,ANL-053,Yes,2026-07-26 23:05:00,Tier-2 CSIRT,INC-2027591,Escalated
ESC-1591,ALT-008708,ANL-050,Yes,2026-08-16 07:54:00,Tier-2 CSIRT,INC-2027592,Escalated
ESC-1592,ALT-008713,ANL-047,Yes,2026-07-01 00:40:00,Tier-2 CSIRT,INC-2027593,Escalated
ESC-1593,ALT-008722,ANL-048,Yes,2026-06-19 23:30:00,Tier-2 CSIRT,INC-2027594,Escalated
ESC-1594,ALT-008727,ANL-053,Yes,2026-07-06 20:23:00,Tier-2 CSIRT,INC-2027595,Escalated
ESC-1595,ALT-008743,ANL-055,Yes,2026-07-10 14:07:00,Tier-2 CSIRT,INC-2027596,Escalated
ESC-1596,ALT-008751,ANL-047,Yes,2026-08-10 10:36:00,Tier-2 CSIRT,INC-2027597,Escalated
ESC-1597,ALT-008754,ANL-042,Yes,2026-06-25 02:21:00,Tier-2 CSIRT,INC-2027598,Escalated
ESC-1598,ALT-008771,ANL-051,Yes,2026-08-07 13:06:00,Tier-2 CSIRT,INC-2027599,Escalated
ESC-1599,ALT-008775,ANL-052,Yes,2026-09-07 12:36:00,Tier-2 CSIRT,INC-2027600,Escalated
ESC-1600,ALT-008784,ANL-055,Yes,2026-07-22 08:45:00,Tier-2 CSIRT,INC-2027601,Escalated
ESC-1601,ALT-008805,ANL-051,Yes,2026-07-31 15:46:00,Tier-2 CSIRT,INC-2027602,Escalated
ESC-1602,ALT-008811,ANL-041,Yes,2026-08-25 07:37:00,Tier-2 CSIRT,INC-2027603,Escalated
ESC-1603,ALT-008813,ANL-046,Yes,2026-09-01 02:15:00,Tier-2 CSIRT,INC-2027604,Escalated
ESC-1604,ALT-008815,ANL-046,Yes,2026-07-05 23:02:00,Tier-2 CSIRT,INC-2027605,Escalated
ESC-1605,ALT-008826,ANL-043,Yes,2026-07-22 02:46:00,Tier-2 CSIRT,INC-2027606,Escalated
ESC-1606,ALT-008832,ANL-042,Yes,2026-08-31 20:09:00,Tier-2 CSIRT,INC-2027607,Escalated
ESC-1607,ALT-008839,ANL-051,Yes,2026-08-26 19:34:00,Tier-2 CSIRT,INC-2027608,Escalated
ESC-1608,ALT-008853,ANL-053,Yes,2026-07-02 21:41:00,Tier-2 CSIRT,INC-2027609,Escalated
ESC-1609,ALT-008865,ANL-041,Yes,2026-07-04 06:38:00,Tier-2 CSIRT,INC-2027610,Escalated
ESC-1610,ALT-008866,ANL-048,Yes,2026-08-01 13:19:00,Tier-2 CSIRT,INC-2027611,Escalated
ESC-1611,ALT-008879,ANL-047,Yes,2026-06-23 14:04:00,Tier-2 CSIRT,INC-2027612,Escalated
ESC-1612,ALT-008894,ANL-054,Yes,2026-09-04 00:44:00,Tier-2 CSIRT,INC-2027613,Escalated
ESC-1613,ALT-008901,ANL-047,Yes,2026-08-20 01:12:00,Tier-2 CSIRT,INC-2027614,Escalated
ESC-1614,ALT-008904,ANL-054,Yes,2026-06-26 10:41:00,Tier-2 CSIRT,INC-2027615,Escalated
ESC-1615,ALT-008910,ANL-052,Yes,2026-07-31 15:07:00,Tier-2 CSIRT,INC-2027616,Escalated
ESC-1616,ALT-008924,ANL-045,Yes,2026-09-06 09:24:00,Tier-2 CSIRT,INC-2027617,Escalated
ESC-1617,ALT-008945,ANL-050,Yes,2026-09-07 05:02:00,Tier-2 CSIRT,INC-2027618,Escalated
ESC-1618,ALT-008948,ANL-042,Yes,2026-08-18 08:50:00,Tier-2 CSIRT,INC-2027619,Escalated
ESC-1619,ALT-008955,ANL-053,Yes,2026-07-14 00:28:00,Tier-2 CSIRT,INC-2027620,Escalated
ESC-1620,ALT-008967,ANL-044,Yes,2026-08-31 12:06:00,Tier-2 CSIRT,INC-2027621,Escalated
ESC-1621,ALT-008986,ANL-053,Yes,2026-08-25 10:41:00,Tier-2 CSIRT,INC-2027622,Escalated
ESC-1622,ALT-009005,ANL-055,Yes,2026-08-20 00:20:00,Tier-2 CSIRT,INC-2027623,Escalated
ESC-1623,ALT-009008,ANL-055,Yes,2026-09-05 23:22:00,Tier-2 CSIRT,INC-2027624,Escalated
ESC-1624,ALT-009017,ANL-050,Yes,2026-06-25 23:57:00,Tier-2 CSIRT,INC-2027625,Escalated
ESC-1625,ALT-009022,ANL-049,Yes,2026-08-03 10:29:00,Tier-2 CSIRT,INC-2027626,Escalated
ESC-1626,ALT-009029,ANL-041,Yes,2026-08-02 08:33:00,Tier-2 CSIRT,INC-2027627,Escalated
ESC-1627,ALT-009030,ANL-051,Yes,2026-07-25 09:12:00,Tier-2 CSIRT,INC-2027628,Escalated
ESC-1628,ALT-009032,ANL-047,Yes,2026-08-09 15:12:00,Tier-2 CSIRT,INC-2027629,Escalated
ESC-1629,ALT-009036,ANL-043,Yes,2026-08-09 20:15:00,Tier-2 CSIRT,INC-2027630,Escalated
ESC-1630,ALT-009046,ANL-042,Yes,2026-07-15 15:38:00,Tier-2 CSIRT,INC-2027631,Escalated
ESC-1631,ALT-009050,ANL-054,Yes,2026-08-28 13:56:00,Tier-2 CSIRT,INC-2027632,Escalated
ESC-1632,ALT-009053,ANL-045,Yes,2026-08-05 12:20:00,Tier-2 CSIRT,INC-2027633,Escalated
ESC-1633,ALT-009060,ANL-046,Yes,2026-06-26 01:36:00,Tier-2 CSIRT,INC-2027634,Escalated
ESC-1634,ALT-009067,ANL-049,Yes,2026-06-29 23:23:00,Tier-2 CSIRT,INC-2027635,Escalated
ESC-1635,ALT-009077,ANL-043,Yes,2026-08-29 20:22:00,Tier-2 CSIRT,INC-2027636,Escalated
ESC-1636,ALT-009090,ANL-050,Yes,2026-06-25 07:16:00,Tier-2 CSIRT,INC-2027637,Escalated
ESC-1637,ALT-009096,ANL-041,Yes,2026-06-20 23:22:00,Tier-2 CSIRT,INC-2027638,Escalated
ESC-1638,ALT-009099,ANL-050,Yes,2026-08-25 13:10:00,Tier-2 CSIRT,INC-2027639,Escalated
ESC-1639,ALT-009107,ANL-052,Yes,2026-07-18 01:15:00,Tier-2 CSIRT,INC-2027640,Escalated
ESC-1640,ALT-009112,ANL-054,Yes,2026-08-05 04:16:00,Tier-2 CSIRT,INC-2027641,Escalated
ESC-1641,ALT-009121,ANL-047,Yes,2026-08-16 13:06:00,Tier-2 CSIRT,INC-2027642,Escalated
ESC-1642,ALT-009127,ANL-044,Yes,2026-07-18 03:46:00,Tier-2 CSIRT,INC-2027643,Escalated
ESC-1643,ALT-009137,ANL-042,Yes,2026-08-18 06:12:00,Tier-2 CSIRT,INC-2027644,Escalated
ESC-1644,ALT-009139,ANL-047,Yes,2026-08-22 04:41:00,Tier-2 CSIRT,INC-2027645,Escalated
ESC-1645,ALT-009145,ANL-049,Yes,2026-06-17 18:14:00,Tier-2 CSIRT,INC-2027646,Escalated
ESC-1646,ALT-009152,ANL-044,Yes,2026-08-17 23:52:00,Tier-2 CSIRT,INC-2027647,Escalated
ESC-1647,ALT-009195,ANL-047,Yes,2026-08-22 01:06:00,Tier-2 CSIRT,INC-2027648,Escalated
ESC-1648,ALT-009204,ANL-054,Yes,2026-07-20 22:34:00,Tier-2 CSIRT,INC-2027649,Escalated
ESC-1649,ALT-009206,ANL-041,Yes,2026-07-19 15:13:00,Tier-2 CSIRT,INC-2027650,Escalated
ESC-1650,ALT-009207,ANL-054,Yes,2026-08-15 00:44:00,Tier-2 CSIRT,INC-2027651,Escalated
ESC-1651,ALT-009209,ANL-042,Yes,2026-07-14 02:08:00,Tier-2 CSIRT,INC-2027652,Escalated
ESC-1652,ALT-009211,ANL-046,Yes,2026-07-23 15:03:00,Tier-2 CSIRT,INC-2027653,Escalated
ESC-1653,ALT-009212,ANL-051,Yes,2026-07-24 19:10:00,Tier-2 CSIRT,INC-2027654,Escalated
ESC-1654,ALT-009224,ANL-050,Yes,2026-08-13 12:15:00,Tier-2 CSIRT,INC-2027655,Escalated
ESC-1655,ALT-009247,ANL-052,Yes,2026-07-29 20:15:00,Tier-2 CSIRT,INC-2027656,Escalated
ESC-1656,ALT-009257,ANL-050,Yes,2026-07-24 17:29:00,Tier-2 CSIRT,INC-2027657,Escalated
ESC-1657,ALT-009264,ANL-051,Yes,2026-07-13 02:19:00,Tier-2 CSIRT,INC-2027658,Escalated
ESC-1658,ALT-009284,ANL-049,Yes,2026-09-04 01:35:00,Tier-2 CSIRT,INC-2027659,Escalated
ESC-1659,ALT-009286,ANL-052,Yes,2026-06-21 17:50:00,Tier-2 CSIRT,INC-2027660,Escalated
ESC-1660,ALT-009302,ANL-043,Yes,2026-07-29 12:06:00,Tier-2 CSIRT,INC-2027661,Escalated
ESC-1661,ALT-009303,ANL-042,Yes,2026-07-17 07:41:00,Tier-2 CSIRT,INC-2027662,Escalated
ESC-1662,ALT-009333,ANL-049,Yes,2026-07-28 11:39:00,Tier-2 CSIRT,INC-2027663,Escalated
ESC-1663,ALT-009338,ANL-045,Yes,2026-08-18 09:34:00,Tier-2 CSIRT,INC-2027664,Escalated
ESC-1664,ALT-009345,ANL-052,Yes,2026-06-25 14:01:00,Tier-2 CSIRT,INC-2027665,Escalated
ESC-1665,ALT-009354,ANL-050,Yes,2026-07-11 09:20:00,Tier-2 CSIRT,INC-2027666,Escalated
ESC-1666,ALT-009355,ANL-044,Yes,2026-08-20 10:08:00,Tier-2 CSIRT,INC-2027667,Escalated
ESC-1667,ALT-009357,ANL-051,Yes,2026-07-12 04:13:00,Tier-2 CSIRT,INC-2027668,Escalated
ESC-1668,ALT-009372,ANL-044,Yes,2026-06-22 22:55:00,Tier-2 CSIRT,INC-2027669,Escalated
ESC-1669,ALT-009376,ANL-054,Yes,2026-06-18 00:26:00,Tier-2 CSIRT,INC-2027670,Escalated
ESC-1670,ALT-009381,ANL-052,Yes,2026-07-06 05:10:00,Tier-2 CSIRT,INC-2027671,Escalated
ESC-1671,ALT-009389,ANL-055,Yes,2026-08-13 10:12:00,Tier-2 CSIRT,INC-2027672,Escalated
ESC-1672,ALT-009390,ANL-048,Yes,2026-07-08 14:39:00,Tier-2 CSIRT,INC-2027673,Escalated
ESC-1673,ALT-009395,ANL-054,Yes,2026-07-21 09:13:00,Tier-2 CSIRT,INC-2027674,Escalated
ESC-1674,ALT-009397,ANL-042,Yes,2026-08-27 22:25:00,Tier-2 CSIRT,INC-2027675,Escalated
ESC-1675,ALT-009416,ANL-053,Yes,2026-06-26 16:30:00,Tier-2 CSIRT,INC-2027676,Escalated
ESC-1676,ALT-009431,ANL-044,Yes,2026-06-18 07:59:00,Tier-2 CSIRT,INC-2027677,Escalated
ESC-1677,ALT-009436,ANL-043,Yes,2026-07-13 07:48:00,Tier-2 CSIRT,INC-2027678,Escalated
ESC-1678,ALT-009438,ANL-055,Yes,2026-07-07 12:06:00,Tier-2 CSIRT,INC-2027679,Escalated
ESC-1679,ALT-009439,ANL-044,Yes,2026-08-11 17:38:00,Tier-2 CSIRT,INC-2027680,Escalated
ESC-1680,ALT-009440,ANL-043,Yes,2026-06-15 13:06:00,Tier-2 CSIRT,INC-2027681,Escalated
ESC-1681,ALT-009445,ANL-050,Yes,2026-06-26 04:53:00,Tier-2 CSIRT,INC-2027682,Escalated
ESC-1682,ALT-009448,ANL-055,Yes,2026-09-04 02:16:00,Tier-2 CSIRT,INC-2027683,Escalated
ESC-1683,ALT-009451,ANL-043,Yes,2026-08-23 19:08:00,Tier-2 CSIRT,INC-2027684,Escalated
ESC-1684,ALT-009465,ANL-054,Yes,2026-06-19 22:42:00,Tier-2 CSIRT,INC-2027685,Escalated
ESC-1685,ALT-009472,ANL-044,Yes,2026-07-03 04:11:00,Tier-2 CSIRT,INC-2027686,Escalated
ESC-1686,ALT-009475,ANL-053,Yes,2026-07-05 09:32:00,Tier-2 CSIRT,INC-2027687,Escalated
ESC-1687,ALT-009476,ANL-046,Yes,2026-07-17 18:03:00,Tier-2 CSIRT,INC-2027688,Escalated
ESC-1688,ALT-009484,ANL-042,Yes,2026-06-20 20:43:00,Tier-2 CSIRT,INC-2027689,Escalated
ESC-1689,ALT-009493,ANL-044,Yes,2026-08-24 15:17:00,Tier-2 CSIRT,INC-2027690,Escalated
ESC-1690,ALT-009494,ANL-042,Yes,2026-06-12 16:58:00,Tier-2 CSIRT,INC-2027691,Escalated
ESC-1691,ALT-009495,ANL-048,Yes,2026-06-18 04:29:00,Tier-2 CSIRT,INC-2027692,Escalated
ESC-1692,ALT-009509,ANL-045,Yes,2026-09-07 17:07:00,Tier-2 CSIRT,INC-2027693,Escalated
ESC-1693,ALT-009510,ANL-051,Yes,2026-08-28 00:23:00,Tier-2 CSIRT,INC-2027694,Escalated
ESC-1694,ALT-009517,ANL-053,Yes,2026-08-22 22:12:00,Tier-2 CSIRT,INC-2027695,Escalated
ESC-1695,ALT-009519,ANL-051,Yes,2026-08-23 18:00:00,Tier-2 CSIRT,INC-2027696,Escalated
ESC-1696,ALT-009520,ANL-052,Yes,2026-09-05 19:46:00,Tier-2 CSIRT,INC-2027697,Escalated
ESC-1697,ALT-009526,ANL-054,Yes,2026-08-23 15:02:00,Tier-2 CSIRT,INC-2027698,Escalated
ESC-1698,ALT-009531,ANL-050,Yes,2026-08-18 15:52:00,Tier-2 CSIRT,INC-2027699,Escalated
ESC-1699,ALT-009538,ANL-055,Yes,2026-07-16 20:23:00,Tier-2 CSIRT,INC-2027700,Escalated
ESC-1700,ALT-009539,ANL-044,Yes,2026-06-27 13:05:00,Tier-2 CSIRT,INC-2027701,Escalated
ESC-1701,ALT-009543,ANL-041,Yes,2026-07-28 19:23:00,Tier-2 CSIRT,INC-2027702,Escalated
ESC-1702,ALT-009556,ANL-044,Yes,2026-09-07 19:21:00,Tier-2 CSIRT,INC-2027703,Escalated
ESC-1703,ALT-009563,ANL-048,Yes,2026-06-14 11:32:00,Tier-2 CSIRT,INC-2027704,Escalated
ESC-1704,ALT-009570,ANL-053,Yes,2026-07-31 19:10:00,Tier-2 CSIRT,INC-2027705,Escalated
ESC-1705,ALT-009573,ANL-047,Yes,2026-09-09 10:59:00,Tier-2 CSIRT,INC-2027706,Escalated
ESC-1706,ALT-009574,ANL-050,Yes,2026-07-17 10:14:00,Tier-2 CSIRT,INC-2027707,Escalated
ESC-1707,ALT-009576,ANL-042,Yes,2026-06-27 00:01:00,Tier-2 CSIRT,INC-2027708,Escalated
ESC-1708,ALT-009579,ANL-049,Yes,2026-07-04 13:33:00,Tier-2 CSIRT,INC-2027709,Escalated
ESC-1709,ALT-009581,ANL-046,Yes,2026-07-05 15:59:00,Tier-2 CSIRT,INC-2027710,Escalated
ESC-1710,ALT-009592,ANL-048,Yes,2026-09-08 05:38:00,Tier-2 CSIRT,INC-2027711,Escalated
ESC-1711,ALT-009594,ANL-042,Yes,2026-08-20 21:54:00,Tier-2 CSIRT,INC-2027712,Escalated
ESC-1712,ALT-009608,ANL-050,Yes,2026-07-16 05:06:00,Tier-2 CSIRT,INC-2027713,Escalated
ESC-1713,ALT-009620,ANL-051,Yes,2026-07-05 00:00:00,Tier-2 CSIRT,INC-2027714,Escalated
ESC-1714,ALT-009622,ANL-043,Yes,2026-06-24 02:22:00,Tier-2 CSIRT,INC-2027715,Escalated
ESC-1715,ALT-009630,ANL-051,Yes,2026-08-06 23:51:00,Tier-2 CSIRT,INC-2027716,Escalated
ESC-1716,ALT-009648,ANL-041,Yes,2026-07-25 12:37:00,Tier-2 CSIRT,INC-2027717,Escalated
ESC-1717,ALT-009650,ANL-042,Yes,2026-08-10 16:59:00,Tier-2 CSIRT,INC-2027718,Escalated
ESC-1718,ALT-009654,ANL-043,Yes,2026-06-30 09:58:00,Tier-2 CSIRT,INC-2027719,Escalated
ESC-1719,ALT-009657,ANL-041,Yes,2026-08-24 06:46:00,Tier-2 CSIRT,INC-2027720,Escalated
ESC-1720,ALT-009659,ANL-044,Yes,2026-08-05 14:27:00,Tier-2 CSIRT,INC-2027721,Escalated
ESC-1721,ALT-009670,ANL-045,Yes,2026-09-06 23:23:00,Tier-2 CSIRT,INC-2027722,Escalated
ESC-1722,ALT-009680,ANL-054,Yes,2026-08-20 07:56:00,Tier-2 CSIRT,INC-2027723,Escalated
ESC-1723,ALT-009697,ANL-044,Yes,2026-07-11 21:05:00,Tier-2 CSIRT,INC-2027724,Escalated
ESC-1724,ALT-009699,ANL-052,Yes,2026-07-08 11:05:00,Tier-2 CSIRT,INC-2027725,Escalated
ESC-1725,ALT-009710,ANL-049,Yes,2026-08-25 09:35:00,Tier-2 CSIRT,INC-2027726,Escalated
ESC-1726,ALT-009714,ANL-045,Yes,2026-08-24 11:34:00,Tier-2 CSIRT,INC-2027727,Escalated
ESC-1727,ALT-009717,ANL-047,Yes,2026-07-14 13:59:00,Tier-2 CSIRT,INC-2027728,Escalated
ESC-1728,ALT-009724,ANL-048,Yes,2026-08-29 11:23:00,Tier-2 CSIRT,INC-2027729,Escalated
ESC-1729,ALT-009726,ANL-050,Yes,2026-07-09 19:21:00,Tier-2 CSIRT,INC-2027730,Escalated
ESC-1730,ALT-009728,ANL-055,Yes,2026-09-07 04:14:00,Tier-2 CSIRT,INC-2027731,Escalated
ESC-1731,ALT-009730,ANL-046,Yes,2026-08-16 03:52:00,Tier-2 CSIRT,INC-2027732,Escalated
ESC-1732,ALT-009735,ANL-041,Yes,2026-06-16 01:56:00,Tier-2 CSIRT,INC-2027733,Escalated
ESC-1733,ALT-009740,ANL-044,Yes,2026-09-06 05:06:00,Tier-2 CSIRT,INC-2027734,Escalated
ESC-1734,ALT-009758,ANL-050,Yes,2026-07-23 17:56:00,Tier-2 CSIRT,INC-2027735,Escalated
ESC-1735,ALT-009764,ANL-049,Yes,2026-07-23 08:59:00,Tier-2 CSIRT,INC-2027736,Escalated
ESC-1736,ALT-009765,ANL-047,Yes,2026-08-20 14:21:00,Tier-2 CSIRT,INC-2027737,Escalated
ESC-1737,ALT-009766,ANL-053,Yes,2026-06-24 16:39:00,Tier-2 CSIRT,INC-2027738,Escalated
ESC-1738,ALT-009781,ANL-050,Yes,2026-07-20 13:49:00,Tier-2 CSIRT,INC-2027739,Escalated
ESC-1739,ALT-009786,ANL-048,Yes,2026-07-21 04:14:00,Tier-2 CSIRT,INC-2027740,Escalated
ESC-1740,ALT-009788,ANL-043,Yes,2026-08-21 09:38:00,Tier-2 CSIRT,INC-2027741,Escalated
ESC-1741,ALT-009798,ANL-055,Yes,2026-06-15 17:27:00,Tier-2 CSIRT,INC-2027742,Escalated
ESC-1742,ALT-009802,ANL-044,Yes,2026-06-17 20:03:00,Tier-2 CSIRT,INC-2027743,Escalated
ESC-1743,ALT-009810,ANL-046,Yes,2026-07-16 23:22:00,Tier-2 CSIRT,INC-2027744,Escalated
ESC-1744,ALT-009811,ANL-055,Yes,2026-07-27 16:33:00,Tier-2 CSIRT,INC-2027745,Escalated
ESC-1745,ALT-009840,ANL-050,Yes,2026-07-26 08:12:00,Tier-2 CSIRT,INC-2027746,Escalated
ESC-1746,ALT-009841,ANL-049,Yes,2026-07-11 01:44:00,Tier-2 CSIRT,INC-2027747,Escalated
ESC-1747,ALT-009849,ANL-054,Yes,2026-06-23 13:33:00,Tier-2 CSIRT,INC-2027748,Escalated
ESC-1748,ALT-009861,ANL-054,Yes,2026-08-12 19:59:00,Tier-2 CSIRT,INC-2027749,Escalated
ESC-1749,ALT-009863,ANL-050,Yes,2026-07-01 15:42:00,Tier-2 CSIRT,INC-2027750,Escalated
ESC-1750,ALT-009873,ANL-052,Yes,2026-07-21 20:05:00,Tier-2 CSIRT,INC-2027751,Escalated
ESC-1751,ALT-009888,ANL-052,Yes,2026-06-29 12:30:00,Tier-2 CSIRT,INC-2027752,Escalated
ESC-1752,ALT-009911,ANL-053,Yes,2026-08-07 11:36:00,Tier-2 CSIRT,INC-2027753,Escalated
ESC-1753,ALT-009938,ANL-046,Yes,2026-07-26 10:17:00,Tier-2 CSIRT,INC-2027754,Escalated
ESC-1754,ALT-009947,ANL-054,Yes,2026-07-29 23:04:00,Tier-2 CSIRT,INC-2027755,Escalated
ESC-1755,ALT-009949,ANL-047,Yes,2026-07-02 10:49:00,Tier-2 CSIRT,INC-2027756,Escalated
ESC-1756,ALT-009970,ANL-043,Yes,2026-07-26 05:37:00,Tier-2 CSIRT,INC-2027757,Escalated
ESC-1757,ALT-009972,ANL-042,Yes,2026-08-05 05:31:00,Tier-2 CSIRT,INC-2027758,Escalated
ESC-1758,ALT-009979,ANL-054,Yes,2026-08-19 14:03:00,Tier-2 CSIRT,INC-2027759,Escalated
ESC-1759,ALT-009986,ANL-045,Yes,2026-07-12 20:51:00,Tier-2 CSIRT,INC-2027760,Escalated
ESC-1760,ALT-010001,ANL-041,Yes,2026-07-22 12:15:00,Tier-2 CSIRT,INC-2027761,Escalated
ESC-1761,ALT-010015,ANL-051,Yes,2026-08-26 10:53:00,Tier-2 CSIRT,INC-2027762,Escalated
ESC-1762,ALT-010035,ANL-044,Yes,2026-08-17 09:53:00,Tier-2 CSIRT,INC-2027763,Escalated
ESC-1763,ALT-010045,ANL-049,Yes,2026-08-21 02:32:00,Tier-2 CSIRT,INC-2027764,Escalated
ESC-1764,ALT-010049,ANL-052,Yes,2026-08-29 09:00:00,Tier-2 CSIRT,INC-2027765,Escalated
ESC-1765,ALT-010053,ANL-055,Yes,2026-07-07 04:34:00,Tier-2 CSIRT,INC-2027766,Escalated
ESC-1766,ALT-010068,ANL-046,Yes,2026-08-31 19:20:00,Tier-2 CSIRT,INC-2027767,Escalated
ESC-1767,ALT-010075,ANL-052,Yes,2026-07-08 12:35:00,Tier-2 CSIRT,INC-2027768,Escalated
ESC-1768,ALT-010076,ANL-041,Yes,2026-09-04 12:59:00,Tier-2 CSIRT,INC-2027769,Escalated
ESC-1769,ALT-010090,ANL-046,Yes,2026-07-11 04:46:00,Tier-2 CSIRT,INC-2027770,Escalated
ESC-1770,ALT-010092,ANL-053,Yes,2026-07-12 00:33:00,Tier-2 CSIRT,INC-2027771,Escalated
ESC-1771,ALT-010093,ANL-053,Yes,2026-06-20 21:01:00,Tier-2 CSIRT,INC-2027772,Escalated
ESC-1772,ALT-010095,ANL-055,Yes,2026-08-27 17:46:00,Tier-2 CSIRT,INC-2027773,Escalated
ESC-1773,ALT-010114,ANL-052,Yes,2026-08-03 04:03:00,Tier-2 CSIRT,INC-2027774,Escalated
ESC-1774,ALT-010119,ANL-051,Yes,2026-08-01 03:06:00,Tier-2 CSIRT,INC-2027775,Escalated
ESC-1775,ALT-010127,ANL-041,Yes,2026-07-16 00:17:00,Tier-2 CSIRT,INC-2027776,Escalated
ESC-1776,ALT-010130,ANL-053,Yes,2026-07-27 20:08:00,Tier-2 CSIRT,INC-2027777,Escalated
ESC-1777,ALT-010139,ANL-050,Yes,2026-07-21 09:57:00,Tier-2 CSIRT,INC-2027778,Escalated
ESC-1778,ALT-010151,ANL-045,Yes,2026-06-18 16:49:00,Tier-2 CSIRT,INC-2027779,Escalated
ESC-1779,ALT-010168,ANL-042,Yes,2026-07-25 02:08:00,Tier-2 CSIRT,INC-2027780,Escalated
ESC-1780,ALT-010169,ANL-051,Yes,2026-08-18 12:13:00,Tier-2 CSIRT,INC-2027781,Escalated
ESC-1781,ALT-010176,ANL-051,Yes,2026-08-07 17:02:00,Tier-2 CSIRT,INC-2027782,Escalated
ESC-1782,ALT-010178,ANL-042,Yes,2026-07-07 21:22:00,Tier-2 CSIRT,INC-2027783,Escalated
ESC-1783,ALT-010180,ANL-049,Yes,2026-06-30 10:45:00,Tier-2 CSIRT,INC-2027784,Escalated
ESC-1784,ALT-010201,ANL-045,Yes,2026-08-21 22:53:00,Tier-2 CSIRT,INC-2027785,Escalated
ESC-1785,ALT-010205,ANL-049,Yes,2026-07-27 03:51:00,Tier-2 CSIRT,INC-2027786,Escalated
ESC-1786,ALT-010211,ANL-049,Yes,2026-08-24 18:06:00,Tier-2 CSIRT,INC-2027787,Escalated
ESC-1787,ALT-010212,ANL-054,Yes,2026-08-27 06:47:00,Tier-2 CSIRT,INC-2027788,Escalated
ESC-1788,ALT-010222,ANL-049,Yes,2026-06-24 03:48:00,Tier-2 CSIRT,INC-2027789,Escalated
ESC-1789,ALT-010238,ANL-050,Yes,2026-08-28 03:03:00,Tier-2 CSIRT,INC-2027790,Escalated
ESC-1790,ALT-010249,ANL-048,Yes,2026-08-25 14:08:00,Tier-2 CSIRT,INC-2027791,Escalated
ESC-1791,ALT-010256,ANL-049,Yes,2026-07-12 12:21:00,Tier-2 CSIRT,INC-2027792,Escalated
ESC-1792,ALT-010257,ANL-045,Yes,2026-06-14 23:22:00,Tier-2 CSIRT,INC-2027793,Escalated
ESC-1793,ALT-010270,ANL-052,Yes,2026-07-21 10:45:00,Tier-2 CSIRT,INC-2027794,Escalated
ESC-1794,ALT-010280,ANL-045,Yes,2026-07-10 22:01:00,Tier-2 CSIRT,INC-2027795,Escalated
ESC-1795,ALT-010283,ANL-048,Yes,2026-09-09 09:44:00,Tier-2 CSIRT,INC-2027796,Escalated
ESC-1796,ALT-010287,ANL-052,Yes,2026-07-30 20:26:00,Tier-2 CSIRT,INC-2027797,Escalated
ESC-1797,ALT-010309,ANL-058,Yes,2026-06-18 23:12:00,Tier-2 CSIRT,INC-2027798,Escalated
ESC-1798,ALT-010318,ANL-066,Yes,2026-06-28 06:03:00,Tier-2 CSIRT,INC-2027799,Escalated
ESC-1799,ALT-010320,ANL-069,Yes,2026-07-18 22:53:00,Tier-2 CSIRT,INC-2027800,Escalated
ESC-1800,ALT-010322,ANL-075,Yes,2026-07-17 17:21:00,Tier-2 CSIRT,INC-2027801,Escalated
ESC-1801,ALT-010358,ANL-072,Yes,2026-06-24 22:18:00,Tier-2 CSIRT,INC-2027802,Escalated
ESC-1802,ALT-010392,ANL-058,Yes,2026-07-08 01:11:00,Tier-2 CSIRT,INC-2027803,Escalated
ESC-1803,ALT-010397,ANL-072,Yes,2026-07-09 02:41:00,Tier-2 CSIRT,INC-2027804,Escalated
ESC-1804,ALT-010401,ANL-069,Yes,2026-07-01 15:37:00,Tier-2 CSIRT,INC-2027805,Escalated
ESC-1805,ALT-010413,ANL-069,Yes,2026-07-24 16:40:00,Tier-2 CSIRT,INC-2027806,Escalated
ESC-1806,ALT-010417,ANL-068,Yes,2026-07-31 05:11:00,Tier-2 CSIRT,INC-2027807,Escalated
ESC-1807,ALT-010419,ANL-073,Yes,2026-08-26 09:28:00,Tier-2 CSIRT,INC-2027808,Escalated
ESC-1808,ALT-010420,ANL-071,Yes,2026-07-21 10:55:00,Tier-2 CSIRT,INC-2027809,Escalated
ESC-1809,ALT-010444,ANL-068,Yes,2026-07-17 01:44:00,Tier-2 CSIRT,INC-2027810,Escalated
ESC-1810,ALT-010448,ANL-072,Yes,2026-07-25 15:14:00,Tier-2 CSIRT,INC-2027811,Escalated
ESC-1811,ALT-010450,ANL-062,Yes,2026-08-30 10:35:00,Tier-2 CSIRT,INC-2027812,Escalated
ESC-1812,ALT-010454,ANL-072,Yes,2026-06-17 12:01:00,Tier-2 CSIRT,INC-2027813,Escalated
ESC-1813,ALT-010462,ANL-073,Yes,2026-08-01 10:46:00,Tier-2 CSIRT,INC-2027814,Escalated
ESC-1814,ALT-010463,ANL-064,Yes,2026-09-02 07:03:00,Tier-2 CSIRT,INC-2027815,Escalated
ESC-1815,ALT-010482,ANL-064,Yes,2026-08-27 17:38:00,Tier-2 CSIRT,INC-2027816,Escalated
ESC-1816,ALT-010495,ANL-060,Yes,2026-08-17 01:12:00,Tier-2 CSIRT,INC-2027817,Escalated
ESC-1817,ALT-010506,ANL-074,Yes,2026-07-10 02:58:00,Tier-2 CSIRT,INC-2027818,Escalated
ESC-1818,ALT-010508,ANL-074,Yes,2026-06-16 05:08:00,Tier-2 CSIRT,INC-2027819,Escalated
ESC-1819,ALT-010509,ANL-059,Yes,2026-08-02 01:51:00,Tier-2 CSIRT,INC-2027820,Escalated
ESC-1820,ALT-010513,ANL-063,Yes,2026-08-08 19:25:00,Tier-2 CSIRT,INC-2027821,Escalated
ESC-1821,ALT-010519,ANL-057,Yes,2026-06-13 11:50:00,Tier-2 CSIRT,INC-2027822,Escalated
ESC-1822,ALT-010522,ANL-061,Yes,2026-08-14 10:59:00,Tier-2 CSIRT,INC-2027823,Escalated
ESC-1823,ALT-010550,ANL-063,Yes,2026-09-07 16:48:00,Tier-2 CSIRT,INC-2027824,Escalated
ESC-1824,ALT-010554,ANL-058,Yes,2026-06-24 02:34:00,Tier-2 CSIRT,INC-2027825,Escalated
ESC-1825,ALT-010558,ANL-065,Yes,2026-08-31 00:42:00,Tier-2 CSIRT,INC-2027826,Escalated
ESC-1826,ALT-010577,ANL-065,Yes,2026-06-13 21:14:00,Tier-2 CSIRT,INC-2027827,Escalated
ESC-1827,ALT-010580,ANL-069,Yes,2026-07-28 00:51:00,Tier-2 CSIRT,INC-2027828,Escalated
ESC-1828,ALT-010582,ANL-058,Yes,2026-06-29 14:09:00,Tier-2 CSIRT,INC-2027829,Escalated
ESC-1829,ALT-010588,ANL-074,Yes,2026-08-31 10:10:00,Tier-2 CSIRT,INC-2027830,Escalated
ESC-1830,ALT-010600,ANL-063,Yes,2026-09-07 22:53:00,Tier-2 CSIRT,INC-2027831,Escalated
ESC-1831,ALT-010618,ANL-059,Yes,2026-08-21 05:08:00,Tier-2 CSIRT,INC-2027832,Escalated
ESC-1832,ALT-010634,ANL-067,Yes,2026-07-11 05:07:00,Tier-2 CSIRT,INC-2027833,Escalated
ESC-1833,ALT-010636,ANL-059,Yes,2026-06-15 09:48:00,Tier-2 CSIRT,INC-2027834,Escalated
ESC-1834,ALT-010666,ANL-062,Yes,2026-07-06 21:20:00,Tier-2 CSIRT,INC-2027835,Escalated
ESC-1835,ALT-010670,ANL-066,Yes,2026-07-06 03:57:00,Tier-2 CSIRT,INC-2027836,Escalated
ESC-1836,ALT-010673,ANL-068,Yes,2026-09-01 18:03:00,Tier-2 CSIRT,INC-2027837,Escalated
ESC-1837,ALT-010688,ANL-069,Yes,2026-07-03 14:30:00,Tier-2 CSIRT,INC-2027838,Escalated
ESC-1838,ALT-010691,ANL-060,Yes,2026-08-26 19:22:00,Tier-2 CSIRT,INC-2027839,Escalated
ESC-1839,ALT-010692,ANL-061,Yes,2026-08-09 03:10:00,Tier-2 CSIRT,INC-2027840,Escalated
ESC-1840,ALT-010696,ANL-059,Yes,2026-06-30 13:22:00,Tier-2 CSIRT,INC-2027841,Escalated
ESC-1841,ALT-010700,ANL-062,Yes,2026-07-23 20:12:00,Tier-2 CSIRT,INC-2027842,Escalated
ESC-1842,ALT-010705,ANL-067,Yes,2026-08-18 11:01:00,Tier-2 CSIRT,INC-2027843,Escalated
ESC-1843,ALT-010710,ANL-065,Yes,2026-07-19 23:32:00,Tier-2 CSIRT,INC-2027844,Escalated
ESC-1844,ALT-010716,ANL-058,Yes,2026-07-24 18:11:00,Tier-2 CSIRT,INC-2027845,Escalated
ESC-1845,ALT-010742,ANL-062,Yes,2026-07-08 00:04:00,Tier-2 CSIRT,INC-2027846,Escalated
ESC-1846,ALT-010746,ANL-072,Yes,2026-07-29 17:20:00,Tier-2 CSIRT,INC-2027847,Escalated
ESC-1847,ALT-010774,ANL-060,Yes,2026-08-20 18:52:00,Tier-2 CSIRT,INC-2027848,Escalated
ESC-1848,ALT-010777,ANL-073,Yes,2026-07-20 23:26:00,Tier-2 CSIRT,INC-2027849,Escalated
ESC-1849,ALT-010786,ANL-056,Yes,2026-07-31 02:54:00,Tier-2 CSIRT,INC-2027850,Escalated
ESC-1850,ALT-010794,ANL-068,Yes,2026-08-13 04:55:00,Tier-2 CSIRT,INC-2027851,Escalated
ESC-1851,ALT-010800,ANL-069,Yes,2026-08-31 21:45:00,Tier-2 CSIRT,INC-2027852,Escalated
ESC-1852,ALT-010813,ANL-072,Yes,2026-09-05 02:07:00,Tier-2 CSIRT,INC-2027853,Escalated
ESC-1853,ALT-010816,ANL-071,Yes,2026-07-23 02:57:00,Tier-2 CSIRT,INC-2027854,Escalated
ESC-1854,ALT-010826,ANL-074,Yes,2026-09-04 19:37:00,Tier-2 CSIRT,INC-2027855,Escalated
ESC-1855,ALT-010828,ANL-058,Yes,2026-07-25 00:26:00,Tier-2 CSIRT,INC-2027856,Escalated
ESC-1856,ALT-010837,ANL-065,Yes,2026-06-14 03:58:00,Tier-2 CSIRT,INC-2027857,Escalated
ESC-1857,ALT-010838,ANL-061,Yes,2026-08-03 23:08:00,Tier-2 CSIRT,INC-2027858,Escalated
ESC-1858,ALT-010844,ANL-070,Yes,2026-09-01 19:41:00,Tier-2 CSIRT,INC-2027859,Escalated
ESC-1859,ALT-010846,ANL-065,Yes,2026-06-15 14:37:00,Tier-2 CSIRT,INC-2027860,Escalated
ESC-1860,ALT-010847,ANL-065,Yes,2026-09-02 15:10:00,Tier-2 CSIRT,INC-2027861,Escalated
ESC-1861,ALT-010854,ANL-058,Yes,2026-07-06 16:20:00,Tier-2 CSIRT,INC-2027862,Escalated
ESC-1862,ALT-010858,ANL-059,Yes,2026-06-20 14:11:00,Tier-2 CSIRT,INC-2027863,Escalated
ESC-1863,ALT-010859,ANL-075,Yes,2026-08-04 17:24:00,Tier-2 CSIRT,INC-2027864,Escalated
ESC-1864,ALT-010861,ANL-059,Yes,2026-07-04 14:32:00,Tier-2 CSIRT,INC-2027865,Escalated
ESC-1865,ALT-010863,ANL-073,Yes,2026-07-15 23:37:00,Tier-2 CSIRT,INC-2027866,Escalated
ESC-1866,ALT-010866,ANL-060,Yes,2026-08-14 12:09:00,Tier-2 CSIRT,INC-2027867,Escalated
ESC-1867,ALT-010875,ANL-075,Yes,2026-08-09 09:41:00,Tier-2 CSIRT,INC-2027868,Escalated
ESC-1868,ALT-010876,ANL-072,Yes,2026-07-29 21:00:00,Tier-2 CSIRT,INC-2027869,Escalated
ESC-1869,ALT-010910,ANL-062,Yes,2026-09-07 19:26:00,Tier-2 CSIRT,INC-2027870,Escalated
ESC-1870,ALT-010912,ANL-057,Yes,2026-07-13 11:56:00,Tier-2 CSIRT,INC-2027871,Escalated
ESC-1871,ALT-010931,ANL-067,Yes,2026-07-24 20:07:00,Tier-2 CSIRT,INC-2027872,Escalated
ESC-1872,ALT-010951,ANL-057,Yes,2026-08-28 18:27:00,Tier-2 CSIRT,INC-2027873,Escalated
ESC-1873,ALT-010960,ANL-063,Yes,2026-06-27 17:01:00,Tier-2 CSIRT,INC-2027874,Escalated
ESC-1874,ALT-010976,ANL-073,Yes,2026-06-27 15:27:00,Tier-2 CSIRT,INC-2027875,Escalated
ESC-1875,ALT-010979,ANL-056,Yes,2026-08-17 09:55:00,Tier-2 CSIRT,INC-2027876,Escalated
ESC-1876,ALT-010991,ANL-062,Yes,2026-09-02 07:36:00,Tier-2 CSIRT,INC-2027877,Escalated
ESC-1877,ALT-011009,ANL-059,Yes,2026-07-29 06:13:00,Tier-2 CSIRT,INC-2027878,Escalated
ESC-1878,ALT-011015,ANL-066,Yes,2026-07-13 00:11:00,Tier-2 CSIRT,INC-2027879,Escalated
ESC-1879,ALT-011035,ANL-075,Yes,2026-07-31 09:05:00,Tier-2 CSIRT,INC-2027880,Escalated
ESC-1880,ALT-011036,ANL-066,Yes,2026-06-29 06:43:00,Tier-2 CSIRT,INC-2027881,Escalated
ESC-1881,ALT-011052,ANL-073,Yes,2026-06-26 09:24:00,Tier-2 CSIRT,INC-2027882,Escalated
ESC-1882,ALT-011054,ANL-064,Yes,2026-08-07 10:58:00,Tier-2 CSIRT,INC-2027883,Escalated
ESC-1883,ALT-011078,ANL-060,Yes,2026-09-09 08:12:00,Tier-2 CSIRT,INC-2027884,Escalated
ESC-1884,ALT-011080,ANL-064,Yes,2026-07-06 00:00:00,Tier-2 CSIRT,INC-2027885,Escalated
ESC-1885,ALT-011097,ANL-067,Yes,2026-07-25 12:24:00,Tier-2 CSIRT,INC-2027886,Escalated
ESC-1886,ALT-011100,ANL-065,Yes,2026-07-04 21:56:00,Tier-2 CSIRT,INC-2027887,Escalated
ESC-1887,ALT-011103,ANL-071,Yes,2026-06-28 12:39:00,Tier-2 CSIRT,INC-2027888,Escalated
ESC-1888,ALT-011108,ANL-059,Yes,2026-08-11 19:21:00,Tier-2 CSIRT,INC-2027889,Escalated
ESC-1889,ALT-011112,ANL-061,Yes,2026-08-07 16:50:00,Tier-2 CSIRT,INC-2027890,Escalated
ESC-1890,ALT-011128,ANL-064,Yes,2026-08-20 19:58:00,Tier-2 CSIRT,INC-2027891,Escalated
ESC-1891,ALT-011142,ANL-065,Yes,2026-08-01 18:21:00,Tier-2 CSIRT,INC-2027892,Escalated
ESC-1892,ALT-011153,ANL-060,Yes,2026-08-08 15:24:00,Tier-2 CSIRT,INC-2027893,Escalated
ESC-1893,ALT-011158,ANL-069,Yes,2026-08-22 06:55:00,Tier-2 CSIRT,INC-2027894,Escalated
ESC-1894,ALT-011161,ANL-070,Yes,2026-08-15 13:09:00,Tier-2 CSIRT,INC-2027895,Escalated
ESC-1895,ALT-011165,ANL-060,Yes,2026-08-17 15:01:00,Tier-2 CSIRT,INC-2027896,Escalated
ESC-1896,ALT-011172,ANL-063,Yes,2026-06-25 20:48:00,Tier-2 CSIRT,INC-2027897,Escalated
ESC-1897,ALT-011176,ANL-070,Yes,2026-07-02 08:45:00,Tier-2 CSIRT,INC-2027898,Escalated
ESC-1898,ALT-011178,ANL-059,Yes,2026-08-24 17:20:00,Tier-2 CSIRT,INC-2027899,Escalated
ESC-1899,ALT-011182,ANL-070,Yes,2026-09-07 19:13:00,Tier-2 CSIRT,INC-2027900,Escalated
ESC-1900,ALT-011183,ANL-072,Yes,2026-08-16 23:39:00,Tier-2 CSIRT,INC-2027901,Escalated
ESC-1901,ALT-011201,ANL-059,Yes,2026-06-21 15:32:00,Tier-2 CSIRT,INC-2027902,Escalated
ESC-1902,ALT-011220,ANL-075,Yes,2026-06-21 19:25:00,Tier-2 CSIRT,INC-2027903,Escalated
ESC-1903,ALT-011229,ANL-069,Yes,2026-08-12 17:02:00,Tier-2 CSIRT,INC-2027904,Escalated
ESC-1904,ALT-011234,ANL-058,Yes,2026-06-25 16:37:00,Tier-2 CSIRT,INC-2027905,Escalated
ESC-1905,ALT-011245,ANL-061,Yes,2026-08-30 02:46:00,Tier-2 CSIRT,INC-2027906,Escalated
ESC-1906,ALT-011248,ANL-073,Yes,2026-08-09 11:28:00,Tier-2 CSIRT,INC-2027907,Escalated
ESC-1907,ALT-011254,ANL-073,Yes,2026-07-24 01:18:00,Tier-2 CSIRT,INC-2027908,Escalated
ESC-1908,ALT-011255,ANL-062,Yes,2026-06-23 00:27:00,Tier-2 CSIRT,INC-2027909,Escalated
ESC-1909,ALT-011258,ANL-063,Yes,2026-07-03 03:30:00,Tier-2 CSIRT,INC-2027910,Escalated
ESC-1910,ALT-011260,ANL-068,Yes,2026-08-25 17:17:00,Tier-2 CSIRT,INC-2027911,Escalated
ESC-1911,ALT-011261,ANL-057,Yes,2026-06-14 17:27:00,Tier-2 CSIRT,INC-2027912,Escalated
ESC-1912,ALT-011269,ANL-072,Yes,2026-09-08 23:48:00,Tier-2 CSIRT,INC-2027913,Escalated
ESC-1913,ALT-011277,ANL-067,Yes,2026-07-17 11:42:00,Tier-2 CSIRT,INC-2027914,Escalated
ESC-1914,ALT-011282,ANL-061,Yes,2026-06-18 02:36:00,Tier-2 CSIRT,INC-2027915,Escalated
ESC-1915,ALT-011288,ANL-061,Yes,2026-07-16 19:41:00,Tier-2 CSIRT,INC-2027916,Escalated
ESC-1916,ALT-011291,ANL-057,Yes,2026-07-11 21:41:00,Tier-2 CSIRT,INC-2027917,Escalated
ESC-1917,ALT-011304,ANL-069,Yes,2026-07-04 23:52:00,Tier-2 CSIRT,INC-2027918,Escalated
ESC-1918,ALT-011308,ANL-069,Yes,2026-08-13 12:46:00,Tier-2 CSIRT,INC-2027919,Escalated
ESC-1919,ALT-011310,ANL-067,Yes,2026-08-27 18:53:00,Tier-2 CSIRT,INC-2027920,Escalated
ESC-1920,ALT-011316,ANL-060,Yes,2026-06-12 17:24:00,Tier-2 CSIRT,INC-2027921,Escalated
ESC-1921,ALT-011323,ANL-074,Yes,2026-08-11 07:02:00,Tier-2 CSIRT,INC-2027922,Escalated
ESC-1922,ALT-011324,ANL-063,Yes,2026-08-15 10:37:00,Tier-2 CSIRT,INC-2027923,Escalated
ESC-1923,ALT-011333,ANL-069,Yes,2026-07-07 18:42:00,Tier-2 CSIRT,INC-2027924,Escalated
ESC-1924,ALT-011338,ANL-061,Yes,2026-06-18 21:50:00,Tier-2 CSIRT,INC-2027925,Escalated
ESC-1925,ALT-011347,ANL-062,Yes,2026-08-15 00:11:00,Tier-2 CSIRT,INC-2027926,Escalated
ESC-1926,ALT-011349,ANL-072,Yes,2026-07-27 03:20:00,Tier-2 CSIRT,INC-2027927,Escalated
ESC-1927,ALT-011363,ANL-075,Yes,2026-08-25 21:54:00,Tier-2 CSIRT,INC-2027928,Escalated
ESC-1928,ALT-011396,ANL-070,Yes,2026-06-16 14:16:00,Tier-2 CSIRT,INC-2027929,Escalated
ESC-1929,ALT-011423,ANL-060,Yes,2026-08-28 10:29:00,Tier-2 CSIRT,INC-2027930,Escalated
ESC-1930,ALT-011426,ANL-062,Yes,2026-07-31 08:31:00,Tier-2 CSIRT,INC-2027931,Escalated
ESC-1931,ALT-011432,ANL-069,Yes,2026-08-26 08:31:00,Tier-2 CSIRT,INC-2027932,Escalated
ESC-1932,ALT-011444,ANL-070,Yes,2026-08-19 07:14:00,Tier-2 CSIRT,INC-2027933,Escalated
ESC-1933,ALT-011445,ANL-074,Yes,2026-07-30 14:47:00,Tier-2 CSIRT,INC-2027934,Escalated
ESC-1934,ALT-011456,ANL-061,Yes,2026-06-19 01:34:00,Tier-2 CSIRT,INC-2027935,Escalated
ESC-1935,ALT-011464,ANL-071,Yes,2026-07-01 11:56:00,Tier-2 CSIRT,INC-2027936,Escalated
ESC-1936,ALT-011470,ANL-066,Yes,2026-08-31 17:05:00,Tier-2 CSIRT,INC-2027937,Escalated
ESC-1937,ALT-011482,ANL-059,Yes,2026-08-01 10:01:00,Tier-2 CSIRT,INC-2027938,Escalated
ESC-1938,ALT-011483,ANL-068,Yes,2026-08-17 22:01:00,Tier-2 CSIRT,INC-2027939,Escalated
ESC-1939,ALT-011491,ANL-072,Yes,2026-06-23 00:36:00,Tier-2 CSIRT,INC-2027940,Escalated
ESC-1940,ALT-011495,ANL-067,Yes,2026-08-23 01:50:00,Tier-2 CSIRT,INC-2027941,Escalated
ESC-1941,ALT-011509,ANL-067,Yes,2026-06-13 20:46:00,Tier-2 CSIRT,INC-2027942,Escalated
ESC-1942,ALT-011514,ANL-058,Yes,2026-08-05 07:58:00,Tier-2 CSIRT,INC-2027943,Escalated
ESC-1943,ALT-011543,ANL-058,Yes,2026-06-14 23:39:00,Tier-2 CSIRT,INC-2027944,Escalated
ESC-1944,ALT-011555,ANL-066,Yes,2026-08-13 20:18:00,Tier-2 CSIRT,INC-2027945,Escalated
ESC-1945,ALT-011573,ANL-066,Yes,2026-08-06 11:14:00,Tier-2 CSIRT,INC-2027946,Escalated
ESC-1946,ALT-011578,ANL-058,Yes,2026-08-23 21:30:00,Tier-2 CSIRT,INC-2027947,Escalated
ESC-1947,ALT-011586,ANL-058,Yes,2026-07-18 01:04:00,Tier-2 CSIRT,INC-2027948,Escalated
ESC-1948,ALT-011591,ANL-062,Yes,2026-07-07 07:53:00,Tier-2 CSIRT,INC-2027949,Escalated
ESC-1949,ALT-011604,ANL-073,Yes,2026-07-30 23:48:00,Tier-2 CSIRT,INC-2027950,Escalated
ESC-1950,ALT-011606,ANL-068,Yes,2026-07-19 12:21:00,Tier-2 CSIRT,INC-2027951,Escalated
ESC-1951,ALT-011610,ANL-065,Yes,2026-07-31 02:03:00,Tier-2 CSIRT,INC-2027952,Escalated
ESC-1952,ALT-011613,ANL-068,Yes,2026-08-24 07:41:00,Tier-2 CSIRT,INC-2027953,Escalated
ESC-1953,ALT-011614,ANL-059,Yes,2026-07-04 02:28:00,Tier-2 CSIRT,INC-2027954,Escalated
ESC-1954,ALT-011615,ANL-059,Yes,2026-08-28 16:09:00,Tier-2 CSIRT,INC-2027955,Escalated
ESC-1955,ALT-011636,ANL-073,Yes,2026-07-28 08:51:00,Tier-2 CSIRT,INC-2027956,Escalated
ESC-1956,ALT-011649,ANL-059,Yes,2026-06-12 18:51:00,Tier-2 CSIRT,INC-2027957,Escalated
ESC-1957,ALT-011654,ANL-063,Yes,2026-09-01 02:25:00,Tier-2 CSIRT,INC-2027958,Escalated
ESC-1958,ALT-011665,ANL-060,Yes,2026-06-12 13:29:00,Tier-2 CSIRT,INC-2027959,Escalated
ESC-1959,ALT-011673,ANL-075,Yes,2026-07-07 09:06:00,Tier-2 CSIRT,INC-2027960,Escalated
ESC-1960,ALT-011681,ANL-072,Yes,2026-08-06 11:32:00,Tier-2 CSIRT,INC-2027961,Escalated
ESC-1961,ALT-011702,ANL-069,Yes,2026-08-25 13:35:00,Tier-2 CSIRT,INC-2027962,Escalated
ESC-1962,ALT-011708,ANL-058,Yes,2026-07-12 17:45:00,Tier-2 CSIRT,INC-2027963,Escalated
ESC-1963,ALT-011724,ANL-057,Yes,2026-08-25 14:12:00,Tier-2 CSIRT,INC-2027964,Escalated
ESC-1964,ALT-011739,ANL-072,Yes,2026-07-07 21:09:00,Tier-2 CSIRT,INC-2027965,Escalated
ESC-1965,ALT-011758,ANL-062,Yes,2026-06-19 11:53:00,Tier-2 CSIRT,INC-2027966,Escalated
ESC-1966,ALT-011759,ANL-069,Yes,2026-06-28 07:20:00,Tier-2 CSIRT,INC-2027967,Escalated
ESC-1967,ALT-011761,ANL-075,Yes,2026-07-24 15:25:00,Tier-2 CSIRT,INC-2027968,Escalated
ESC-1968,ALT-011767,ANL-068,Yes,2026-07-07 23:56:00,Tier-2 CSIRT,INC-2027969,Escalated
ESC-1969,ALT-011769,ANL-056,Yes,2026-07-18 23:24:00,Tier-2 CSIRT,INC-2027970,Escalated
ESC-1970,ALT-011777,ANL-063,Yes,2026-06-16 11:35:00,Tier-2 CSIRT,INC-2027971,Escalated
ESC-1971,ALT-011786,ANL-068,Yes,2026-06-22 20:33:00,Tier-2 CSIRT,INC-2027972,Escalated
ESC-1972,ALT-011791,ANL-066,Yes,2026-08-21 03:27:00,Tier-2 CSIRT,INC-2027973,Escalated
ESC-1973,ALT-011795,ANL-063,Yes,2026-08-19 10:12:00,Tier-2 CSIRT,INC-2027974,Escalated
ESC-1974,ALT-011798,ANL-059,Yes,2026-08-17 15:40:00,Tier-2 CSIRT,INC-2027975,Escalated
ESC-1975,ALT-011810,ANL-058,Yes,2026-07-17 01:26:00,Tier-2 CSIRT,INC-2027976,Escalated
ESC-1976,ALT-011815,ANL-066,Yes,2026-07-22 21:09:00,Tier-2 CSIRT,INC-2027977,Escalated
ESC-1977,ALT-011819,ANL-062,Yes,2026-06-27 00:44:00,Tier-2 CSIRT,INC-2027978,Escalated
ESC-1978,ALT-011829,ANL-075,Yes,2026-07-13 05:27:00,Tier-2 CSIRT,INC-2027979,Escalated
ESC-1979,ALT-011832,ANL-063,Yes,2026-08-30 01:01:00,Tier-2 CSIRT,INC-2027980,Escalated
ESC-1980,ALT-011833,ANL-067,Yes,2026-07-13 16:33:00,Tier-2 CSIRT,INC-2027981,Escalated
ESC-1981,ALT-011840,ANL-058,Yes,2026-08-28 22:42:00,Tier-2 CSIRT,INC-2027982,Escalated
ESC-1982,ALT-011851,ANL-067,Yes,2026-07-23 10:56:00,Tier-2 CSIRT,INC-2027983,Escalated
ESC-1983,ALT-011854,ANL-056,Yes,2026-07-16 09:45:00,Tier-2 CSIRT,INC-2027984,Escalated
ESC-1984,ALT-011869,ANL-066,Yes,2026-07-30 07:50:00,Tier-2 CSIRT,INC-2027985,Escalated
ESC-1985,ALT-011872,ANL-068,Yes,2026-08-08 11:25:00,Tier-2 CSIRT,INC-2027986,Escalated
ESC-1986,ALT-011877,ANL-067,Yes,2026-06-27 10:28:00,Tier-2 CSIRT,INC-2027987,Escalated
ESC-1987,ALT-011880,ANL-065,Yes,2026-07-26 10:57:00,Tier-2 CSIRT,INC-2027988,Escalated
ESC-1988,ALT-011888,ANL-072,Yes,2026-09-04 07:10:00,Tier-2 CSIRT,INC-2027989,Escalated
ESC-1989,ALT-011894,ANL-059,Yes,2026-06-27 09:29:00,Tier-2 CSIRT,INC-2027990,Escalated
ESC-1990,ALT-011915,ANL-070,Yes,2026-08-13 17:54:00,Tier-2 CSIRT,INC-2027991,Escalated
ESC-1991,ALT-011918,ANL-061,Yes,2026-08-05 03:52:00,Tier-2 CSIRT,INC-2027992,Escalated
ESC-1992,ALT-011925,ANL-065,Yes,2026-07-25 01:44:00,Tier-2 CSIRT,INC-2027993,Escalated
ESC-1993,ALT-011930,ANL-071,Yes,2026-06-24 09:16:00,Tier-2 CSIRT,INC-2027994,Escalated
ESC-1994,ALT-011931,ANL-060,Yes,2026-07-03 10:02:00,Tier-2 CSIRT,INC-2027995,Escalated
ESC-1995,ALT-011941,ANL-058,Yes,2026-09-08 16:41:00,Tier-2 CSIRT,INC-2027996,Escalated
ESC-1996,ALT-011959,ANL-056,Yes,2026-07-03 00:59:00,Tier-2 CSIRT,INC-2027997,Escalated
ESC-1997,ALT-011960,ANL-068,Yes,2026-07-28 08:36:00,Tier-2 CSIRT,INC-2027998,Escalated
ESC-1998,ALT-011961,ANL-072,Yes,2026-08-24 01:56:00,Tier-2 CSIRT,INC-2027999,Escalated
ESC-1999,ALT-011969,ANL-057,Yes,2026-06-18 16:25:00,Tier-2 CSIRT,INC-2028000,Escalated
ESC-2000,ALT-011979,ANL-056,Yes,2026-06-29 16:34:00,Tier-2 CSIRT,INC-2028001,Escalated
